participant.id_in_session,participant.code,participant.label,participant._is_bot,participant._index_in_pages,participant._max_page_index,participant._current_app_name,participant._current_page_name,participant.time_started_utc,participant.visited,participant.mturk_worker_id,participant.mturk_assignment_id,participant.payoff,player.id_in_group,player.role,player.payoff,player.movie_political_vibe,player.average_movie_vibe,group.id_in_subsession,subsession.round_number,session.code,session.label,session.mturk_HITId,session.mturk_HITGroupId,session.comment,session.is_demo
1,drf0rgcy,,0,54,53,post_experimental,FinalForProlific,2026-02-15 17:22:07.459052,1,,,0.0,1,,0.0,4,5,1,1,xw98qnqc,,,,,1
1,drf0rgcy,,0,54,53,post_experimental,FinalForProlific,2026-02-15 17:22:07.459052,1,,,0.0,1,,0.0,3,4,1,2,xw98qnqc,,,,,1
1,drf0rgcy,,0,54,53,post_experimental,FinalForProlific,2026-02-15 17:22:07.459052,1,,,0.0,1,,0.0,2,3,1,3,xw98qnqc,,,,,1
1,drf0rgcy,,0,54,53,post_experimental,FinalForProlific,2026-02-15 17:22:07.459052,1,,,0.0,1,,0.0,3,4,1,4,xw98qnqc,,,,,1
1,drf0rgcy,,0,54,53,post_experimental,FinalForProlific,2026-02-15 17:22:07.459052,1,,,0.0,1,,0.0,5,5,1,5,xw98qnqc,,,,,1
1,drf0rgcy,,0,54,53,post_experimental,FinalForProlific,2026-02-15 17:22:07.459052,1,,,0.0,1,,0.0,2,2,1,6,xw98qnqc,,,,,1
1,drf0rgcy,,0,54,53,post_experimental,FinalForProlific,2026-02-15 17:22:07.459052,1,,,0.0,1,,0.0,2,3,1,7,xw98qnqc,,,,,1
1,drf0rgcy,,0,54,53,post_experimental,FinalForProlific,2026-02-15 17:22:07.459052,1,,,0.0,1,,0.0,3,4,1,8,xw98qnqc,,,,,1
1,drf0rgcy,,0,54,53,post_experimental,FinalForProlific,2026-02-15 17:22:07.459052,1,,,0.0,1,,0.0,4,4,1,9,xw98qnqc,,,,,1
1,drf0rgcy,,0,54,53,post_experimental,FinalForProlific,2026-02-15 17:22:07.459052,1,,,0.0,1,,0.0,5,5,1,10,xw98qnqc,,,,,1
1,drf0rgcy,,0,54,53,post_experimental,FinalForProlific,2026-02-15 17:22:07.459052,1,,,0.0,1,,0.0,3,5,1,11,xw98qnqc,,,,,1
1,drf0rgcy,,0,54,53,post_experimental,FinalForProlific,2026-02-15 17:22:07.459052,1,,,0.0,1,,0.0,2,3,1,12,xw98qnqc,,,,,1
1,drf0rgcy,,0,54,53,post_experimental,FinalForProlific,2026-02-15 17:22:07.459052,1,,,0.0,1,,0.0,4,2,1,13,xw98qnqc,,,,,1
1,drf0rgcy,,0,54,53,post_experimental,FinalForProlific,2026-02-15 17:22:07.459052,1,,,0.0,1,,0.0,4,5,1,14,xw98qnqc,,,,,1
1,drf0rgcy,,0,54,53,post_experimental,FinalForProlific,2026-02-15 17:22:07.459052,1,,,0.0,1,,0.0,3,3,1,15,xw98qnqc,,,,,1
1,drf0rgcy,,0,54,53,post_experimental,FinalForProlific,2026-02-15 17:22:07.459052,1,,,0.0,1,,0.0,3,3,1,16,xw98qnqc,,,,,1
2,ff1a8ye8,,0,54,53,post_experimental,FinalForProlific,2026-02-15 17:36:10.459052,1,,,0.0,1,,0.0,2,4,1,1,xw98qnqc,,,,,1
2,ff1a8ye8,,0,54,53,post_experimental,FinalForProlific,2026-02-15 17:36:10.459052,1,,,0.0,1,,0.0,2,4,1,2,xw98qnqc,,,,,1
2,ff1a8ye8,,0,54,53,post_experimental,FinalForProlific,2026-02-15 17:36:10.459052,1,,,0.0,1,,0.0,2,2,1,3,xw98qnqc,,,,,1
2,ff1a8ye8,,0,54,53,post_experimental,FinalForProlific,2026-02-15 17:36:10.459052,1,,,0.0,1,,0.0,2,3,1,4,xw98qnqc,,,,,1
2,ff1a8ye8,,0,54,53,post_experimental,FinalForProlific,2026-02-15 17:36:10.459052,1,,,0.0,1,,0.0,4,5,1,5,xw98qnqc,,,,,1
2,ff1a8ye8,,0,54,53,post_experimental,FinalForProlific,2026-02-15 17:36:10.459052,1,,,0.0,1,,0.0,2,3,1,6,xw98qnqc,,,,,1
2,ff1a8ye8,,0,54,53,post_experimental,FinalForProlific,2026-02-15 17:36:10.459052,1,,,0.0,1,,0.0,1,2,1,7,xw98qnqc,,,,,1
2,ff1a8ye8,,0,54,53,post_experimental,FinalForProlific,2026-02-15 17:36:10.459052,1,,,0.0,1,,0.0,1,3,1,8,xw98qnqc,,,,,1
2,ff1a8ye8,,0,54,53,post_experimental,FinalForProlific,2026-02-15 17:36:10.459052,1,,,0.0,1,,0.0,3,5,1,9,xw98qnqc,,,,,1
2,ff1a8ye8,,0,54,53,post_experimental,FinalForProlific,2026-02-15 17:36:10.459052,1,,,0.0,1,,0.0,3,5,1,10,xw98qnqc,,,,,1
2,ff1a8ye8,,0,54,53,post_experimental,FinalForProlific,2026-02-15 17:36:10.459052,1,,,0.0,1,,0.0,3,2,1,11,xw98qnqc,,,,,1
2,ff1a8ye8,,0,54,53,post_experimental,FinalForProlific,2026-02-15 17:36:10.459052,1,,,0.0,1,,0.0,1,3,1,12,xw98qnqc,,,,,1
2,ff1a8ye8,,0,54,53,post_experimental,FinalForProlific,2026-02-15 17:36:10.459052,1,,,0.0,1,,0.0,2,3,1,13,xw98qnqc,,,,,1
2,ff1a8ye8,,0,54,53,post_experimental,FinalForProlific,2026-02-15 17:36:10.459052,1,,,0.0,1,,0.0,3,5,1,14,xw98qnqc,,,,,1
2,ff1a8ye8,,0,54,53,post_experimental,FinalForProlific,2026-02-15 17:36:10.459052,1,,,0.0,1,,0.0,2,4,1,15,xw98qnqc,,,,,1
2,ff1a8ye8,,0,54,53,post_experimental,FinalForProlific,2026-02-15 17:36:10.459052,1,,,0.0,1,,0.0,1,2,1,16,xw98qnqc,,,,,1
3,a5vhdx3x,,0,54,53,post_experimental,FinalForProlific,2026-02-15 17:29:54.459052,1,,,0.0,1,,0.0,4,5,1,1,xw98qnqc,,,,,1
3,a5vhdx3x,,0,54,53,post_experimental,FinalForProlific,2026-02-15 17:29:54.459052,1,,,0.0,1,,0.0,5,4,1,2,xw98qnqc,,,,,1
3,a5vhdx3x,,0,54,53,post_experimental,FinalForProlific,2026-02-15 17:29:54.459052,1,,,0.0,1,,0.0,5,4,1,3,xw98qnqc,,,,,1
3,a5vhdx3x,,0,54,53,post_experimental,FinalForProlific,2026-02-15 17:29:54.459052,1,,,0.0,1,,0.0,6,5,1,4,xw98qnqc,,,,,1
3,a5vhdx3x,,0,54,53,post_experimental,FinalForProlific,2026-02-15 17:29:54.459052,1,,,0.0,1,,0.0,6,4,1,5,xw98qnqc,,,,,1
3,a5vhdx3x,,0,54,53,post_experimental,FinalForProlific,2026-02-15 17:29:54.459052,1,,,0.0,1,,0.0,4,3,1,6,xw98qnqc,,,,,1
3,a5vhdx3x,,0,54,53,post_experimental,FinalForProlific,2026-02-15 17:29:54.459052,1,,,0.0,1,,0.0,2,3,1,7,xw98qnqc,,,,,1
3,a5vhdx3x,,0,54,53,post_experimental,FinalForProlific,2026-02-15 17:29:54.459052,1,,,0.0,1,,0.0,6,4,1,8,xw98qnqc,,,,,1
3,a5vhdx3x,,0,54,53,post_experimental,FinalForProlific,2026-02-15 17:29:54.459052,1,,,0.0,1,,0.0,7,6,1,9,xw98qnqc,,,,,1
3,a5vhdx3x,,0,54,53,post_experimental,FinalForProlific,2026-02-15 17:29:54.459052,1,,,0.0,1,,0.0,5,4,1,10,xw98qnqc,,,,,1
3,a5vhdx3x,,0,54,53,post_experimental,FinalForProlific,2026-02-15 17:29:54.459052,1,,,0.0,1,,0.0,3,2,1,11,xw98qnqc,,,,,1
3,a5vhdx3x,,0,54,53,post_experimental,FinalForProlific,2026-02-15 17:29:54.459052,1,,,0.0,1,,0.0,5,5,1,12,xw98qnqc,,,,,1
3,a5vhdx3x,,0,54,53,post_experimental,FinalForProlific,2026-02-15 17:29:54.459052,1,,,0.0,1,,0.0,5,4,1,13,xw98qnqc,,,,,1
3,a5vhdx3x,,0,54,53,post_experimental,FinalForProlific,2026-02-15 17:29:54.459052,1,,,0.0,1,,0.0,3,3,1,14,xw98qnqc,,,,,1
3,a5vhdx3x,,0,54,53,post_experimental,FinalForProlific,2026-02-15 17:29:54.459052,1,,,0.0,1,,0.0,6,5,1,15,xw98qnqc,,,,,1
3,a5vhdx3x,,0,54,53,post_experimental,FinalForProlific,2026-02-15 17:29:54.459052,1,,,0.0,1,,0.0,4,6,1,16,xw98qnqc,,,,,1
4,ez02hd11,,0,54,53,post_experimental,FinalForProlific,2026-02-15 17:29:13.459052,1,,,0.0,1,,0.0,5,5,1,1,xw98qnqc,,,,,1
4,ez02hd11,,0,54,53,post_experimental,FinalForProlific,2026-02-15 17:29:13.459052,1,,,0.0,1,,0.0,3,4,1,2,xw98qnqc,,,,,1
4,ez02hd11,,0,54,53,post_experimental,FinalForProlific,2026-02-15 17:29:13.459052,1,,,0.0,1,,0.0,5,5,1,3,xw98qnqc,,,,,1
4,ez02hd11,,0,54,53,post_experimental,FinalForProlific,2026-02-15 17:29:13.459052,1,,,0.0,1,,0.0,5,6,1,4,xw98qnqc,,,,,1
4,ez02hd11,,0,54,53,post_experimental,FinalForProlific,2026-02-15 17:29:13.459052,1,,,0.0,1,,0.0,4,3,1,5,xw98qnqc,,,,,1
4,ez02hd11,,0,54,53,post_experimental,FinalForProlific,2026-02-15 17:29:13.459052,1,,,0.0,1,,0.0,3,4,1,6,xw98qnqc,,,,,1
4,ez02hd11,,0,54,53,post_experimental,FinalForProlific,2026-02-15 17:29:13.459052,1,,,0.0,1,,0.0,3,3,1,7,xw98qnqc,,,,,1
4,ez02hd11,,0,54,53,post_experimental,FinalForProlific,2026-02-15 17:29:13.459052,1,,,0.0,1,,0.0,6,5,1,8,xw98qnqc,,,,,1
4,ez02hd11,,0,54,53,post_experimental,FinalForProlific,2026-02-15 17:29:13.459052,1,,,0.0,1,,0.0,5,3,1,9,xw98qnqc,,,,,1
4,ez02hd11,,0,54,53,post_experimental,FinalForProlific,2026-02-15 17:29:13.459052,1,,,0.0,1,,0.0,5,3,1,10,xw98qnqc,,,,,1
4,ez02hd11,,0,54,53,post_experimental,FinalForProlific,2026-02-15 17:29:13.459052,1,,,0.0,1,,0.0,5,5,1,11,xw98qnqc,,,,,1
4,ez02hd11,,0,54,53,post_experimental,FinalForProlific,2026-02-15 17:29:13.459052,1,,,0.0,1,,0.0,6,6,1,12,xw98qnqc,,,,,1
4,ez02hd11,,0,54,53,post_experimental,FinalForProlific,2026-02-15 17:29:13.459052,1,,,0.0,1,,0.0,5,5,1,13,xw98qnqc,,,,,1
4,ez02hd11,,0,54,53,post_experimental,FinalForProlific,2026-02-15 17:29:13.459052,1,,,0.0,1,,0.0,4,4,1,14,xw98qnqc,,,,,1
4,ez02hd11,,0,54,53,post_experimental,FinalForProlific,2026-02-15 17:29:13.459052,1,,,0.0,1,,0.0,4,4,1,15,xw98qnqc,,,,,1
4,ez02hd11,,0,54,53,post_experimental,FinalForProlific,2026-02-15 17:29:13.459052,1,,,0.0,1,,0.0,4,3,1,16,xw98qnqc,,,,,1
5,odd9ehps,,0,54,53,post_experimental,FinalForProlific,2026-02-15 18:22:53.459052,1,,,0.0,1,,0.0,4,6,1,1,xw98qnqc,,,,,1
5,odd9ehps,,0,54,53,post_experimental,FinalForProlific,2026-02-15 18:22:53.459052,1,,,0.0,1,,0.0,2,3,1,2,xw98qnqc,,,,,1
5,odd9ehps,,0,54,53,post_experimental,FinalForProlific,2026-02-15 18:22:53.459052,1,,,0.0,1,,0.0,3,3,1,3,xw98qnqc,,,,,1
5,odd9ehps,,0,54,53,post_experimental,FinalForProlific,2026-02-15 18:22:53.459052,1,,,0.0,1,,0.0,5,5,1,4,xw98qnqc,,,,,1
5,odd9ehps,,0,54,53,post_experimental,FinalForProlific,2026-02-15 18:22:53.459052,1,,,0.0,1,,0.0,6,4,1,5,xw98qnqc,,,,,1
5,odd9ehps,,0,54,53,post_experimental,FinalForProlific,2026-02-15 18:22:53.459052,1,,,0.0,1,,0.0,3,2,1,6,xw98qnqc,,,,,1
5,odd9ehps,,0,54,53,post_experimental,FinalForProlific,2026-02-15 18:22:53.459052,1,,,0.0,1,,0.0,3,2,1,7,xw98qnqc,,,,,1
5,odd9ehps,,0,54,53,post_experimental,FinalForProlific,2026-02-15 18:22:53.459052,1,,,0.0,1,,0.0,7,5,1,8,xw98qnqc,,,,,1
5,odd9ehps,,0,54,53,post_experimental,FinalForProlific,2026-02-15 18:22:53.459052,1,,,0.0,1,,0.0,5,5,1,9,xw98qnqc,,,,,1
5,odd9ehps,,0,54,53,post_experimental,FinalForProlific,2026-02-15 18:22:53.459052,1,,,0.0,1,,0.0,5,4,1,10,xw98qnqc,,,,,1
5,odd9ehps,,0,54,53,post_experimental,FinalForProlific,2026-02-15 18:22:53.459052,1,,,0.0,1,,0.0,4,5,1,11,xw98qnqc,,,,,1
5,odd9ehps,,0,54,53,post_experimental,FinalForProlific,2026-02-15 18:22:53.459052,1,,,0.0,1,,0.0,5,6,1,12,xw98qnqc,,,,,1
5,odd9ehps,,0,54,53,post_experimental,FinalForProlific,2026-02-15 18:22:53.459052,1,,,0.0,1,,0.0,2,5,1,13,xw98qnqc,,,,,1
5,odd9ehps,,0,54,53,post_experimental,FinalForProlific,2026-02-15 18:22:53.459052,1,,,0.0,1,,0.0,3,4,1,14,xw98qnqc,,,,,1
5,odd9ehps,,0,54,53,post_experimental,FinalForProlific,2026-02-15 18:22:53.459052,1,,,0.0,1,,0.0,3,4,1,15,xw98qnqc,,,,,1
5,odd9ehps,,0,54,53,post_experimental,FinalForProlific,2026-02-15 18:22:53.459052,1,,,0.0,1,,0.0,3,4,1,16,xw98qnqc,,,,,1
6,fl8r0kyt,,0,54,53,post_experimental,FinalForProlific,2026-02-15 17:54:05.459052,1,,,0.0,1,,0.0,6,5,1,1,xw98qnqc,,,,,1
6,fl8r0kyt,,0,54,53,post_experimental,FinalForProlific,2026-02-15 17:54:05.459052,1,,,0.0,1,,0.0,3,3,1,2,xw98qnqc,,,,,1
6,fl8r0kyt,,0,54,53,post_experimental,FinalForProlific,2026-02-15 17:54:05.459052,1,,,0.0,1,,0.0,6,5,1,3,xw98qnqc,,,,,1
6,fl8r0kyt,,0,54,53,post_experimental,FinalForProlific,2026-02-15 17:54:05.459052,1,,,0.0,1,,0.0,7,6,1,4,xw98qnqc,,,,,1
6,fl8r0kyt,,0,54,53,post_experimental,FinalForProlific,2026-02-15 17:54:05.459052,1,,,0.0,1,,0.0,7,5,1,5,xw98qnqc,,,,,1
6,fl8r0kyt,,0,54,53,post_experimental,FinalForProlific,2026-02-15 17:54:05.459052,1,,,0.0,1,,0.0,6,4,1,6,xw98qnqc,,,,,1
6,fl8r0kyt,,0,54,53,post_experimental,FinalForProlific,2026-02-15 17:54:05.459052,1,,,0.0,1,,0.0,4,4,1,7,xw98qnqc,,,,,1
6,fl8r0kyt,,0,54,53,post_experimental,FinalForProlific,2026-02-15 17:54:05.459052,1,,,0.0,1,,0.0,6,5,1,8,xw98qnqc,,,,,1
6,fl8r0kyt,,0,54,53,post_experimental,FinalForProlific,2026-02-15 17:54:05.459052,1,,,0.0,1,,0.0,6,5,1,9,xw98qnqc,,,,,1
6,fl8r0kyt,,0,54,53,post_experimental,FinalForProlific,2026-02-15 17:54:05.459052,1,,,0.0,1,,0.0,5,5,1,10,xw98qnqc,,,,,1
6,fl8r0kyt,,0,54,53,post_experimental,FinalForProlific,2026-02-15 17:54:05.459052,1,,,0.0,1,,0.0,5,4,1,11,xw98qnqc,,,,,1
6,fl8r0kyt,,0,54,53,post_experimental,FinalForProlific,2026-02-15 17:54:05.459052,1,,,0.0,1,,0.0,5,4,1,12,xw98qnqc,,,,,1
6,fl8r0kyt,,0,54,53,post_experimental,FinalForProlific,2026-02-15 17:54:05.459052,1,,,0.0,1,,0.0,7,5,1,13,xw98qnqc,,,,,1
6,fl8r0kyt,,0,54,53,post_experimental,FinalForProlific,2026-02-15 17:54:05.459052,1,,,0.0,1,,0.0,5,4,1,14,xw98qnqc,,,,,1
6,fl8r0kyt,,0,54,53,post_experimental,FinalForProlific,2026-02-15 17:54:05.459052,1,,,0.0,1,,0.0,5,5,1,15,xw98qnqc,,,,,1
6,fl8r0kyt,,0,54,53,post_experimental,FinalForProlific,2026-02-15 17:54:05.459052,1,,,0.0,1,,0.0,6,5,1,16,xw98qnqc,,,,,1
7,3xs8vmkc,,0,54,53,post_experimental,FinalForProlific,2026-02-15 17:51:11.459052,1,,,0.0,1,,0.0,2,3,1,1,xw98qnqc,,,,,1
7,3xs8vmkc,,0,54,53,post_experimental,FinalForProlific,2026-02-15 17:51:11.459052,1,,,0.0,1,,0.0,2,2,1,2,xw98qnqc,,,,,1
7,3xs8vmkc,,0,54,53,post_experimental,FinalForProlific,2026-02-15 17:51:11.459052,1,,,0.0,1,,0.0,2,3,1,3,xw98qnqc,,,,,1
7,3xs8vmkc,,0,54,53,post_experimental,FinalForProlific,2026-02-15 17:51:11.459052,1,,,0.0,1,,0.0,3,3,1,4,xw98qnqc,,,,,1
7,3xs8vmkc,,0,54,53,post_experimental,FinalForProlific,2026-02-15 17:51:11.459052,1,,,0.0,1,,0.0,4,5,1,5,xw98qnqc,,,,,1
7,3xs8vmkc,,0,54,53,post_experimental,FinalForProlific,2026-02-15 17:51:11.459052,1,,,0.0,1,,0.0,2,2,1,6,xw98qnqc,,,,,1
7,3xs8vmkc,,0,54,53,post_experimental,FinalForProlific,2026-02-15 17:51:11.459052,1,,,0.0,1,,0.0,2,2,1,7,xw98qnqc,,,,,1
7,3xs8vmkc,,0,54,53,post_experimental,FinalForProlific,2026-02-15 17:51:11.459052,1,,,0.0,1,,0.0,4,4,1,8,xw98qnqc,,,,,1
7,3xs8vmkc,,0,54,53,post_experimental,FinalForProlific,2026-02-15 17:51:11.459052,1,,,0.0,1,,0.0,2,3,1,9,xw98qnqc,,,,,1
7,3xs8vmkc,,0,54,53,post_experimental,FinalForProlific,2026-02-15 17:51:11.459052,1,,,0.0,1,,0.0,4,4,1,10,xw98qnqc,,,,,1
7,3xs8vmkc,,0,54,53,post_experimental,FinalForProlific,2026-02-15 17:51:11.459052,1,,,0.0,1,,0.0,1,2,1,11,xw98qnqc,,,,,1
7,3xs8vmkc,,0,54,53,post_experimental,FinalForProlific,2026-02-15 17:51:11.459052,1,,,0.0,1,,0.0,4,4,1,12,xw98qnqc,,,,,1
7,3xs8vmkc,,0,54,53,post_experimental,FinalForProlific,2026-02-15 17:51:11.459052,1,,,0.0,1,,0.0,2,3,1,13,xw98qnqc,,,,,1
7,3xs8vmkc,,0,54,53,post_experimental,FinalForProlific,2026-02-15 17:51:11.459052,1,,,0.0,1,,0.0,4,3,1,14,xw98qnqc,,,,,1
7,3xs8vmkc,,0,54,53,post_experimental,FinalForProlific,2026-02-15 17:51:11.459052,1,,,0.0,1,,0.0,3,4,1,15,xw98qnqc,,,,,1
7,3xs8vmkc,,0,54,53,post_experimental,FinalForProlific,2026-02-15 17:51:11.459052,1,,,0.0,1,,0.0,2,3,1,16,xw98qnqc,,,,,1
8,irw8tewn,,0,54,53,post_experimental,FinalForProlific,2026-02-15 18:10:56.459052,1,,,0.0,1,,0.0,5,5,1,1,xw98qnqc,,,,,1
8,irw8tewn,,0,54,53,post_experimental,FinalForProlific,2026-02-15 18:10:56.459052,1,,,0.0,1,,0.0,3,4,1,2,xw98qnqc,,,,,1
8,irw8tewn,,0,54,53,post_experimental,FinalForProlific,2026-02-15 18:10:56.459052,1,,,0.0,1,,0.0,4,4,1,3,xw98qnqc,,,,,1
8,irw8tewn,,0,54,53,post_experimental,FinalForProlific,2026-02-15 18:10:56.459052,1,,,0.0,1,,0.0,5,5,1,4,xw98qnqc,,,,,1
8,irw8tewn,,0,54,53,post_experimental,FinalForProlific,2026-02-15 18:10:56.459052,1,,,0.0,1,,0.0,4,4,1,5,xw98qnqc,,,,,1
8,irw8tewn,,0,54,53,post_experimental,FinalForProlific,2026-02-15 18:10:56.459052,1,,,0.0,1,,0.0,5,4,1,6,xw98qnqc,,,,,1
8,irw8tewn,,0,54,53,post_experimental,FinalForProlific,2026-02-15 18:10:56.459052,1,,,0.0,1,,0.0,2,2,1,7,xw98qnqc,,,,,1
8,irw8tewn,,0,54,53,post_experimental,FinalForProlific,2026-02-15 18:10:56.459052,1,,,0.0,1,,0.0,4,5,1,8,xw98qnqc,,,,,1
8,irw8tewn,,0,54,53,post_experimental,FinalForProlific,2026-02-15 18:10:56.459052,1,,,0.0,1,,0.0,6,5,1,9,xw98qnqc,,,,,1
8,irw8tewn,,0,54,53,post_experimental,FinalForProlific,2026-02-15 18:10:56.459052,1,,,0.0,1,,0.0,5,4,1,10,xw98qnqc,,,,,1
8,irw8tewn,,0,54,53,post_experimental,FinalForProlific,2026-02-15 18:10:56.459052,1,,,0.0,1,,0.0,5,4,1,11,xw98qnqc,,,,,1
8,irw8tewn,,0,54,53,post_experimental,FinalForProlific,2026-02-15 18:10:56.459052,1,,,0.0,1,,0.0,4,4,1,12,xw98qnqc,,,,,1
8,irw8tewn,,0,54,53,post_experimental,FinalForProlific,2026-02-15 18:10:56.459052,1,,,0.0,1,,0.0,4,3,1,13,xw98qnqc,,,,,1
8,irw8tewn,,0,54,53,post_experimental,FinalForProlific,2026-02-15 18:10:56.459052,1,,,0.0,1,,0.0,6,5,1,14,xw98qnqc,,,,,1
8,irw8tewn,,0,54,53,post_experimental,FinalForProlific,2026-02-15 18:10:56.459052,1,,,0.0,1,,0.0,4,4,1,15,xw98qnqc,,,,,1
8,irw8tewn,,0,54,53,post_experimental,FinalForProlific,2026-02-15 18:10:56.459052,1,,,0.0,1,,0.0,3,3,1,16,xw98qnqc,,,,,1
9,l7p0fy9e,,0,54,53,post_experimental,FinalForProlific,2026-02-15 17:23:18.459052,1,,,0.0,1,,0.0,4,4,1,1,xw98qnqc,,,,,1
9,l7p0fy9e,,0,54,53,post_experimental,FinalForProlific,2026-02-15 17:23:18.459052,1,,,0.0,1,,0.0,1,1,1,2,xw98qnqc,,,,,1
9,l7p0fy9e,,0,54,53,post_experimental,FinalForProlific,2026-02-15 17:23:18.459052,1,,,0.0,1,,0.0,4,3,1,3,xw98qnqc,,,,,1
9,l7p0fy9e,,0,54,53,post_experimental,FinalForProlific,2026-02-15 17:23:18.459052,1,,,0.0,1,,0.0,4,3,1,4,xw98qnqc,,,,,1
9,l7p0fy9e,,0,54,53,post_experimental,FinalForProlific,2026-02-15 17:23:18.459052,1,,,0.0,1,,0.0,4,4,1,5,xw98qnqc,,,,,1
9,l7p0fy9e,,0,54,53,post_experimental,FinalForProlific,2026-02-15 17:23:18.459052,1,,,0.0,1,,0.0,2,2,1,6,xw98qnqc,,,,,1
9,l7p0fy9e,,0,54,53,post_experimental,FinalForProlific,2026-02-15 17:23:18.459052,1,,,0.0,1,,0.0,2,2,1,7,xw98qnqc,,,,,1
9,l7p0fy9e,,0,54,53,post_experimental,FinalForProlific,2026-02-15 17:23:18.459052,1,,,0.0,1,,0.0,4,4,1,8,xw98qnqc,,,,,1
9,l7p0fy9e,,0,54,53,post_experimental,FinalForProlific,2026-02-15 17:23:18.459052,1,,,0.0,1,,0.0,4,4,1,9,xw98qnqc,,,,,1
9,l7p0fy9e,,0,54,53,post_experimental,FinalForProlific,2026-02-15 17:23:18.459052,1,,,0.0,1,,0.0,4,3,1,10,xw98qnqc,,,,,1
9,l7p0fy9e,,0,54,53,post_experimental,FinalForProlific,2026-02-15 17:23:18.459052,1,,,0.0,1,,0.0,4,3,1,11,xw98qnqc,,,,,1
9,l7p0fy9e,,0,54,53,post_experimental,FinalForProlific,2026-02-15 17:23:18.459052,1,,,0.0,1,,0.0,2,4,1,12,xw98qnqc,,,,,1
9,l7p0fy9e,,0,54,53,post_experimental,FinalForProlific,2026-02-15 17:23:18.459052,1,,,0.0,1,,0.0,2,2,1,13,xw98qnqc,,,,,1
9,l7p0fy9e,,0,54,53,post_experimental,FinalForProlific,2026-02-15 17:23:18.459052,1,,,0.0,1,,0.0,4,4,1,14,xw98qnqc,,,,,1
9,l7p0fy9e,,0,54,53,post_experimental,FinalForProlific,2026-02-15 17:23:18.459052,1,,,0.0,1,,0.0,2,3,1,15,xw98qnqc,,,,,1
9,l7p0fy9e,,0,54,53,post_experimental,FinalForProlific,2026-02-15 17:23:18.459052,1,,,0.0,1,,0.0,4,2,1,16,xw98qnqc,,,,,1
10,06t5el3u,,0,54,53,post_experimental,FinalForProlific,2026-02-15 18:01:53.459052,1,,,0.0,1,,0.0,3,4,1,1,xw98qnqc,,,,,1
10,06t5el3u,,0,54,53,post_experimental,FinalForProlific,2026-02-15 18:01:53.459052,1,,,0.0,1,,0.0,2,3,1,2,xw98qnqc,,,,,1
10,06t5el3u,,0,54,53,post_experimental,FinalForProlific,2026-02-15 18:01:53.459052,1,,,0.0,1,,0.0,2,3,1,3,xw98qnqc,,,,,1
10,06t5el3u,,0,54,53,post_experimental,FinalForProlific,2026-02-15 18:01:53.459052,1,,,0.0,1,,0.0,4,4,1,4,xw98qnqc,,,,,1
10,06t5el3u,,0,54,53,post_experimental,FinalForProlific,2026-02-15 18:01:53.459052,1,,,0.0,1,,0.0,4,4,1,5,xw98qnqc,,,,,1
10,06t5el3u,,0,54,53,post_experimental,FinalForProlific,2026-02-15 18:01:53.459052,1,,,0.0,1,,0.0,2,2,1,6,xw98qnqc,,,,,1
10,06t5el3u,,0,54,53,post_experimental,FinalForProlific,2026-02-15 18:01:53.459052,1,,,0.0,1,,0.0,1,1,1,7,xw98qnqc,,,,,1
10,06t5el3u,,0,54,53,post_experimental,FinalForProlific,2026-02-15 18:01:53.459052,1,,,0.0,1,,0.0,5,4,1,8,xw98qnqc,,,,,1
10,06t5el3u,,0,54,53,post_experimental,FinalForProlific,2026-02-15 18:01:53.459052,1,,,0.0,1,,0.0,5,5,1,9,xw98qnqc,,,,,1
10,06t5el3u,,0,54,53,post_experimental,FinalForProlific,2026-02-15 18:01:53.459052,1,,,0.0,1,,0.0,3,3,1,10,xw98qnqc,,,,,1
10,06t5el3u,,0,54,53,post_experimental,FinalForProlific,2026-02-15 18:01:53.459052,1,,,0.0,1,,0.0,2,3,1,11,xw98qnqc,,,,,1
10,06t5el3u,,0,54,53,post_experimental,FinalForProlific,2026-02-15 18:01:53.459052,1,,,0.0,1,,0.0,4,4,1,12,xw98qnqc,,,,,1
10,06t5el3u,,0,54,53,post_experimental,FinalForProlific,2026-02-15 18:01:53.459052,1,,,0.0,1,,0.0,3,3,1,13,xw98qnqc,,,,,1
10,06t5el3u,,0,54,53,post_experimental,FinalForProlific,2026-02-15 18:01:53.459052,1,,,0.0,1,,0.0,3,4,1,14,xw98qnqc,,,,,1
10,06t5el3u,,0,54,53,post_experimental,FinalForProlific,2026-02-15 18:01:53.459052,1,,,0.0,1,,0.0,2,4,1,15,xw98qnqc,,,,,1
10,06t5el3u,,0,54,53,post_experimental,FinalForProlific,2026-02-15 18:01:53.459052,1,,,0.0,1,,0.0,2,4,1,16,xw98qnqc,,,,,1
11,r384cdpj,,0,54,53,post_experimental,FinalForProlific,2026-02-15 18:07:49.459052,1,,,0.0,1,,0.0,5,3,1,1,xw98qnqc,,,,,1
11,r384cdpj,,0,54,53,post_experimental,FinalForProlific,2026-02-15 18:07:49.459052,1,,,0.0,1,,0.0,4,3,1,2,xw98qnqc,,,,,1
11,r384cdpj,,0,54,53,post_experimental,FinalForProlific,2026-02-15 18:07:49.459052,1,,,0.0,1,,0.0,2,2,1,3,xw98qnqc,,,,,1
11,r384cdpj,,0,54,53,post_experimental,FinalForProlific,2026-02-15 18:07:49.459052,1,,,0.0,1,,0.0,5,4,1,4,xw98qnqc,,,,,1
11,r384cdpj,,0,54,53,post_experimental,FinalForProlific,2026-02-15 18:07:49.459052,1,,,0.0,1,,0.0,5,5,1,5,xw98qnqc,,,,,1
11,r384cdpj,,0,54,53,post_experimental,FinalForProlific,2026-02-15 18:07:49.459052,1,,,0.0,1,,0.0,3,4,1,6,xw98qnqc,,,,,1
11,r384cdpj,,0,54,53,post_experimental,FinalForProlific,2026-02-15 18:07:49.459052,1,,,0.0,1,,0.0,3,3,1,7,xw98qnqc,,,,,1
11,r384cdpj,,0,54,53,post_experimental,FinalForProlific,2026-02-15 18:07:49.459052,1,,,0.0,1,,0.0,3,4,1,8,xw98qnqc,,,,,1
11,r384cdpj,,0,54,53,post_experimental,FinalForProlific,2026-02-15 18:07:49.459052,1,,,0.0,1,,0.0,3,5,1,9,xw98qnqc,,,,,1
11,r384cdpj,,0,54,53,post_experimental,FinalForProlific,2026-02-15 18:07:49.459052,1,,,0.0,1,,0.0,4,3,1,10,xw98qnqc,,,,,1
11,r384cdpj,,0,54,53,post_experimental,FinalForProlific,2026-02-15 18:07:49.459052,1,,,0.0,1,,0.0,3,3,1,11,xw98qnqc,,,,,1
11,r384cdpj,,0,54,53,post_experimental,FinalForProlific,2026-02-15 18:07:49.459052,1,,,0.0,1,,0.0,3,4,1,12,xw98qnqc,,,,,1
11,r384cdpj,,0,54,53,post_experimental,FinalForProlific,2026-02-15 18:07:49.459052,1,,,0.0,1,,0.0,2,2,1,13,xw98qnqc,,,,,1
11,r384cdpj,,0,54,53,post_experimental,FinalForProlific,2026-02-15 18:07:49.459052,1,,,0.0,1,,0.0,3,4,1,14,xw98qnqc,,,,,1
11,r384cdpj,,0,54,53,post_experimental,FinalForProlific,2026-02-15 18:07:49.459052,1,,,0.0,1,,0.0,4,4,1,15,xw98qnqc,,,,,1
11,r384cdpj,,0,54,53,post_experimental,FinalForProlific,2026-02-15 18:07:49.459052,1,,,0.0,1,,0.0,3,3,1,16,xw98qnqc,,,,,1
12,1i6yymae,,0,54,53,post_experimental,FinalForProlific,2026-02-15 18:23:04.459052,1,,,0.0,1,,0.0,2,3,1,1,xw98qnqc,,,,,1
12,1i6yymae,,0,54,53,post_experimental,FinalForProlific,2026-02-15 18:23:04.459052,1,,,0.0,1,,0.0,2,2,1,2,xw98qnqc,,,,,1
12,1i6yymae,,0,54,53,post_experimental,FinalForProlific,2026-02-15 18:23:04.459052,1,,,0.0,1,,0.0,1,1,1,3,xw98qnqc,,,,,1
12,1i6yymae,,0,54,53,post_experimental,FinalForProlific,2026-02-15 18:23:04.459052,1,,,0.0,1,,0.0,2,4,1,4,xw98qnqc,,,,,1
12,1i6yymae,,0,54,53,post_experimental,FinalForProlific,2026-02-15 18:23:04.459052,1,,,0.0,1,,0.0,3,4,1,5,xw98qnqc,,,,,1
12,1i6yymae,,0,54,53,post_experimental,FinalForProlific,2026-02-15 18:23:04.459052,1,,,0.0,1,,0.0,1,2,1,6,xw98qnqc,,,,,1
12,1i6yymae,,0,54,53,post_experimental,FinalForProlific,2026-02-15 18:23:04.459052,1,,,0.0,1,,0.0,2,2,1,7,xw98qnqc,,,,,1
12,1i6yymae,,0,54,53,post_experimental,FinalForProlific,2026-02-15 18:23:04.459052,1,,,0.0,1,,0.0,3,4,1,8,xw98qnqc,,,,,1
12,1i6yymae,,0,54,53,post_experimental,FinalForProlific,2026-02-15 18:23:04.459052,1,,,0.0,1,,0.0,4,5,1,9,xw98qnqc,,,,,1
12,1i6yymae,,0,54,53,post_experimental,FinalForProlific,2026-02-15 18:23:04.459052,1,,,0.0,1,,0.0,3,3,1,10,xw98qnqc,,,,,1
12,1i6yymae,,0,54,53,post_experimental,FinalForProlific,2026-02-15 18:23:04.459052,1,,,0.0,1,,0.0,2,3,1,11,xw98qnqc,,,,,1
12,1i6yymae,,0,54,53,post_experimental,FinalForProlific,2026-02-15 18:23:04.459052,1,,,0.0,1,,0.0,3,3,1,12,xw98qnqc,,,,,1
12,1i6yymae,,0,54,53,post_experimental,FinalForProlific,2026-02-15 18:23:04.459052,1,,,0.0,1,,0.0,3,3,1,13,xw98qnqc,,,,,1
12,1i6yymae,,0,54,53,post_experimental,FinalForProlific,2026-02-15 18:23:04.459052,1,,,0.0,1,,0.0,3,3,1,14,xw98qnqc,,,,,1
12,1i6yymae,,0,54,53,post_experimental,FinalForProlific,2026-02-15 18:23:04.459052,1,,,0.0,1,,0.0,3,4,1,15,xw98qnqc,,,,,1
12,1i6yymae,,0,54,53,post_experimental,FinalForProlific,2026-02-15 18:23:04.459052,1,,,0.0,1,,0.0,2,2,1,16,xw98qnqc,,,,,1
13,7zpxv3n9,,0,54,53,post_experimental,FinalForProlific,2026-02-15 17:07:51.459052,1,,,0.0,1,,0.0,5,5,1,1,xw98qnqc,,,,,1
13,7zpxv3n9,,0,54,53,post_experimental,FinalForProlific,2026-02-15 17:07:51.459052,1,,,0.0,1,,0.0,4,3,1,2,xw98qnqc,,,,,1
13,7zpxv3n9,,0,54,53,post_experimental,FinalForProlific,2026-02-15 17:07:51.459052,1,,,0.0,1,,0.0,6,5,1,3,xw98qnqc,,,,,1
13,7zpxv3n9,,0,54,53,post_experimental,FinalForProlific,2026-02-15 17:07:51.459052,1,,,0.0,1,,0.0,7,6,1,4,xw98qnqc,,,,,1
13,7zpxv3n9,,0,54,53,post_experimental,FinalForProlific,2026-02-15 17:07:51.459052,1,,,0.0,1,,0.0,6,6,1,5,xw98qnqc,,,,,1
13,7zpxv3n9,,0,54,53,post_experimental,FinalForProlific,2026-02-15 17:07:51.459052,1,,,0.0,1,,0.0,3,3,1,6,xw98qnqc,,,,,1
13,7zpxv3n9,,0,54,53,post_experimental,FinalForProlific,2026-02-15 17:07:51.459052,1,,,0.0,1,,0.0,5,5,1,7,xw98qnqc,,,,,1
13,7zpxv3n9,,0,54,53,post_experimental,FinalForProlific,2026-02-15 17:07:51.459052,1,,,0.0,1,,0.0,5,4,1,8,xw98qnqc,,,,,1
13,7zpxv3n9,,0,54,53,post_experimental,FinalForProlific,2026-02-15 17:07:51.459052,1,,,0.0,1,,0.0,6,6,1,9,xw98qnqc,,,,,1
13,7zpxv3n9,,0,54,53,post_experimental,FinalForProlific,2026-02-15 17:07:51.459052,1,,,0.0,1,,0.0,6,5,1,10,xw98qnqc,,,,,1
13,7zpxv3n9,,0,54,53,post_experimental,FinalForProlific,2026-02-15 17:07:51.459052,1,,,0.0,1,,0.0,4,3,1,11,xw98qnqc,,,,,1
13,7zpxv3n9,,0,54,53,post_experimental,FinalForProlific,2026-02-15 17:07:51.459052,1,,,0.0,1,,0.0,4,3,1,12,xw98qnqc,,,,,1
13,7zpxv3n9,,0,54,53,post_experimental,FinalForProlific,2026-02-15 17:07:51.459052,1,,,0.0,1,,0.0,5,5,1,13,xw98qnqc,,,,,1
13,7zpxv3n9,,0,54,53,post_experimental,FinalForProlific,2026-02-15 17:07:51.459052,1,,,0.0,1,,0.0,4,4,1,14,xw98qnqc,,,,,1
13,7zpxv3n9,,0,54,53,post_experimental,FinalForProlific,2026-02-15 17:07:51.459052,1,,,0.0,1,,0.0,7,7,1,15,xw98qnqc,,,,,1
13,7zpxv3n9,,0,54,53,post_experimental,FinalForProlific,2026-02-15 17:07:51.459052,1,,,0.0,1,,0.0,5,6,1,16,xw98qnqc,,,,,1
14,1sfpd7zx,,0,54,53,post_experimental,FinalForProlific,2026-02-15 17:30:50.459052,1,,,0.0,1,,0.0,5,5,1,1,xw98qnqc,,,,,1
14,1sfpd7zx,,0,54,53,post_experimental,FinalForProlific,2026-02-15 17:30:50.459052,1,,,0.0,1,,0.0,2,3,1,2,xw98qnqc,,,,,1
14,1sfpd7zx,,0,54,53,post_experimental,FinalForProlific,2026-02-15 17:30:50.459052,1,,,0.0,1,,0.0,4,4,1,3,xw98qnqc,,,,,1
14,1sfpd7zx,,0,54,53,post_experimental,FinalForProlific,2026-02-15 17:30:50.459052,1,,,0.0,1,,0.0,6,6,1,4,xw98qnqc,,,,,1
14,1sfpd7zx,,0,54,53,post_experimental,FinalForProlific,2026-02-15 17:30:50.459052,1,,,0.0,1,,0.0,5,5,1,5,xw98qnqc,,,,,1
14,1sfpd7zx,,0,54,53,post_experimental,FinalForProlific,2026-02-15 17:30:50.459052,1,,,0.0,1,,0.0,5,3,1,6,xw98qnqc,,,,,1
14,1sfpd7zx,,0,54,53,post_experimental,FinalForProlific,2026-02-15 17:30:50.459052,1,,,0.0,1,,0.0,2,4,1,7,xw98qnqc,,,,,1
14,1sfpd7zx,,0,54,53,post_experimental,FinalForProlific,2026-02-15 17:30:50.459052,1,,,0.0,1,,0.0,5,4,1,8,xw98qnqc,,,,,1
14,1sfpd7zx,,0,54,53,post_experimental,FinalForProlific,2026-02-15 17:30:50.459052,1,,,0.0,1,,0.0,5,6,1,9,xw98qnqc,,,,,1
14,1sfpd7zx,,0,54,53,post_experimental,FinalForProlific,2026-02-15 17:30:50.459052,1,,,0.0,1,,0.0,4,4,1,10,xw98qnqc,,,,,1
14,1sfpd7zx,,0,54,53,post_experimental,FinalForProlific,2026-02-15 17:30:50.459052,1,,,0.0,1,,0.0,4,4,1,11,xw98qnqc,,,,,1
14,1sfpd7zx,,0,54,53,post_experimental,FinalForProlific,2026-02-15 17:30:50.459052,1,,,0.0,1,,0.0,4,5,1,12,xw98qnqc,,,,,1
14,1sfpd7zx,,0,54,53,post_experimental,FinalForProlific,2026-02-15 17:30:50.459052,1,,,0.0,1,,0.0,4,3,1,13,xw98qnqc,,,,,1
14,1sfpd7zx,,0,54,53,post_experimental,FinalForProlific,2026-02-15 17:30:50.459052,1,,,0.0,1,,0.0,4,3,1,14,xw98qnqc,,,,,1
14,1sfpd7zx,,0,54,53,post_experimental,FinalForProlific,2026-02-15 17:30:50.459052,1,,,0.0,1,,0.0,4,3,1,15,xw98qnqc,,,,,1
14,1sfpd7zx,,0,54,53,post_experimental,FinalForProlific,2026-02-15 17:30:50.459052,1,,,0.0,1,,0.0,5,3,1,16,xw98qnqc,,,,,1
15,3sjho4ue,,0,54,53,post_experimental,FinalForProlific,2026-02-15 17:28:04.459052,1,,,0.0,1,,0.0,5,5,1,1,xw98qnqc,,,,,1
15,3sjho4ue,,0,54,53,post_experimental,FinalForProlific,2026-02-15 17:28:04.459052,1,,,0.0,1,,0.0,3,3,1,2,xw98qnqc,,,,,1
15,3sjho4ue,,0,54,53,post_experimental,FinalForProlific,2026-02-15 17:28:04.459052,1,,,0.0,1,,0.0,4,4,1,3,xw98qnqc,,,,,1
15,3sjho4ue,,0,54,53,post_experimental,FinalForProlific,2026-02-15 17:28:04.459052,1,,,0.0,1,,0.0,4,4,1,4,xw98qnqc,,,,,1
15,3sjho4ue,,0,54,53,post_experimental,FinalForProlific,2026-02-15 17:28:04.459052,1,,,0.0,1,,0.0,3,4,1,5,xw98qnqc,,,,,1
15,3sjho4ue,,0,54,53,post_experimental,FinalForProlific,2026-02-15 17:28:04.459052,1,,,0.0,1,,0.0,2,3,1,6,xw98qnqc,,,,,1
15,3sjho4ue,,0,54,53,post_experimental,FinalForProlific,2026-02-15 17:28:04.459052,1,,,0.0,1,,0.0,1,1,1,7,xw98qnqc,,,,,1
15,3sjho4ue,,0,54,53,post_experimental,FinalForProlific,2026-02-15 17:28:04.459052,1,,,0.0,1,,0.0,5,5,1,8,xw98qnqc,,,,,1
15,3sjho4ue,,0,54,53,post_experimental,FinalForProlific,2026-02-15 17:28:04.459052,1,,,0.0,1,,0.0,4,4,1,9,xw98qnqc,,,,,1
15,3sjho4ue,,0,54,53,post_experimental,FinalForProlific,2026-02-15 17:28:04.459052,1,,,0.0,1,,0.0,4,5,1,10,xw98qnqc,,,,,1
15,3sjho4ue,,0,54,53,post_experimental,FinalForProlific,2026-02-15 17:28:04.459052,1,,,0.0,1,,0.0,1,3,1,11,xw98qnqc,,,,,1
15,3sjho4ue,,0,54,53,post_experimental,FinalForProlific,2026-02-15 17:28:04.459052,1,,,0.0,1,,0.0,4,5,1,12,xw98qnqc,,,,,1
15,3sjho4ue,,0,54,53,post_experimental,FinalForProlific,2026-02-15 17:28:04.459052,1,,,0.0,1,,0.0,2,2,1,13,xw98qnqc,,,,,1
15,3sjho4ue,,0,54,53,post_experimental,FinalForProlific,2026-02-15 17:28:04.459052,1,,,0.0,1,,0.0,4,5,1,14,xw98qnqc,,,,,1
15,3sjho4ue,,0,54,53,post_experimental,FinalForProlific,2026-02-15 17:28:04.459052,1,,,0.0,1,,0.0,3,4,1,15,xw98qnqc,,,,,1
15,3sjho4ue,,0,54,53,post_experimental,FinalForProlific,2026-02-15 17:28:04.459052,1,,,0.0,1,,0.0,1,3,1,16,xw98qnqc,,,,,1
16,37cisqv8,,0,54,53,post_experimental,FinalForProlific,2026-02-15 17:29:41.459052,1,,,0.0,1,,0.0,3,4,1,1,xw98qnqc,,,,,1
16,37cisqv8,,0,54,53,post_experimental,FinalForProlific,2026-02-15 17:29:41.459052,1,,,0.0,1,,0.0,1,3,1,2,xw98qnqc,,,,,1
16,37cisqv8,,0,54,53,post_experimental,FinalForProlific,2026-02-15 17:29:41.459052,1,,,0.0,1,,0.0,3,2,1,3,xw98qnqc,,,,,1
16,37cisqv8,,0,54,53,post_experimental,FinalForProlific,2026-02-15 17:29:41.459052,1,,,0.0,1,,0.0,6,5,1,4,xw98qnqc,,,,,1
16,37cisqv8,,0,54,53,post_experimental,FinalForProlific,2026-02-15 17:29:41.459052,1,,,0.0,1,,0.0,3,3,1,5,xw98qnqc,,,,,1
16,37cisqv8,,0,54,53,post_experimental,FinalForProlific,2026-02-15 17:29:41.459052,1,,,0.0,1,,0.0,2,2,1,6,xw98qnqc,,,,,1
16,37cisqv8,,0,54,53,post_experimental,FinalForProlific,2026-02-15 17:29:41.459052,1,,,0.0,1,,0.0,3,3,1,7,xw98qnqc,,,,,1
16,37cisqv8,,0,54,53,post_experimental,FinalForProlific,2026-02-15 17:29:41.459052,1,,,0.0,1,,0.0,4,5,1,8,xw98qnqc,,,,,1
16,37cisqv8,,0,54,53,post_experimental,FinalForProlific,2026-02-15 17:29:41.459052,1,,,0.0,1,,0.0,2,3,1,9,xw98qnqc,,,,,1
16,37cisqv8,,0,54,53,post_experimental,FinalForProlific,2026-02-15 17:29:41.459052,1,,,0.0,1,,0.0,3,2,1,10,xw98qnqc,,,,,1
16,37cisqv8,,0,54,53,post_experimental,FinalForProlific,2026-02-15 17:29:41.459052,1,,,0.0,1,,0.0,3,4,1,11,xw98qnqc,,,,,1
16,37cisqv8,,0,54,53,post_experimental,FinalForProlific,2026-02-15 17:29:41.459052,1,,,0.0,1,,0.0,5,3,1,12,xw98qnqc,,,,,1
16,37cisqv8,,0,54,53,post_experimental,FinalForProlific,2026-02-15 17:29:41.459052,1,,,0.0,1,,0.0,2,4,1,13,xw98qnqc,,,,,1
16,37cisqv8,,0,54,53,post_experimental,FinalForProlific,2026-02-15 17:29:41.459052,1,,,0.0,1,,0.0,4,3,1,14,xw98qnqc,,,,,1
16,37cisqv8,,0,54,53,post_experimental,FinalForProlific,2026-02-15 17:29:41.459052,1,,,0.0,1,,0.0,3,4,1,15,xw98qnqc,,,,,1
16,37cisqv8,,0,54,53,post_experimental,FinalForProlific,2026-02-15 17:29:41.459052,1,,,0.0,1,,0.0,4,4,1,16,xw98qnqc,,,,,1
17,vc8p4ywl,,0,54,53,post_experimental,FinalForProlific,2026-02-15 18:11:08.459052,1,,,0.0,1,,0.0,6,5,1,1,xw98qnqc,,,,,1
17,vc8p4ywl,,0,54,53,post_experimental,FinalForProlific,2026-02-15 18:11:08.459052,1,,,0.0,1,,0.0,3,4,1,2,xw98qnqc,,,,,1
17,vc8p4ywl,,0,54,53,post_experimental,FinalForProlific,2026-02-15 18:11:08.459052,1,,,0.0,1,,0.0,3,3,1,3,xw98qnqc,,,,,1
17,vc8p4ywl,,0,54,53,post_experimental,FinalForProlific,2026-02-15 18:11:08.459052,1,,,0.0,1,,0.0,7,5,1,4,xw98qnqc,,,,,1
17,vc8p4ywl,,0,54,53,post_experimental,FinalForProlific,2026-02-15 18:11:08.459052,1,,,0.0,1,,0.0,7,5,1,5,xw98qnqc,,,,,1
17,vc8p4ywl,,0,54,53,post_experimental,FinalForProlific,2026-02-15 18:11:08.459052,1,,,0.0,1,,0.0,5,4,1,6,xw98qnqc,,,,,1
17,vc8p4ywl,,0,54,53,post_experimental,FinalForProlific,2026-02-15 18:11:08.459052,1,,,0.0,1,,0.0,5,5,1,7,xw98qnqc,,,,,1
17,vc8p4ywl,,0,54,53,post_experimental,FinalForProlific,2026-02-15 18:11:08.459052,1,,,0.0,1,,0.0,6,6,1,8,xw98qnqc,,,,,1
17,vc8p4ywl,,0,54,53,post_experimental,FinalForProlific,2026-02-15 18:11:08.459052,1,,,0.0,1,,0.0,7,5,1,9,xw98qnqc,,,,,1
17,vc8p4ywl,,0,54,53,post_experimental,FinalForProlific,2026-02-15 18:11:08.459052,1,,,0.0,1,,0.0,5,4,1,10,xw98qnqc,,,,,1
17,vc8p4ywl,,0,54,53,post_experimental,FinalForProlific,2026-02-15 18:11:08.459052,1,,,0.0,1,,0.0,4,4,1,11,xw98qnqc,,,,,1
17,vc8p4ywl,,0,54,53,post_experimental,FinalForProlific,2026-02-15 18:11:08.459052,1,,,0.0,1,,0.0,4,3,1,12,xw98qnqc,,,,,1
17,vc8p4ywl,,0,54,53,post_experimental,FinalForProlific,2026-02-15 18:11:08.459052,1,,,0.0,1,,0.0,5,4,1,13,xw98qnqc,,,,,1
17,vc8p4ywl,,0,54,53,post_experimental,FinalForProlific,2026-02-15 18:11:08.459052,1,,,0.0,1,,0.0,5,5,1,14,xw98qnqc,,,,,1
17,vc8p4ywl,,0,54,53,post_experimental,FinalForProlific,2026-02-15 18:11:08.459052,1,,,0.0,1,,0.0,7,6,1,15,xw98qnqc,,,,,1
17,vc8p4ywl,,0,54,53,post_experimental,FinalForProlific,2026-02-15 18:11:08.459052,1,,,0.0,1,,0.0,5,5,1,16,xw98qnqc,,,,,1
18,ctfz7iul,,0,54,53,post_experimental,FinalForProlific,2026-02-15 17:14:32.459052,1,,,0.0,1,,0.0,3,4,1,1,xw98qnqc,,,,,1
18,ctfz7iul,,0,54,53,post_experimental,FinalForProlific,2026-02-15 17:14:32.459052,1,,,0.0,1,,0.0,3,3,1,2,xw98qnqc,,,,,1
18,ctfz7iul,,0,54,53,post_experimental,FinalForProlific,2026-02-15 17:14:32.459052,1,,,0.0,1,,0.0,2,3,1,3,xw98qnqc,,,,,1
18,ctfz7iul,,0,54,53,post_experimental,FinalForProlific,2026-02-15 17:14:32.459052,1,,,0.0,1,,0.0,3,3,1,4,xw98qnqc,,,,,1
18,ctfz7iul,,0,54,53,post_experimental,FinalForProlific,2026-02-15 17:14:32.459052,1,,,0.0,1,,0.0,6,5,1,5,xw98qnqc,,,,,1
18,ctfz7iul,,0,54,53,post_experimental,FinalForProlific,2026-02-15 17:14:32.459052,1,,,0.0,1,,0.0,4,3,1,6,xw98qnqc,,,,,1
18,ctfz7iul,,0,54,53,post_experimental,FinalForProlific,2026-02-15 17:14:32.459052,1,,,0.0,1,,0.0,3,3,1,7,xw98qnqc,,,,,1
18,ctfz7iul,,0,54,53,post_experimental,FinalForProlific,2026-02-15 17:14:32.459052,1,,,0.0,1,,0.0,3,4,1,8,xw98qnqc,,,,,1
18,ctfz7iul,,0,54,53,post_experimental,FinalForProlific,2026-02-15 17:14:32.459052,1,,,0.0,1,,0.0,4,4,1,9,xw98qnqc,,,,,1
18,ctfz7iul,,0,54,53,post_experimental,FinalForProlific,2026-02-15 17:14:32.459052,1,,,0.0,1,,0.0,4,4,1,10,xw98qnqc,,,,,1
18,ctfz7iul,,0,54,53,post_experimental,FinalForProlific,2026-02-15 17:14:32.459052,1,,,0.0,1,,0.0,3,4,1,11,xw98qnqc,,,,,1
18,ctfz7iul,,0,54,53,post_experimental,FinalForProlific,2026-02-15 17:14:32.459052,1,,,0.0,1,,0.0,4,4,1,12,xw98qnqc,,,,,1
18,ctfz7iul,,0,54,53,post_experimental,FinalForProlific,2026-02-15 17:14:32.459052,1,,,0.0,1,,0.0,3,3,1,13,xw98qnqc,,,,,1
18,ctfz7iul,,0,54,53,post_experimental,FinalForProlific,2026-02-15 17:14:32.459052,1,,,0.0,1,,0.0,4,4,1,14,xw98qnqc,,,,,1
18,ctfz7iul,,0,54,53,post_experimental,FinalForProlific,2026-02-15 17:14:32.459052,1,,,0.0,1,,0.0,4,4,1,15,xw98qnqc,,,,,1
18,ctfz7iul,,0,54,53,post_experimental,FinalForProlific,2026-02-15 17:14:32.459052,1,,,0.0,1,,0.0,5,4,1,16,xw98qnqc,,,,,1
19,6ca7ikhz,,0,54,53,post_experimental,FinalForProlific,2026-02-15 17:25:39.459052,1,,,0.0,1,,0.0,3,4,1,1,xw98qnqc,,,,,1
19,6ca7ikhz,,0,54,53,post_experimental,FinalForProlific,2026-02-15 17:25:39.459052,1,,,0.0,1,,0.0,3,2,1,2,xw98qnqc,,,,,1
19,6ca7ikhz,,0,54,53,post_experimental,FinalForProlific,2026-02-15 17:25:39.459052,1,,,0.0,1,,0.0,4,5,1,3,xw98qnqc,,,,,1
19,6ca7ikhz,,0,54,53,post_experimental,FinalForProlific,2026-02-15 17:25:39.459052,1,,,0.0,1,,0.0,3,4,1,4,xw98qnqc,,,,,1
19,6ca7ikhz,,0,54,53,post_experimental,FinalForProlific,2026-02-15 17:25:39.459052,1,,,0.0,1,,0.0,5,5,1,5,xw98qnqc,,,,,1
19,6ca7ikhz,,0,54,53,post_experimental,FinalForProlific,2026-02-15 17:25:39.459052,1,,,0.0,1,,0.0,3,3,1,6,xw98qnqc,,,,,1
19,6ca7ikhz,,0,54,53,post_experimental,FinalForProlific,2026-02-15 17:25:39.459052,1,,,0.0,1,,0.0,3,4,1,7,xw98qnqc,,,,,1
19,6ca7ikhz,,0,54,53,post_experimental,FinalForProlific,2026-02-15 17:25:39.459052,1,,,0.0,1,,0.0,4,4,1,8,xw98qnqc,,,,,1
19,6ca7ikhz,,0,54,53,post_experimental,FinalForProlific,2026-02-15 17:25:39.459052,1,,,0.0,1,,0.0,4,3,1,9,xw98qnqc,,,,,1
19,6ca7ikhz,,0,54,53,post_experimental,FinalForProlific,2026-02-15 17:25:39.459052,1,,,0.0,1,,0.0,3,5,1,10,xw98qnqc,,,,,1
19,6ca7ikhz,,0,54,53,post_experimental,FinalForProlific,2026-02-15 17:25:39.459052,1,,,0.0,1,,0.0,5,4,1,11,xw98qnqc,,,,,1
19,6ca7ikhz,,0,54,53,post_experimental,FinalForProlific,2026-02-15 17:25:39.459052,1,,,0.0,1,,0.0,4,4,1,12,xw98qnqc,,,,,1
19,6ca7ikhz,,0,54,53,post_experimental,FinalForProlific,2026-02-15 17:25:39.459052,1,,,0.0,1,,0.0,5,5,1,13,xw98qnqc,,,,,1
19,6ca7ikhz,,0,54,53,post_experimental,FinalForProlific,2026-02-15 17:25:39.459052,1,,,0.0,1,,0.0,4,4,1,14,xw98qnqc,,,,,1
19,6ca7ikhz,,0,54,53,post_experimental,FinalForProlific,2026-02-15 17:25:39.459052,1,,,0.0,1,,0.0,5,6,1,15,xw98qnqc,,,,,1
19,6ca7ikhz,,0,54,53,post_experimental,FinalForProlific,2026-02-15 17:25:39.459052,1,,,0.0,1,,0.0,4,4,1,16,xw98qnqc,,,,,1
20,9wj0dc0f,,0,54,53,post_experimental,FinalForProlific,2026-02-15 17:18:41.459052,1,,,0.0,1,,0.0,3,4,1,1,xw98qnqc,,,,,1
20,9wj0dc0f,,0,54,53,post_experimental,FinalForProlific,2026-02-15 17:18:41.459052,1,,,0.0,1,,0.0,3,2,1,2,xw98qnqc,,,,,1
20,9wj0dc0f,,0,54,53,post_experimental,FinalForProlific,2026-02-15 17:18:41.459052,1,,,0.0,1,,0.0,3,3,1,3,xw98qnqc,,,,,1
20,9wj0dc0f,,0,54,53,post_experimental,FinalForProlific,2026-02-15 17:18:41.459052,1,,,0.0,1,,0.0,5,4,1,4,xw98qnqc,,,,,1
20,9wj0dc0f,,0,54,53,post_experimental,FinalForProlific,2026-02-15 17:18:41.459052,1,,,0.0,1,,0.0,6,5,1,5,xw98qnqc,,,,,1
20,9wj0dc0f,,0,54,53,post_experimental,FinalForProlific,2026-02-15 17:18:41.459052,1,,,0.0,1,,0.0,3,3,1,6,xw98qnqc,,,,,1
20,9wj0dc0f,,0,54,53,post_experimental,FinalForProlific,2026-02-15 17:18:41.459052,1,,,0.0,1,,0.0,5,5,1,7,xw98qnqc,,,,,1
20,9wj0dc0f,,0,54,53,post_experimental,FinalForProlific,2026-02-15 17:18:41.459052,1,,,0.0,1,,0.0,7,6,1,8,xw98qnqc,,,,,1
20,9wj0dc0f,,0,54,53,post_experimental,FinalForProlific,2026-02-15 17:18:41.459052,1,,,0.0,1,,0.0,5,4,1,9,xw98qnqc,,,,,1
20,9wj0dc0f,,0,54,53,post_experimental,FinalForProlific,2026-02-15 17:18:41.459052,1,,,0.0,1,,0.0,6,3,1,10,xw98qnqc,,,,,1
20,9wj0dc0f,,0,54,53,post_experimental,FinalForProlific,2026-02-15 17:18:41.459052,1,,,0.0,1,,0.0,5,5,1,11,xw98qnqc,,,,,1
20,9wj0dc0f,,0,54,53,post_experimental,FinalForProlific,2026-02-15 17:18:41.459052,1,,,0.0,1,,0.0,5,5,1,12,xw98qnqc,,,,,1
20,9wj0dc0f,,0,54,53,post_experimental,FinalForProlific,2026-02-15 17:18:41.459052,1,,,0.0,1,,0.0,4,3,1,13,xw98qnqc,,,,,1
20,9wj0dc0f,,0,54,53,post_experimental,FinalForProlific,2026-02-15 17:18:41.459052,1,,,0.0,1,,0.0,5,6,1,14,xw98qnqc,,,,,1
20,9wj0dc0f,,0,54,53,post_experimental,FinalForProlific,2026-02-15 17:18:41.459052,1,,,0.0,1,,0.0,5,4,1,15,xw98qnqc,,,,,1
20,9wj0dc0f,,0,54,53,post_experimental,FinalForProlific,2026-02-15 17:18:41.459052,1,,,0.0,1,,0.0,6,5,1,16,xw98qnqc,,,,,1
21,n3f3uhhx,,0,54,53,post_experimental,FinalForProlific,2026-02-15 17:05:04.459052,1,,,0.0,1,,0.0,3,4,1,1,xw98qnqc,,,,,1
21,n3f3uhhx,,0,54,53,post_experimental,FinalForProlific,2026-02-15 17:05:04.459052,1,,,0.0,1,,0.0,4,3,1,2,xw98qnqc,,,,,1
21,n3f3uhhx,,0,54,53,post_experimental,FinalForProlific,2026-02-15 17:05:04.459052,1,,,0.0,1,,0.0,3,2,1,3,xw98qnqc,,,,,1
21,n3f3uhhx,,0,54,53,post_experimental,FinalForProlific,2026-02-15 17:05:04.459052,1,,,0.0,1,,0.0,5,4,1,4,xw98qnqc,,,,,1
21,n3f3uhhx,,0,54,53,post_experimental,FinalForProlific,2026-02-15 17:05:04.459052,1,,,0.0,1,,0.0,6,5,1,5,xw98qnqc,,,,,1
21,n3f3uhhx,,0,54,53,post_experimental,FinalForProlific,2026-02-15 17:05:04.459052,1,,,0.0,1,,0.0,3,4,1,6,xw98qnqc,,,,,1
21,n3f3uhhx,,0,54,53,post_experimental,FinalForProlific,2026-02-15 17:05:04.459052,1,,,0.0,1,,0.0,3,3,1,7,xw98qnqc,,,,,1
21,n3f3uhhx,,0,54,53,post_experimental,FinalForProlific,2026-02-15 17:05:04.459052,1,,,0.0,1,,0.0,5,4,1,8,xw98qnqc,,,,,1
21,n3f3uhhx,,0,54,53,post_experimental,FinalForProlific,2026-02-15 17:05:04.459052,1,,,0.0,1,,0.0,3,4,1,9,xw98qnqc,,,,,1
21,n3f3uhhx,,0,54,53,post_experimental,FinalForProlific,2026-02-15 17:05:04.459052,1,,,0.0,1,,0.0,5,5,1,10,xw98qnqc,,,,,1
21,n3f3uhhx,,0,54,53,post_experimental,FinalForProlific,2026-02-15 17:05:04.459052,1,,,0.0,1,,0.0,4,3,1,11,xw98qnqc,,,,,1
21,n3f3uhhx,,0,54,53,post_experimental,FinalForProlific,2026-02-15 17:05:04.459052,1,,,0.0,1,,0.0,3,4,1,12,xw98qnqc,,,,,1
21,n3f3uhhx,,0,54,53,post_experimental,FinalForProlific,2026-02-15 17:05:04.459052,1,,,0.0,1,,0.0,4,3,1,13,xw98qnqc,,,,,1
21,n3f3uhhx,,0,54,53,post_experimental,FinalForProlific,2026-02-15 17:05:04.459052,1,,,0.0,1,,0.0,3,3,1,14,xw98qnqc,,,,,1
21,n3f3uhhx,,0,54,53,post_experimental,FinalForProlific,2026-02-15 17:05:04.459052,1,,,0.0,1,,0.0,5,4,1,15,xw98qnqc,,,,,1
21,n3f3uhhx,,0,54,53,post_experimental,FinalForProlific,2026-02-15 17:05:04.459052,1,,,0.0,1,,0.0,3,2,1,16,xw98qnqc,,,,,1
22,q8dvwpua,,0,54,53,post_experimental,FinalForProlific,2026-02-15 18:08:11.459052,1,,,0.0,1,,0.0,4,4,1,1,xw98qnqc,,,,,1
22,q8dvwpua,,0,54,53,post_experimental,FinalForProlific,2026-02-15 18:08:11.459052,1,,,0.0,1,,0.0,1,2,1,2,xw98qnqc,,,,,1
22,q8dvwpua,,0,54,53,post_experimental,FinalForProlific,2026-02-15 18:08:11.459052,1,,,0.0,1,,0.0,2,2,1,3,xw98qnqc,,,,,1
22,q8dvwpua,,0,54,53,post_experimental,FinalForProlific,2026-02-15 18:08:11.459052,1,,,0.0,1,,0.0,3,4,1,4,xw98qnqc,,,,,1
22,q8dvwpua,,0,54,53,post_experimental,FinalForProlific,2026-02-15 18:08:11.459052,1,,,0.0,1,,0.0,4,4,1,5,xw98qnqc,,,,,1
22,q8dvwpua,,0,54,53,post_experimental,FinalForProlific,2026-02-15 18:08:11.459052,1,,,0.0,1,,0.0,3,4,1,6,xw98qnqc,,,,,1
22,q8dvwpua,,0,54,53,post_experimental,FinalForProlific,2026-02-15 18:08:11.459052,1,,,0.0,1,,0.0,1,2,1,7,xw98qnqc,,,,,1
22,q8dvwpua,,0,54,53,post_experimental,FinalForProlific,2026-02-15 18:08:11.459052,1,,,0.0,1,,0.0,4,4,1,8,xw98qnqc,,,,,1
22,q8dvwpua,,0,54,53,post_experimental,FinalForProlific,2026-02-15 18:08:11.459052,1,,,0.0,1,,0.0,3,4,1,9,xw98qnqc,,,,,1
22,q8dvwpua,,0,54,53,post_experimental,FinalForProlific,2026-02-15 18:08:11.459052,1,,,0.0,1,,0.0,4,3,1,10,xw98qnqc,,,,,1
22,q8dvwpua,,0,54,53,post_experimental,FinalForProlific,2026-02-15 18:08:11.459052,1,,,0.0,1,,0.0,2,3,1,11,xw98qnqc,,,,,1
22,q8dvwpua,,0,54,53,post_experimental,FinalForProlific,2026-02-15 18:08:11.459052,1,,,0.0,1,,0.0,4,4,1,12,xw98qnqc,,,,,1
22,q8dvwpua,,0,54,53,post_experimental,FinalForProlific,2026-02-15 18:08:11.459052,1,,,0.0,1,,0.0,3,4,1,13,xw98qnqc,,,,,1
22,q8dvwpua,,0,54,53,post_experimental,FinalForProlific,2026-02-15 18:08:11.459052,1,,,0.0,1,,0.0,4,6,1,14,xw98qnqc,,,,,1
22,q8dvwpua,,0,54,53,post_experimental,FinalForProlific,2026-02-15 18:08:11.459052,1,,,0.0,1,,0.0,4,4,1,15,xw98qnqc,,,,,1
22,q8dvwpua,,0,54,53,post_experimental,FinalForProlific,2026-02-15 18:08:11.459052,1,,,0.0,1,,0.0,3,3,1,16,xw98qnqc,,,,,1
23,9cvc1h5a,,0,54,53,post_experimental,FinalForProlific,2026-02-15 18:16:01.459052,1,,,0.0,1,,0.0,7,6,1,1,xw98qnqc,,,,,1
23,9cvc1h5a,,0,54,53,post_experimental,FinalForProlific,2026-02-15 18:16:01.459052,1,,,0.0,1,,0.0,5,3,1,2,xw98qnqc,,,,,1
23,9cvc1h5a,,0,54,53,post_experimental,FinalForProlific,2026-02-15 18:16:01.459052,1,,,0.0,1,,0.0,7,6,1,3,xw98qnqc,,,,,1
23,9cvc1h5a,,0,54,53,post_experimental,FinalForProlific,2026-02-15 18:16:01.459052,1,,,0.0,1,,0.0,7,6,1,4,xw98qnqc,,,,,1
23,9cvc1h5a,,0,54,53,post_experimental,FinalForProlific,2026-02-15 18:16:01.459052,1,,,0.0,1,,0.0,5,5,1,5,xw98qnqc,,,,,1
23,9cvc1h5a,,0,54,53,post_experimental,FinalForProlific,2026-02-15 18:16:01.459052,1,,,0.0,1,,0.0,5,5,1,6,xw98qnqc,,,,,1
23,9cvc1h5a,,0,54,53,post_experimental,FinalForProlific,2026-02-15 18:16:01.459052,1,,,0.0,1,,0.0,4,3,1,7,xw98qnqc,,,,,1
23,9cvc1h5a,,0,54,53,post_experimental,FinalForProlific,2026-02-15 18:16:01.459052,1,,,0.0,1,,0.0,7,5,1,8,xw98qnqc,,,,,1
23,9cvc1h5a,,0,54,53,post_experimental,FinalForProlific,2026-02-15 18:16:01.459052,1,,,0.0,1,,0.0,6,5,1,9,xw98qnqc,,,,,1
23,9cvc1h5a,,0,54,53,post_experimental,FinalForProlific,2026-02-15 18:16:01.459052,1,,,0.0,1,,0.0,7,6,1,10,xw98qnqc,,,,,1
23,9cvc1h5a,,0,54,53,post_experimental,FinalForProlific,2026-02-15 18:16:01.459052,1,,,0.0,1,,0.0,6,5,1,11,xw98qnqc,,,,,1
23,9cvc1h5a,,0,54,53,post_experimental,FinalForProlific,2026-02-15 18:16:01.459052,1,,,0.0,1,,0.0,5,6,1,12,xw98qnqc,,,,,1
23,9cvc1h5a,,0,54,53,post_experimental,FinalForProlific,2026-02-15 18:16:01.459052,1,,,0.0,1,,0.0,6,5,1,13,xw98qnqc,,,,,1
23,9cvc1h5a,,0,54,53,post_experimental,FinalForProlific,2026-02-15 18:16:01.459052,1,,,0.0,1,,0.0,6,4,1,14,xw98qnqc,,,,,1
23,9cvc1h5a,,0,54,53,post_experimental,FinalForProlific,2026-02-15 18:16:01.459052,1,,,0.0,1,,0.0,6,4,1,15,xw98qnqc,,,,,1
23,9cvc1h5a,,0,54,53,post_experimental,FinalForProlific,2026-02-15 18:16:01.459052,1,,,0.0,1,,0.0,6,6,1,16,xw98qnqc,,,,,1
24,ukihs2n1,,0,54,53,post_experimental,FinalForProlific,2026-02-15 17:19:55.459052,1,,,0.0,1,,0.0,4,3,1,1,xw98qnqc,,,,,1
24,ukihs2n1,,0,54,53,post_experimental,FinalForProlific,2026-02-15 17:19:55.459052,1,,,0.0,1,,0.0,4,4,1,2,xw98qnqc,,,,,1
24,ukihs2n1,,0,54,53,post_experimental,FinalForProlific,2026-02-15 17:19:55.459052,1,,,0.0,1,,0.0,3,2,1,3,xw98qnqc,,,,,1
24,ukihs2n1,,0,54,53,post_experimental,FinalForProlific,2026-02-15 17:19:55.459052,1,,,0.0,1,,0.0,4,4,1,4,xw98qnqc,,,,,1
24,ukihs2n1,,0,54,53,post_experimental,FinalForProlific,2026-02-15 17:19:55.459052,1,,,0.0,1,,0.0,7,6,1,5,xw98qnqc,,,,,1
24,ukihs2n1,,0,54,53,post_experimental,FinalForProlific,2026-02-15 17:19:55.459052,1,,,0.0,1,,0.0,4,4,1,6,xw98qnqc,,,,,1
24,ukihs2n1,,0,54,53,post_experimental,FinalForProlific,2026-02-15 17:19:55.459052,1,,,0.0,1,,0.0,4,3,1,7,xw98qnqc,,,,,1
24,ukihs2n1,,0,54,53,post_experimental,FinalForProlific,2026-02-15 17:19:55.459052,1,,,0.0,1,,0.0,6,4,1,8,xw98qnqc,,,,,1
24,ukihs2n1,,0,54,53,post_experimental,FinalForProlific,2026-02-15 17:19:55.459052,1,,,0.0,1,,0.0,5,5,1,9,xw98qnqc,,,,,1
24,ukihs2n1,,0,54,53,post_experimental,FinalForProlific,2026-02-15 17:19:55.459052,1,,,0.0,1,,0.0,4,4,1,10,xw98qnqc,,,,,1
24,ukihs2n1,,0,54,53,post_experimental,FinalForProlific,2026-02-15 17:19:55.459052,1,,,0.0,1,,0.0,6,6,1,11,xw98qnqc,,,,,1
24,ukihs2n1,,0,54,53,post_experimental,FinalForProlific,2026-02-15 17:19:55.459052,1,,,0.0,1,,0.0,5,4,1,12,xw98qnqc,,,,,1
24,ukihs2n1,,0,54,53,post_experimental,FinalForProlific,2026-02-15 17:19:55.459052,1,,,0.0,1,,0.0,4,3,1,13,xw98qnqc,,,,,1
24,ukihs2n1,,0,54,53,post_experimental,FinalForProlific,2026-02-15 17:19:55.459052,1,,,0.0,1,,0.0,5,4,1,14,xw98qnqc,,,,,1
24,ukihs2n1,,0,54,53,post_experimental,FinalForProlific,2026-02-15 17:19:55.459052,1,,,0.0,1,,0.0,4,4,1,15,xw98qnqc,,,,,1
24,ukihs2n1,,0,54,53,post_experimental,FinalForProlific,2026-02-15 17:19:55.459052,1,,,0.0,1,,0.0,4,3,1,16,xw98qnqc,,,,,1
25,gy7xfi7e,,0,54,53,post_experimental,FinalForProlific,2026-02-15 17:29:51.459052,1,,,0.0,1,,0.0,4,5,1,1,xw98qnqc,,,,,1
25,gy7xfi7e,,0,54,53,post_experimental,FinalForProlific,2026-02-15 17:29:51.459052,1,,,0.0,1,,0.0,3,3,1,2,xw98qnqc,,,,,1
25,gy7xfi7e,,0,54,53,post_experimental,FinalForProlific,2026-02-15 17:29:51.459052,1,,,0.0,1,,0.0,2,2,1,3,xw98qnqc,,,,,1
25,gy7xfi7e,,0,54,53,post_experimental,FinalForProlific,2026-02-15 17:29:51.459052,1,,,0.0,1,,0.0,6,6,1,4,xw98qnqc,,,,,1
25,gy7xfi7e,,0,54,53,post_experimental,FinalForProlific,2026-02-15 17:29:51.459052,1,,,0.0,1,,0.0,5,5,1,5,xw98qnqc,,,,,1
25,gy7xfi7e,,0,54,53,post_experimental,FinalForProlific,2026-02-15 17:29:51.459052,1,,,0.0,1,,0.0,2,3,1,6,xw98qnqc,,,,,1
25,gy7xfi7e,,0,54,53,post_experimental,FinalForProlific,2026-02-15 17:29:51.459052,1,,,0.0,1,,0.0,2,1,1,7,xw98qnqc,,,,,1
25,gy7xfi7e,,0,54,53,post_experimental,FinalForProlific,2026-02-15 17:29:51.459052,1,,,0.0,1,,0.0,5,5,1,8,xw98qnqc,,,,,1
25,gy7xfi7e,,0,54,53,post_experimental,FinalForProlific,2026-02-15 17:29:51.459052,1,,,0.0,1,,0.0,6,5,1,9,xw98qnqc,,,,,1
25,gy7xfi7e,,0,54,53,post_experimental,FinalForProlific,2026-02-15 17:29:51.459052,1,,,0.0,1,,0.0,5,4,1,10,xw98qnqc,,,,,1
25,gy7xfi7e,,0,54,53,post_experimental,FinalForProlific,2026-02-15 17:29:51.459052,1,,,0.0,1,,0.0,4,5,1,11,xw98qnqc,,,,,1
25,gy7xfi7e,,0,54,53,post_experimental,FinalForProlific,2026-02-15 17:29:51.459052,1,,,0.0,1,,0.0,5,6,1,12,xw98qnqc,,,,,1
25,gy7xfi7e,,0,54,53,post_experimental,FinalForProlific,2026-02-15 17:29:51.459052,1,,,0.0,1,,0.0,3,4,1,13,xw98qnqc,,,,,1
25,gy7xfi7e,,0,54,53,post_experimental,FinalForProlific,2026-02-15 17:29:51.459052,1,,,0.0,1,,0.0,3,5,1,14,xw98qnqc,,,,,1
25,gy7xfi7e,,0,54,53,post_experimental,FinalForProlific,2026-02-15 17:29:51.459052,1,,,0.0,1,,0.0,3,3,1,15,xw98qnqc,,,,,1
25,gy7xfi7e,,0,54,53,post_experimental,FinalForProlific,2026-02-15 17:29:51.459052,1,,,0.0,1,,0.0,5,5,1,16,xw98qnqc,,,,,1
26,6xbre0if,,0,54,53,post_experimental,FinalForProlific,2026-02-15 17:17:25.459052,1,,,0.0,1,,0.0,3,4,1,1,xw98qnqc,,,,,1
26,6xbre0if,,0,54,53,post_experimental,FinalForProlific,2026-02-15 17:17:25.459052,1,,,0.0,1,,0.0,2,2,1,2,xw98qnqc,,,,,1
26,6xbre0if,,0,54,53,post_experimental,FinalForProlific,2026-02-15 17:17:25.459052,1,,,0.0,1,,0.0,2,5,1,3,xw98qnqc,,,,,1
26,6xbre0if,,0,54,53,post_experimental,FinalForProlific,2026-02-15 17:17:25.459052,1,,,0.0,1,,0.0,5,7,1,4,xw98qnqc,,,,,1
26,6xbre0if,,0,54,53,post_experimental,FinalForProlific,2026-02-15 17:17:25.459052,1,,,0.0,1,,0.0,6,5,1,5,xw98qnqc,,,,,1
26,6xbre0if,,0,54,53,post_experimental,FinalForProlific,2026-02-15 17:17:25.459052,1,,,0.0,1,,0.0,4,4,1,6,xw98qnqc,,,,,1
26,6xbre0if,,0,54,53,post_experimental,FinalForProlific,2026-02-15 17:17:25.459052,1,,,0.0,1,,0.0,4,3,1,7,xw98qnqc,,,,,1
26,6xbre0if,,0,54,53,post_experimental,FinalForProlific,2026-02-15 17:17:25.459052,1,,,0.0,1,,0.0,6,5,1,8,xw98qnqc,,,,,1
26,6xbre0if,,0,54,53,post_experimental,FinalForProlific,2026-02-15 17:17:25.459052,1,,,0.0,1,,0.0,5,5,1,9,xw98qnqc,,,,,1
26,6xbre0if,,0,54,53,post_experimental,FinalForProlific,2026-02-15 17:17:25.459052,1,,,0.0,1,,0.0,6,5,1,10,xw98qnqc,,,,,1
26,6xbre0if,,0,54,53,post_experimental,FinalForProlific,2026-02-15 17:17:25.459052,1,,,0.0,1,,0.0,4,3,1,11,xw98qnqc,,,,,1
26,6xbre0if,,0,54,53,post_experimental,FinalForProlific,2026-02-15 17:17:25.459052,1,,,0.0,1,,0.0,4,5,1,12,xw98qnqc,,,,,1
26,6xbre0if,,0,54,53,post_experimental,FinalForProlific,2026-02-15 17:17:25.459052,1,,,0.0,1,,0.0,4,4,1,13,xw98qnqc,,,,,1
26,6xbre0if,,0,54,53,post_experimental,FinalForProlific,2026-02-15 17:17:25.459052,1,,,0.0,1,,0.0,5,5,1,14,xw98qnqc,,,,,1
26,6xbre0if,,0,54,53,post_experimental,FinalForProlific,2026-02-15 17:17:25.459052,1,,,0.0,1,,0.0,4,6,1,15,xw98qnqc,,,,,1
26,6xbre0if,,0,54,53,post_experimental,FinalForProlific,2026-02-15 17:17:25.459052,1,,,0.0,1,,0.0,3,4,1,16,xw98qnqc,,,,,1
27,42zya1mf,,0,54,53,post_experimental,FinalForProlific,2026-02-15 17:43:49.459052,1,,,0.0,1,,0.0,4,3,1,1,xw98qnqc,,,,,1
27,42zya1mf,,0,54,53,post_experimental,FinalForProlific,2026-02-15 17:43:49.459052,1,,,0.0,1,,0.0,3,3,1,2,xw98qnqc,,,,,1
27,42zya1mf,,0,54,53,post_experimental,FinalForProlific,2026-02-15 17:43:49.459052,1,,,0.0,1,,0.0,3,3,1,3,xw98qnqc,,,,,1
27,42zya1mf,,0,54,53,post_experimental,FinalForProlific,2026-02-15 17:43:49.459052,1,,,0.0,1,,0.0,5,6,1,4,xw98qnqc,,,,,1
27,42zya1mf,,0,54,53,post_experimental,FinalForProlific,2026-02-15 17:43:49.459052,1,,,0.0,1,,0.0,5,5,1,5,xw98qnqc,,,,,1
27,42zya1mf,,0,54,53,post_experimental,FinalForProlific,2026-02-15 17:43:49.459052,1,,,0.0,1,,0.0,3,2,1,6,xw98qnqc,,,,,1
27,42zya1mf,,0,54,53,post_experimental,FinalForProlific,2026-02-15 17:43:49.459052,1,,,0.0,1,,0.0,1,1,1,7,xw98qnqc,,,,,1
27,42zya1mf,,0,54,53,post_experimental,FinalForProlific,2026-02-15 17:43:49.459052,1,,,0.0,1,,0.0,4,4,1,8,xw98qnqc,,,,,1
27,42zya1mf,,0,54,53,post_experimental,FinalForProlific,2026-02-15 17:43:49.459052,1,,,0.0,1,,0.0,5,4,1,9,xw98qnqc,,,,,1
27,42zya1mf,,0,54,53,post_experimental,FinalForProlific,2026-02-15 17:43:49.459052,1,,,0.0,1,,0.0,2,3,1,10,xw98qnqc,,,,,1
27,42zya1mf,,0,54,53,post_experimental,FinalForProlific,2026-02-15 17:43:49.459052,1,,,0.0,1,,0.0,5,4,1,11,xw98qnqc,,,,,1
27,42zya1mf,,0,54,53,post_experimental,FinalForProlific,2026-02-15 17:43:49.459052,1,,,0.0,1,,0.0,3,6,1,12,xw98qnqc,,,,,1
27,42zya1mf,,0,54,53,post_experimental,FinalForProlific,2026-02-15 17:43:49.459052,1,,,0.0,1,,0.0,3,4,1,13,xw98qnqc,,,,,1
27,42zya1mf,,0,54,53,post_experimental,FinalForProlific,2026-02-15 17:43:49.459052,1,,,0.0,1,,0.0,4,6,1,14,xw98qnqc,,,,,1
27,42zya1mf,,0,54,53,post_experimental,FinalForProlific,2026-02-15 17:43:49.459052,1,,,0.0,1,,0.0,3,3,1,15,xw98qnqc,,,,,1
27,42zya1mf,,0,54,53,post_experimental,FinalForProlific,2026-02-15 17:43:49.459052,1,,,0.0,1,,0.0,5,5,1,16,xw98qnqc,,,,,1
28,5dx85ks3,,0,54,53,post_experimental,FinalForProlific,2026-02-15 18:05:57.459052,1,,,0.0,1,,0.0,4,2,1,1,xw98qnqc,,,,,1
28,5dx85ks3,,0,54,53,post_experimental,FinalForProlific,2026-02-15 18:05:57.459052,1,,,0.0,1,,0.0,5,5,1,2,xw98qnqc,,,,,1
28,5dx85ks3,,0,54,53,post_experimental,FinalForProlific,2026-02-15 18:05:57.459052,1,,,0.0,1,,0.0,4,4,1,3,xw98qnqc,,,,,1
28,5dx85ks3,,0,54,53,post_experimental,FinalForProlific,2026-02-15 18:05:57.459052,1,,,0.0,1,,0.0,5,5,1,4,xw98qnqc,,,,,1
28,5dx85ks3,,0,54,53,post_experimental,FinalForProlific,2026-02-15 18:05:57.459052,1,,,0.0,1,,0.0,5,5,1,5,xw98qnqc,,,,,1
28,5dx85ks3,,0,54,53,post_experimental,FinalForProlific,2026-02-15 18:05:57.459052,1,,,0.0,1,,0.0,1,3,1,6,xw98qnqc,,,,,1
28,5dx85ks3,,0,54,53,post_experimental,FinalForProlific,2026-02-15 18:05:57.459052,1,,,0.0,1,,0.0,3,3,1,7,xw98qnqc,,,,,1
28,5dx85ks3,,0,54,53,post_experimental,FinalForProlific,2026-02-15 18:05:57.459052,1,,,0.0,1,,0.0,6,6,1,8,xw98qnqc,,,,,1
28,5dx85ks3,,0,54,53,post_experimental,FinalForProlific,2026-02-15 18:05:57.459052,1,,,0.0,1,,0.0,4,5,1,9,xw98qnqc,,,,,1
28,5dx85ks3,,0,54,53,post_experimental,FinalForProlific,2026-02-15 18:05:57.459052,1,,,0.0,1,,0.0,7,6,1,10,xw98qnqc,,,,,1
28,5dx85ks3,,0,54,53,post_experimental,FinalForProlific,2026-02-15 18:05:57.459052,1,,,0.0,1,,0.0,3,3,1,11,xw98qnqc,,,,,1
28,5dx85ks3,,0,54,53,post_experimental,FinalForProlific,2026-02-15 18:05:57.459052,1,,,0.0,1,,0.0,5,6,1,12,xw98qnqc,,,,,1
28,5dx85ks3,,0,54,53,post_experimental,FinalForProlific,2026-02-15 18:05:57.459052,1,,,0.0,1,,0.0,4,4,1,13,xw98qnqc,,,,,1
28,5dx85ks3,,0,54,53,post_experimental,FinalForProlific,2026-02-15 18:05:57.459052,1,,,0.0,1,,0.0,3,3,1,14,xw98qnqc,,,,,1
28,5dx85ks3,,0,54,53,post_experimental,FinalForProlific,2026-02-15 18:05:57.459052,1,,,0.0,1,,0.0,5,4,1,15,xw98qnqc,,,,,1
28,5dx85ks3,,0,54,53,post_experimental,FinalForProlific,2026-02-15 18:05:57.459052,1,,,0.0,1,,0.0,6,6,1,16,xw98qnqc,,,,,1
29,xl8t0e3s,,0,54,53,post_experimental,FinalForProlific,2026-02-15 17:24:58.459052,1,,,0.0,1,,0.0,4,3,1,1,xw98qnqc,,,,,1
29,xl8t0e3s,,0,54,53,post_experimental,FinalForProlific,2026-02-15 17:24:58.459052,1,,,0.0,1,,0.0,3,2,1,2,xw98qnqc,,,,,1
29,xl8t0e3s,,0,54,53,post_experimental,FinalForProlific,2026-02-15 17:24:58.459052,1,,,0.0,1,,0.0,4,3,1,3,xw98qnqc,,,,,1
29,xl8t0e3s,,0,54,53,post_experimental,FinalForProlific,2026-02-15 17:24:58.459052,1,,,0.0,1,,0.0,5,5,1,4,xw98qnqc,,,,,1
29,xl8t0e3s,,0,54,53,post_experimental,FinalForProlific,2026-02-15 17:24:58.459052,1,,,0.0,1,,0.0,4,5,1,5,xw98qnqc,,,,,1
29,xl8t0e3s,,0,54,53,post_experimental,FinalForProlific,2026-02-15 17:24:58.459052,1,,,0.0,1,,0.0,1,2,1,6,xw98qnqc,,,,,1
29,xl8t0e3s,,0,54,53,post_experimental,FinalForProlific,2026-02-15 17:24:58.459052,1,,,0.0,1,,0.0,2,2,1,7,xw98qnqc,,,,,1
29,xl8t0e3s,,0,54,53,post_experimental,FinalForProlific,2026-02-15 17:24:58.459052,1,,,0.0,1,,0.0,6,5,1,8,xw98qnqc,,,,,1
29,xl8t0e3s,,0,54,53,post_experimental,FinalForProlific,2026-02-15 17:24:58.459052,1,,,0.0,1,,0.0,5,5,1,9,xw98qnqc,,,,,1
29,xl8t0e3s,,0,54,53,post_experimental,FinalForProlific,2026-02-15 17:24:58.459052,1,,,0.0,1,,0.0,3,3,1,10,xw98qnqc,,,,,1
29,xl8t0e3s,,0,54,53,post_experimental,FinalForProlific,2026-02-15 17:24:58.459052,1,,,0.0,1,,0.0,2,2,1,11,xw98qnqc,,,,,1
29,xl8t0e3s,,0,54,53,post_experimental,FinalForProlific,2026-02-15 17:24:58.459052,1,,,0.0,1,,0.0,4,3,1,12,xw98qnqc,,,,,1
29,xl8t0e3s,,0,54,53,post_experimental,FinalForProlific,2026-02-15 17:24:58.459052,1,,,0.0,1,,0.0,3,4,1,13,xw98qnqc,,,,,1
29,xl8t0e3s,,0,54,53,post_experimental,FinalForProlific,2026-02-15 17:24:58.459052,1,,,0.0,1,,0.0,4,4,1,14,xw98qnqc,,,,,1
29,xl8t0e3s,,0,54,53,post_experimental,FinalForProlific,2026-02-15 17:24:58.459052,1,,,0.0,1,,0.0,3,3,1,15,xw98qnqc,,,,,1
29,xl8t0e3s,,0,54,53,post_experimental,FinalForProlific,2026-02-15 17:24:58.459052,1,,,0.0,1,,0.0,2,3,1,16,xw98qnqc,,,,,1
30,mj6vyeyv,,0,54,53,post_experimental,FinalForProlific,2026-02-15 17:51:45.459052,1,,,0.0,1,,0.0,4,3,1,1,xw98qnqc,,,,,1
30,mj6vyeyv,,0,54,53,post_experimental,FinalForProlific,2026-02-15 17:51:45.459052,1,,,0.0,1,,0.0,3,3,1,2,xw98qnqc,,,,,1
30,mj6vyeyv,,0,54,53,post_experimental,FinalForProlific,2026-02-15 17:51:45.459052,1,,,0.0,1,,0.0,3,3,1,3,xw98qnqc,,,,,1
30,mj6vyeyv,,0,54,53,post_experimental,FinalForProlific,2026-02-15 17:51:45.459052,1,,,0.0,1,,0.0,6,6,1,4,xw98qnqc,,,,,1
30,mj6vyeyv,,0,54,53,post_experimental,FinalForProlific,2026-02-15 17:51:45.459052,1,,,0.0,1,,0.0,7,5,1,5,xw98qnqc,,,,,1
30,mj6vyeyv,,0,54,53,post_experimental,FinalForProlific,2026-02-15 17:51:45.459052,1,,,0.0,1,,0.0,4,3,1,6,xw98qnqc,,,,,1
30,mj6vyeyv,,0,54,53,post_experimental,FinalForProlific,2026-02-15 17:51:45.459052,1,,,0.0,1,,0.0,3,2,1,7,xw98qnqc,,,,,1
30,mj6vyeyv,,0,54,53,post_experimental,FinalForProlific,2026-02-15 17:51:45.459052,1,,,0.0,1,,0.0,3,3,1,8,xw98qnqc,,,,,1
30,mj6vyeyv,,0,54,53,post_experimental,FinalForProlific,2026-02-15 17:51:45.459052,1,,,0.0,1,,0.0,4,4,1,9,xw98qnqc,,,,,1
30,mj6vyeyv,,0,54,53,post_experimental,FinalForProlific,2026-02-15 17:51:45.459052,1,,,0.0,1,,0.0,5,5,1,10,xw98qnqc,,,,,1
30,mj6vyeyv,,0,54,53,post_experimental,FinalForProlific,2026-02-15 17:51:45.459052,1,,,0.0,1,,0.0,4,3,1,11,xw98qnqc,,,,,1
30,mj6vyeyv,,0,54,53,post_experimental,FinalForProlific,2026-02-15 17:51:45.459052,1,,,0.0,1,,0.0,6,5,1,12,xw98qnqc,,,,,1
30,mj6vyeyv,,0,54,53,post_experimental,FinalForProlific,2026-02-15 17:51:45.459052,1,,,0.0,1,,0.0,4,4,1,13,xw98qnqc,,,,,1
30,mj6vyeyv,,0,54,53,post_experimental,FinalForProlific,2026-02-15 17:51:45.459052,1,,,0.0,1,,0.0,3,3,1,14,xw98qnqc,,,,,1
30,mj6vyeyv,,0,54,53,post_experimental,FinalForProlific,2026-02-15 17:51:45.459052,1,,,0.0,1,,0.0,4,4,1,15,xw98qnqc,,,,,1
30,mj6vyeyv,,0,54,53,post_experimental,FinalForProlific,2026-02-15 17:51:45.459052,1,,,0.0,1,,0.0,5,4,1,16,xw98qnqc,,,,,1
31,c6m8ak27,,0,54,53,post_experimental,FinalForProlific,2026-02-15 18:00:50.459052,1,,,0.0,1,,0.0,4,4,1,1,xw98qnqc,,,,,1
31,c6m8ak27,,0,54,53,post_experimental,FinalForProlific,2026-02-15 18:00:50.459052,1,,,0.0,1,,0.0,4,3,1,2,xw98qnqc,,,,,1
31,c6m8ak27,,0,54,53,post_experimental,FinalForProlific,2026-02-15 18:00:50.459052,1,,,0.0,1,,0.0,2,1,1,3,xw98qnqc,,,,,1
31,c6m8ak27,,0,54,53,post_experimental,FinalForProlific,2026-02-15 18:00:50.459052,1,,,0.0,1,,0.0,5,5,1,4,xw98qnqc,,,,,1
31,c6m8ak27,,0,54,53,post_experimental,FinalForProlific,2026-02-15 18:00:50.459052,1,,,0.0,1,,0.0,6,6,1,5,xw98qnqc,,,,,1
31,c6m8ak27,,0,54,53,post_experimental,FinalForProlific,2026-02-15 18:00:50.459052,1,,,0.0,1,,0.0,5,4,1,6,xw98qnqc,,,,,1
31,c6m8ak27,,0,54,53,post_experimental,FinalForProlific,2026-02-15 18:00:50.459052,1,,,0.0,1,,0.0,5,4,1,7,xw98qnqc,,,,,1
31,c6m8ak27,,0,54,53,post_experimental,FinalForProlific,2026-02-15 18:00:50.459052,1,,,0.0,1,,0.0,6,4,1,8,xw98qnqc,,,,,1
31,c6m8ak27,,0,54,53,post_experimental,FinalForProlific,2026-02-15 18:00:50.459052,1,,,0.0,1,,0.0,5,6,1,9,xw98qnqc,,,,,1
31,c6m8ak27,,0,54,53,post_experimental,FinalForProlific,2026-02-15 18:00:50.459052,1,,,0.0,1,,0.0,4,5,1,10,xw98qnqc,,,,,1
31,c6m8ak27,,0,54,53,post_experimental,FinalForProlific,2026-02-15 18:00:50.459052,1,,,0.0,1,,0.0,5,3,1,11,xw98qnqc,,,,,1
31,c6m8ak27,,0,54,53,post_experimental,FinalForProlific,2026-02-15 18:00:50.459052,1,,,0.0,1,,0.0,5,4,1,12,xw98qnqc,,,,,1
31,c6m8ak27,,0,54,53,post_experimental,FinalForProlific,2026-02-15 18:00:50.459052,1,,,0.0,1,,0.0,5,4,1,13,xw98qnqc,,,,,1
31,c6m8ak27,,0,54,53,post_experimental,FinalForProlific,2026-02-15 18:00:50.459052,1,,,0.0,1,,0.0,5,4,1,14,xw98qnqc,,,,,1
31,c6m8ak27,,0,54,53,post_experimental,FinalForProlific,2026-02-15 18:00:50.459052,1,,,0.0,1,,0.0,2,4,1,15,xw98qnqc,,,,,1
31,c6m8ak27,,0,54,53,post_experimental,FinalForProlific,2026-02-15 18:00:50.459052,1,,,0.0,1,,0.0,4,4,1,16,xw98qnqc,,,,,1
32,axl523bg,,0,54,53,post_experimental,FinalForProlific,2026-02-15 18:09:36.459052,1,,,0.0,1,,0.0,3,3,1,1,xw98qnqc,,,,,1
32,axl523bg,,0,54,53,post_experimental,FinalForProlific,2026-02-15 18:09:36.459052,1,,,0.0,1,,0.0,2,2,1,2,xw98qnqc,,,,,1
32,axl523bg,,0,54,53,post_experimental,FinalForProlific,2026-02-15 18:09:36.459052,1,,,0.0,1,,0.0,4,3,1,3,xw98qnqc,,,,,1
32,axl523bg,,0,54,53,post_experimental,FinalForProlific,2026-02-15 18:09:36.459052,1,,,0.0,1,,0.0,3,6,1,4,xw98qnqc,,,,,1
32,axl523bg,,0,54,53,post_experimental,FinalForProlific,2026-02-15 18:09:36.459052,1,,,0.0,1,,0.0,6,6,1,5,xw98qnqc,,,,,1
32,axl523bg,,0,54,53,post_experimental,FinalForProlific,2026-02-15 18:09:36.459052,1,,,0.0,1,,0.0,5,4,1,6,xw98qnqc,,,,,1
32,axl523bg,,0,54,53,post_experimental,FinalForProlific,2026-02-15 18:09:36.459052,1,,,0.0,1,,0.0,4,3,1,7,xw98qnqc,,,,,1
32,axl523bg,,0,54,53,post_experimental,FinalForProlific,2026-02-15 18:09:36.459052,1,,,0.0,1,,0.0,6,6,1,8,xw98qnqc,,,,,1
32,axl523bg,,0,54,53,post_experimental,FinalForProlific,2026-02-15 18:09:36.459052,1,,,0.0,1,,0.0,5,5,1,9,xw98qnqc,,,,,1
32,axl523bg,,0,54,53,post_experimental,FinalForProlific,2026-02-15 18:09:36.459052,1,,,0.0,1,,0.0,4,4,1,10,xw98qnqc,,,,,1
32,axl523bg,,0,54,53,post_experimental,FinalForProlific,2026-02-15 18:09:36.459052,1,,,0.0,1,,0.0,4,4,1,11,xw98qnqc,,,,,1
32,axl523bg,,0,54,53,post_experimental,FinalForProlific,2026-02-15 18:09:36.459052,1,,,0.0,1,,0.0,3,5,1,12,xw98qnqc,,,,,1
32,axl523bg,,0,54,53,post_experimental,FinalForProlific,2026-02-15 18:09:36.459052,1,,,0.0,1,,0.0,5,4,1,13,xw98qnqc,,,,,1
32,axl523bg,,0,54,53,post_experimental,FinalForProlific,2026-02-15 18:09:36.459052,1,,,0.0,1,,0.0,4,4,1,14,xw98qnqc,,,,,1
32,axl523bg,,0,54,53,post_experimental,FinalForProlific,2026-02-15 18:09:36.459052,1,,,0.0,1,,0.0,5,5,1,15,xw98qnqc,,,,,1
32,axl523bg,,0,54,53,post_experimental,FinalForProlific,2026-02-15 18:09:36.459052,1,,,0.0,1,,0.0,5,4,1,16,xw98qnqc,,,,,1
33,v80qoskk,,0,54,53,post_experimental,FinalForProlific,2026-02-15 17:27:29.459052,1,,,0.0,1,,0.0,5,5,1,1,xw98qnqc,,,,,1
33,v80qoskk,,0,54,53,post_experimental,FinalForProlific,2026-02-15 17:27:29.459052,1,,,0.0,1,,0.0,3,4,1,2,xw98qnqc,,,,,1
33,v80qoskk,,0,54,53,post_experimental,FinalForProlific,2026-02-15 17:27:29.459052,1,,,0.0,1,,0.0,5,3,1,3,xw98qnqc,,,,,1
33,v80qoskk,,0,54,53,post_experimental,FinalForProlific,2026-02-15 17:27:29.459052,1,,,0.0,1,,0.0,4,5,1,4,xw98qnqc,,,,,1
33,v80qoskk,,0,54,53,post_experimental,FinalForProlific,2026-02-15 17:27:29.459052,1,,,0.0,1,,0.0,6,6,1,5,xw98qnqc,,,,,1
33,v80qoskk,,0,54,53,post_experimental,FinalForProlific,2026-02-15 17:27:29.459052,1,,,0.0,1,,0.0,1,1,1,6,xw98qnqc,,,,,1
33,v80qoskk,,0,54,53,post_experimental,FinalForProlific,2026-02-15 17:27:29.459052,1,,,0.0,1,,0.0,3,4,1,7,xw98qnqc,,,,,1
33,v80qoskk,,0,54,53,post_experimental,FinalForProlific,2026-02-15 17:27:29.459052,1,,,0.0,1,,0.0,5,4,1,8,xw98qnqc,,,,,1
33,v80qoskk,,0,54,53,post_experimental,FinalForProlific,2026-02-15 17:27:29.459052,1,,,0.0,1,,0.0,6,6,1,9,xw98qnqc,,,,,1
33,v80qoskk,,0,54,53,post_experimental,FinalForProlific,2026-02-15 17:27:29.459052,1,,,0.0,1,,0.0,5,4,1,10,xw98qnqc,,,,,1
33,v80qoskk,,0,54,53,post_experimental,FinalForProlific,2026-02-15 17:27:29.459052,1,,,0.0,1,,0.0,5,4,1,11,xw98qnqc,,,,,1
33,v80qoskk,,0,54,53,post_experimental,FinalForProlific,2026-02-15 17:27:29.459052,1,,,0.0,1,,0.0,5,6,1,12,xw98qnqc,,,,,1
33,v80qoskk,,0,54,53,post_experimental,FinalForProlific,2026-02-15 17:27:29.459052,1,,,0.0,1,,0.0,6,6,1,13,xw98qnqc,,,,,1
33,v80qoskk,,0,54,53,post_experimental,FinalForProlific,2026-02-15 17:27:29.459052,1,,,0.0,1,,0.0,5,4,1,14,xw98qnqc,,,,,1
33,v80qoskk,,0,54,53,post_experimental,FinalForProlific,2026-02-15 17:27:29.459052,1,,,0.0,1,,0.0,4,4,1,15,xw98qnqc,,,,,1
33,v80qoskk,,0,54,53,post_experimental,FinalForProlific,2026-02-15 17:27:29.459052,1,,,0.0,1,,0.0,3,3,1,16,xw98qnqc,,,,,1
34,nxagweb1,,0,54,53,post_experimental,FinalForProlific,2026-02-15 17:57:50.459052,1,,,0.0,1,,0.0,4,4,1,1,xw98qnqc,,,,,1
34,nxagweb1,,0,54,53,post_experimental,FinalForProlific,2026-02-15 17:57:50.459052,1,,,0.0,1,,0.0,2,3,1,2,xw98qnqc,,,,,1
34,nxagweb1,,0,54,53,post_experimental,FinalForProlific,2026-02-15 17:57:50.459052,1,,,0.0,1,,0.0,3,4,1,3,xw98qnqc,,,,,1
34,nxagweb1,,0,54,53,post_experimental,FinalForProlific,2026-02-15 17:57:50.459052,1,,,0.0,1,,0.0,7,6,1,4,xw98qnqc,,,,,1
34,nxagweb1,,0,54,53,post_experimental,FinalForProlific,2026-02-15 17:57:50.459052,1,,,0.0,1,,0.0,4,5,1,5,xw98qnqc,,,,,1
34,nxagweb1,,0,54,53,post_experimental,FinalForProlific,2026-02-15 17:57:50.459052,1,,,0.0,1,,0.0,4,3,1,6,xw98qnqc,,,,,1
34,nxagweb1,,0,54,53,post_experimental,FinalForProlific,2026-02-15 17:57:50.459052,1,,,0.0,1,,0.0,4,4,1,7,xw98qnqc,,,,,1
34,nxagweb1,,0,54,53,post_experimental,FinalForProlific,2026-02-15 17:57:50.459052,1,,,0.0,1,,0.0,5,6,1,8,xw98qnqc,,,,,1
34,nxagweb1,,0,54,53,post_experimental,FinalForProlific,2026-02-15 17:57:50.459052,1,,,0.0,1,,0.0,6,6,1,9,xw98qnqc,,,,,1
34,nxagweb1,,0,54,53,post_experimental,FinalForProlific,2026-02-15 17:57:50.459052,1,,,0.0,1,,0.0,7,6,1,10,xw98qnqc,,,,,1
34,nxagweb1,,0,54,53,post_experimental,FinalForProlific,2026-02-15 17:57:50.459052,1,,,0.0,1,,0.0,5,4,1,11,xw98qnqc,,,,,1
34,nxagweb1,,0,54,53,post_experimental,FinalForProlific,2026-02-15 17:57:50.459052,1,,,0.0,1,,0.0,4,4,1,12,xw98qnqc,,,,,1
34,nxagweb1,,0,54,53,post_experimental,FinalForProlific,2026-02-15 17:57:50.459052,1,,,0.0,1,,0.0,4,3,1,13,xw98qnqc,,,,,1
34,nxagweb1,,0,54,53,post_experimental,FinalForProlific,2026-02-15 17:57:50.459052,1,,,0.0,1,,0.0,5,5,1,14,xw98qnqc,,,,,1
34,nxagweb1,,0,54,53,post_experimental,FinalForProlific,2026-02-15 17:57:50.459052,1,,,0.0,1,,0.0,2,5,1,15,xw98qnqc,,,,,1
34,nxagweb1,,0,54,53,post_experimental,FinalForProlific,2026-02-15 17:57:50.459052,1,,,0.0,1,,0.0,5,5,1,16,xw98qnqc,,,,,1
35,9syt1cs5,,0,54,53,post_experimental,FinalForProlific,2026-02-15 17:26:57.459052,1,,,0.0,1,,0.0,5,4,1,1,xw98qnqc,,,,,1
35,9syt1cs5,,0,54,53,post_experimental,FinalForProlific,2026-02-15 17:26:57.459052,1,,,0.0,1,,0.0,5,4,1,2,xw98qnqc,,,,,1
35,9syt1cs5,,0,54,53,post_experimental,FinalForProlific,2026-02-15 17:26:57.459052,1,,,0.0,1,,0.0,3,3,1,3,xw98qnqc,,,,,1
35,9syt1cs5,,0,54,53,post_experimental,FinalForProlific,2026-02-15 17:26:57.459052,1,,,0.0,1,,0.0,6,5,1,4,xw98qnqc,,,,,1
35,9syt1cs5,,0,54,53,post_experimental,FinalForProlific,2026-02-15 17:26:57.459052,1,,,0.0,1,,0.0,6,6,1,5,xw98qnqc,,,,,1
35,9syt1cs5,,0,54,53,post_experimental,FinalForProlific,2026-02-15 17:26:57.459052,1,,,0.0,1,,0.0,5,2,1,6,xw98qnqc,,,,,1
35,9syt1cs5,,0,54,53,post_experimental,FinalForProlific,2026-02-15 17:26:57.459052,1,,,0.0,1,,0.0,4,4,1,7,xw98qnqc,,,,,1
35,9syt1cs5,,0,54,53,post_experimental,FinalForProlific,2026-02-15 17:26:57.459052,1,,,0.0,1,,0.0,4,3,1,8,xw98qnqc,,,,,1
35,9syt1cs5,,0,54,53,post_experimental,FinalForProlific,2026-02-15 17:26:57.459052,1,,,0.0,1,,0.0,5,4,1,9,xw98qnqc,,,,,1
35,9syt1cs5,,0,54,53,post_experimental,FinalForProlific,2026-02-15 17:26:57.459052,1,,,0.0,1,,0.0,5,4,1,10,xw98qnqc,,,,,1
35,9syt1cs5,,0,54,53,post_experimental,FinalForProlific,2026-02-15 17:26:57.459052,1,,,0.0,1,,0.0,4,4,1,11,xw98qnqc,,,,,1
35,9syt1cs5,,0,54,53,post_experimental,FinalForProlific,2026-02-15 17:26:57.459052,1,,,0.0,1,,0.0,5,4,1,12,xw98qnqc,,,,,1
35,9syt1cs5,,0,54,53,post_experimental,FinalForProlific,2026-02-15 17:26:57.459052,1,,,0.0,1,,0.0,4,5,1,13,xw98qnqc,,,,,1
35,9syt1cs5,,0,54,53,post_experimental,FinalForProlific,2026-02-15 17:26:57.459052,1,,,0.0,1,,0.0,7,5,1,14,xw98qnqc,,,,,1
35,9syt1cs5,,0,54,53,post_experimental,FinalForProlific,2026-02-15 17:26:57.459052,1,,,0.0,1,,0.0,6,5,1,15,xw98qnqc,,,,,1
35,9syt1cs5,,0,54,53,post_experimental,FinalForProlific,2026-02-15 17:26:57.459052,1,,,0.0,1,,0.0,7,4,1,16,xw98qnqc,,,,,1
36,sibeo61p,,0,54,53,post_experimental,FinalForProlific,2026-02-15 17:22:37.459052,1,,,0.0,1,,0.0,5,5,1,1,xw98qnqc,,,,,1
36,sibeo61p,,0,54,53,post_experimental,FinalForProlific,2026-02-15 17:22:37.459052,1,,,0.0,1,,0.0,3,4,1,2,xw98qnqc,,,,,1
36,sibeo61p,,0,54,53,post_experimental,FinalForProlific,2026-02-15 17:22:37.459052,1,,,0.0,1,,0.0,2,3,1,3,xw98qnqc,,,,,1
36,sibeo61p,,0,54,53,post_experimental,FinalForProlific,2026-02-15 17:22:37.459052,1,,,0.0,1,,0.0,4,4,1,4,xw98qnqc,,,,,1
36,sibeo61p,,0,54,53,post_experimental,FinalForProlific,2026-02-15 17:22:37.459052,1,,,0.0,1,,0.0,5,6,1,5,xw98qnqc,,,,,1
36,sibeo61p,,0,54,53,post_experimental,FinalForProlific,2026-02-15 17:22:37.459052,1,,,0.0,1,,0.0,3,4,1,6,xw98qnqc,,,,,1
36,sibeo61p,,0,54,53,post_experimental,FinalForProlific,2026-02-15 17:22:37.459052,1,,,0.0,1,,0.0,4,3,1,7,xw98qnqc,,,,,1
36,sibeo61p,,0,54,53,post_experimental,FinalForProlific,2026-02-15 17:22:37.459052,1,,,0.0,1,,0.0,4,5,1,8,xw98qnqc,,,,,1
36,sibeo61p,,0,54,53,post_experimental,FinalForProlific,2026-02-15 17:22:37.459052,1,,,0.0,1,,0.0,4,4,1,9,xw98qnqc,,,,,1
36,sibeo61p,,0,54,53,post_experimental,FinalForProlific,2026-02-15 17:22:37.459052,1,,,0.0,1,,0.0,4,4,1,10,xw98qnqc,,,,,1
36,sibeo61p,,0,54,53,post_experimental,FinalForProlific,2026-02-15 17:22:37.459052,1,,,0.0,1,,0.0,4,4,1,11,xw98qnqc,,,,,1
36,sibeo61p,,0,54,53,post_experimental,FinalForProlific,2026-02-15 17:22:37.459052,1,,,0.0,1,,0.0,4,4,1,12,xw98qnqc,,,,,1
36,sibeo61p,,0,54,53,post_experimental,FinalForProlific,2026-02-15 17:22:37.459052,1,,,0.0,1,,0.0,4,4,1,13,xw98qnqc,,,,,1
36,sibeo61p,,0,54,53,post_experimental,FinalForProlific,2026-02-15 17:22:37.459052,1,,,0.0,1,,0.0,4,3,1,14,xw98qnqc,,,,,1
36,sibeo61p,,0,54,53,post_experimental,FinalForProlific,2026-02-15 17:22:37.459052,1,,,0.0,1,,0.0,3,4,1,15,xw98qnqc,,,,,1
36,sibeo61p,,0,54,53,post_experimental,FinalForProlific,2026-02-15 17:22:37.459052,1,,,0.0,1,,0.0,3,4,1,16,xw98qnqc,,,,,1
37,tm9lr7tg,,0,54,53,post_experimental,FinalForProlific,2026-02-15 17:54:00.459052,1,,,0.0,1,,0.0,2,3,1,1,xw98qnqc,,,,,1
37,tm9lr7tg,,0,54,53,post_experimental,FinalForProlific,2026-02-15 17:54:00.459052,1,,,0.0,1,,0.0,3,4,1,2,xw98qnqc,,,,,1
37,tm9lr7tg,,0,54,53,post_experimental,FinalForProlific,2026-02-15 17:54:00.459052,1,,,0.0,1,,0.0,4,4,1,3,xw98qnqc,,,,,1
37,tm9lr7tg,,0,54,53,post_experimental,FinalForProlific,2026-02-15 17:54:00.459052,1,,,0.0,1,,0.0,5,5,1,4,xw98qnqc,,,,,1
37,tm9lr7tg,,0,54,53,post_experimental,FinalForProlific,2026-02-15 17:54:00.459052,1,,,0.0,1,,0.0,4,5,1,5,xw98qnqc,,,,,1
37,tm9lr7tg,,0,54,53,post_experimental,FinalForProlific,2026-02-15 17:54:00.459052,1,,,0.0,1,,0.0,4,4,1,6,xw98qnqc,,,,,1
37,tm9lr7tg,,0,54,53,post_experimental,FinalForProlific,2026-02-15 17:54:00.459052,1,,,0.0,1,,0.0,2,3,1,7,xw98qnqc,,,,,1
37,tm9lr7tg,,0,54,53,post_experimental,FinalForProlific,2026-02-15 17:54:00.459052,1,,,0.0,1,,0.0,4,4,1,8,xw98qnqc,,,,,1
37,tm9lr7tg,,0,54,53,post_experimental,FinalForProlific,2026-02-15 17:54:00.459052,1,,,0.0,1,,0.0,3,4,1,9,xw98qnqc,,,,,1
37,tm9lr7tg,,0,54,53,post_experimental,FinalForProlific,2026-02-15 17:54:00.459052,1,,,0.0,1,,0.0,4,5,1,10,xw98qnqc,,,,,1
37,tm9lr7tg,,0,54,53,post_experimental,FinalForProlific,2026-02-15 17:54:00.459052,1,,,0.0,1,,0.0,3,4,1,11,xw98qnqc,,,,,1
37,tm9lr7tg,,0,54,53,post_experimental,FinalForProlific,2026-02-15 17:54:00.459052,1,,,0.0,1,,0.0,3,4,1,12,xw98qnqc,,,,,1
37,tm9lr7tg,,0,54,53,post_experimental,FinalForProlific,2026-02-15 17:54:00.459052,1,,,0.0,1,,0.0,3,3,1,13,xw98qnqc,,,,,1
37,tm9lr7tg,,0,54,53,post_experimental,FinalForProlific,2026-02-15 17:54:00.459052,1,,,0.0,1,,0.0,4,5,1,14,xw98qnqc,,,,,1
37,tm9lr7tg,,0,54,53,post_experimental,FinalForProlific,2026-02-15 17:54:00.459052,1,,,0.0,1,,0.0,2,2,1,15,xw98qnqc,,,,,1
37,tm9lr7tg,,0,54,53,post_experimental,FinalForProlific,2026-02-15 17:54:00.459052,1,,,0.0,1,,0.0,4,6,1,16,xw98qnqc,,,,,1
38,ruvqc5fk,,0,54,53,post_experimental,FinalForProlific,2026-02-15 17:54:08.459052,1,,,0.0,1,,0.0,3,4,1,1,xw98qnqc,,,,,1
38,ruvqc5fk,,0,54,53,post_experimental,FinalForProlific,2026-02-15 17:54:08.459052,1,,,0.0,1,,0.0,3,3,1,2,xw98qnqc,,,,,1
38,ruvqc5fk,,0,54,53,post_experimental,FinalForProlific,2026-02-15 17:54:08.459052,1,,,0.0,1,,0.0,5,4,1,3,xw98qnqc,,,,,1
38,ruvqc5fk,,0,54,53,post_experimental,FinalForProlific,2026-02-15 17:54:08.459052,1,,,0.0,1,,0.0,5,6,1,4,xw98qnqc,,,,,1
38,ruvqc5fk,,0,54,53,post_experimental,FinalForProlific,2026-02-15 17:54:08.459052,1,,,0.0,1,,0.0,6,4,1,5,xw98qnqc,,,,,1
38,ruvqc5fk,,0,54,53,post_experimental,FinalForProlific,2026-02-15 17:54:08.459052,1,,,0.0,1,,0.0,4,3,1,6,xw98qnqc,,,,,1
38,ruvqc5fk,,0,54,53,post_experimental,FinalForProlific,2026-02-15 17:54:08.459052,1,,,0.0,1,,0.0,3,3,1,7,xw98qnqc,,,,,1
38,ruvqc5fk,,0,54,53,post_experimental,FinalForProlific,2026-02-15 17:54:08.459052,1,,,0.0,1,,0.0,6,4,1,8,xw98qnqc,,,,,1
38,ruvqc5fk,,0,54,53,post_experimental,FinalForProlific,2026-02-15 17:54:08.459052,1,,,0.0,1,,0.0,5,6,1,9,xw98qnqc,,,,,1
38,ruvqc5fk,,0,54,53,post_experimental,FinalForProlific,2026-02-15 17:54:08.459052,1,,,0.0,1,,0.0,4,5,1,10,xw98qnqc,,,,,1
38,ruvqc5fk,,0,54,53,post_experimental,FinalForProlific,2026-02-15 17:54:08.459052,1,,,0.0,1,,0.0,3,4,1,11,xw98qnqc,,,,,1
38,ruvqc5fk,,0,54,53,post_experimental,FinalForProlific,2026-02-15 17:54:08.459052,1,,,0.0,1,,0.0,5,4,1,12,xw98qnqc,,,,,1
38,ruvqc5fk,,0,54,53,post_experimental,FinalForProlific,2026-02-15 17:54:08.459052,1,,,0.0,1,,0.0,3,4,1,13,xw98qnqc,,,,,1
38,ruvqc5fk,,0,54,53,post_experimental,FinalForProlific,2026-02-15 17:54:08.459052,1,,,0.0,1,,0.0,4,4,1,14,xw98qnqc,,,,,1
38,ruvqc5fk,,0,54,53,post_experimental,FinalForProlific,2026-02-15 17:54:08.459052,1,,,0.0,1,,0.0,3,4,1,15,xw98qnqc,,,,,1
38,ruvqc5fk,,0,54,53,post_experimental,FinalForProlific,2026-02-15 17:54:08.459052,1,,,0.0,1,,0.0,6,6,1,16,xw98qnqc,,,,,1
39,xixjutl9,,0,54,53,post_experimental,FinalForProlific,2026-02-15 17:54:55.459052,1,,,0.0,1,,0.0,5,7,1,1,xw98qnqc,,,,,1
39,xixjutl9,,0,54,53,post_experimental,FinalForProlific,2026-02-15 17:54:55.459052,1,,,0.0,1,,0.0,4,3,1,2,xw98qnqc,,,,,1
39,xixjutl9,,0,54,53,post_experimental,FinalForProlific,2026-02-15 17:54:55.459052,1,,,0.0,1,,0.0,3,3,1,3,xw98qnqc,,,,,1
39,xixjutl9,,0,54,53,post_experimental,FinalForProlific,2026-02-15 17:54:55.459052,1,,,0.0,1,,0.0,5,6,1,4,xw98qnqc,,,,,1
39,xixjutl9,,0,54,53,post_experimental,FinalForProlific,2026-02-15 17:54:55.459052,1,,,0.0,1,,0.0,5,5,1,5,xw98qnqc,,,,,1
39,xixjutl9,,0,54,53,post_experimental,FinalForProlific,2026-02-15 17:54:55.459052,1,,,0.0,1,,0.0,3,3,1,6,xw98qnqc,,,,,1
39,xixjutl9,,0,54,53,post_experimental,FinalForProlific,2026-02-15 17:54:55.459052,1,,,0.0,1,,0.0,3,4,1,7,xw98qnqc,,,,,1
39,xixjutl9,,0,54,53,post_experimental,FinalForProlific,2026-02-15 17:54:55.459052,1,,,0.0,1,,0.0,2,3,1,8,xw98qnqc,,,,,1
39,xixjutl9,,0,54,53,post_experimental,FinalForProlific,2026-02-15 17:54:55.459052,1,,,0.0,1,,0.0,5,5,1,9,xw98qnqc,,,,,1
39,xixjutl9,,0,54,53,post_experimental,FinalForProlific,2026-02-15 17:54:55.459052,1,,,0.0,1,,0.0,3,4,1,10,xw98qnqc,,,,,1
39,xixjutl9,,0,54,53,post_experimental,FinalForProlific,2026-02-15 17:54:55.459052,1,,,0.0,1,,0.0,3,4,1,11,xw98qnqc,,,,,1
39,xixjutl9,,0,54,53,post_experimental,FinalForProlific,2026-02-15 17:54:55.459052,1,,,0.0,1,,0.0,5,6,1,12,xw98qnqc,,,,,1
39,xixjutl9,,0,54,53,post_experimental,FinalForProlific,2026-02-15 17:54:55.459052,1,,,0.0,1,,0.0,3,3,1,13,xw98qnqc,,,,,1
39,xixjutl9,,0,54,53,post_experimental,FinalForProlific,2026-02-15 17:54:55.459052,1,,,0.0,1,,0.0,4,5,1,14,xw98qnqc,,,,,1
39,xixjutl9,,0,54,53,post_experimental,FinalForProlific,2026-02-15 17:54:55.459052,1,,,0.0,1,,0.0,5,4,1,15,xw98qnqc,,,,,1
39,xixjutl9,,0,54,53,post_experimental,FinalForProlific,2026-02-15 17:54:55.459052,1,,,0.0,1,,0.0,3,3,1,16,xw98qnqc,,,,,1
40,ow5jjvx7,,0,54,53,post_experimental,FinalForProlific,2026-02-15 18:16:33.459052,1,,,0.0,1,,0.0,2,1,1,1,xw98qnqc,,,,,1
40,ow5jjvx7,,0,54,53,post_experimental,FinalForProlific,2026-02-15 18:16:33.459052,1,,,0.0,1,,0.0,4,4,1,2,xw98qnqc,,,,,1
40,ow5jjvx7,,0,54,53,post_experimental,FinalForProlific,2026-02-15 18:16:33.459052,1,,,0.0,1,,0.0,2,4,1,3,xw98qnqc,,,,,1
40,ow5jjvx7,,0,54,53,post_experimental,FinalForProlific,2026-02-15 18:16:33.459052,1,,,0.0,1,,0.0,5,5,1,4,xw98qnqc,,,,,1
40,ow5jjvx7,,0,54,53,post_experimental,FinalForProlific,2026-02-15 18:16:33.459052,1,,,0.0,1,,0.0,3,5,1,5,xw98qnqc,,,,,1
40,ow5jjvx7,,0,54,53,post_experimental,FinalForProlific,2026-02-15 18:16:33.459052,1,,,0.0,1,,0.0,1,2,1,6,xw98qnqc,,,,,1
40,ow5jjvx7,,0,54,53,post_experimental,FinalForProlific,2026-02-15 18:16:33.459052,1,,,0.0,1,,0.0,1,2,1,7,xw98qnqc,,,,,1
40,ow5jjvx7,,0,54,53,post_experimental,FinalForProlific,2026-02-15 18:16:33.459052,1,,,0.0,1,,0.0,4,4,1,8,xw98qnqc,,,,,1
40,ow5jjvx7,,0,54,53,post_experimental,FinalForProlific,2026-02-15 18:16:33.459052,1,,,0.0,1,,0.0,4,5,1,9,xw98qnqc,,,,,1
40,ow5jjvx7,,0,54,53,post_experimental,FinalForProlific,2026-02-15 18:16:33.459052,1,,,0.0,1,,0.0,4,4,1,10,xw98qnqc,,,,,1
40,ow5jjvx7,,0,54,53,post_experimental,FinalForProlific,2026-02-15 18:16:33.459052,1,,,0.0,1,,0.0,3,4,1,11,xw98qnqc,,,,,1
40,ow5jjvx7,,0,54,53,post_experimental,FinalForProlific,2026-02-15 18:16:33.459052,1,,,0.0,1,,0.0,4,4,1,12,xw98qnqc,,,,,1
40,ow5jjvx7,,0,54,53,post_experimental,FinalForProlific,2026-02-15 18:16:33.459052,1,,,0.0,1,,0.0,3,5,1,13,xw98qnqc,,,,,1
40,ow5jjvx7,,0,54,53,post_experimental,FinalForProlific,2026-02-15 18:16:33.459052,1,,,0.0,1,,0.0,5,4,1,14,xw98qnqc,,,,,1
40,ow5jjvx7,,0,54,53,post_experimental,FinalForProlific,2026-02-15 18:16:33.459052,1,,,0.0,1,,0.0,3,4,1,15,xw98qnqc,,,,,1
40,ow5jjvx7,,0,54,53,post_experimental,FinalForProlific,2026-02-15 18:16:33.459052,1,,,0.0,1,,0.0,3,4,1,16,xw98qnqc,,,,,1
41,0qcty84w,,0,54,53,post_experimental,FinalForProlific,2026-02-15 17:35:37.459052,1,,,0.0,1,,0.0,3,3,1,1,xw98qnqc,,,,,1
41,0qcty84w,,0,54,53,post_experimental,FinalForProlific,2026-02-15 17:35:37.459052,1,,,0.0,1,,0.0,2,3,1,2,xw98qnqc,,,,,1
41,0qcty84w,,0,54,53,post_experimental,FinalForProlific,2026-02-15 17:35:37.459052,1,,,0.0,1,,0.0,3,3,1,3,xw98qnqc,,,,,1
41,0qcty84w,,0,54,53,post_experimental,FinalForProlific,2026-02-15 17:35:37.459052,1,,,0.0,1,,0.0,4,5,1,4,xw98qnqc,,,,,1
41,0qcty84w,,0,54,53,post_experimental,FinalForProlific,2026-02-15 17:35:37.459052,1,,,0.0,1,,0.0,4,4,1,5,xw98qnqc,,,,,1
41,0qcty84w,,0,54,53,post_experimental,FinalForProlific,2026-02-15 17:35:37.459052,1,,,0.0,1,,0.0,4,3,1,6,xw98qnqc,,,,,1
41,0qcty84w,,0,54,53,post_experimental,FinalForProlific,2026-02-15 17:35:37.459052,1,,,0.0,1,,0.0,1,2,1,7,xw98qnqc,,,,,1
41,0qcty84w,,0,54,53,post_experimental,FinalForProlific,2026-02-15 17:35:37.459052,1,,,0.0,1,,0.0,5,5,1,8,xw98qnqc,,,,,1
41,0qcty84w,,0,54,53,post_experimental,FinalForProlific,2026-02-15 17:35:37.459052,1,,,0.0,1,,0.0,3,4,1,9,xw98qnqc,,,,,1
41,0qcty84w,,0,54,53,post_experimental,FinalForProlific,2026-02-15 17:35:37.459052,1,,,0.0,1,,0.0,4,3,1,10,xw98qnqc,,,,,1
41,0qcty84w,,0,54,53,post_experimental,FinalForProlific,2026-02-15 17:35:37.459052,1,,,0.0,1,,0.0,3,2,1,11,xw98qnqc,,,,,1
41,0qcty84w,,0,54,53,post_experimental,FinalForProlific,2026-02-15 17:35:37.459052,1,,,0.0,1,,0.0,5,3,1,12,xw98qnqc,,,,,1
41,0qcty84w,,0,54,53,post_experimental,FinalForProlific,2026-02-15 17:35:37.459052,1,,,0.0,1,,0.0,4,4,1,13,xw98qnqc,,,,,1
41,0qcty84w,,0,54,53,post_experimental,FinalForProlific,2026-02-15 17:35:37.459052,1,,,0.0,1,,0.0,6,4,1,14,xw98qnqc,,,,,1
41,0qcty84w,,0,54,53,post_experimental,FinalForProlific,2026-02-15 17:35:37.459052,1,,,0.0,1,,0.0,4,3,1,15,xw98qnqc,,,,,1
41,0qcty84w,,0,54,53,post_experimental,FinalForProlific,2026-02-15 17:35:37.459052,1,,,0.0,1,,0.0,3,4,1,16,xw98qnqc,,,,,1
42,b0483vj1,,0,54,53,post_experimental,FinalForProlific,2026-02-15 18:17:46.459052,1,,,0.0,1,,0.0,6,4,1,1,xw98qnqc,,,,,1
42,b0483vj1,,0,54,53,post_experimental,FinalForProlific,2026-02-15 18:17:46.459052,1,,,0.0,1,,0.0,4,3,1,2,xw98qnqc,,,,,1
42,b0483vj1,,0,54,53,post_experimental,FinalForProlific,2026-02-15 18:17:46.459052,1,,,0.0,1,,0.0,2,3,1,3,xw98qnqc,,,,,1
42,b0483vj1,,0,54,53,post_experimental,FinalForProlific,2026-02-15 18:17:46.459052,1,,,0.0,1,,0.0,6,5,1,4,xw98qnqc,,,,,1
42,b0483vj1,,0,54,53,post_experimental,FinalForProlific,2026-02-15 18:17:46.459052,1,,,0.0,1,,0.0,7,6,1,5,xw98qnqc,,,,,1
42,b0483vj1,,0,54,53,post_experimental,FinalForProlific,2026-02-15 18:17:46.459052,1,,,0.0,1,,0.0,4,2,1,6,xw98qnqc,,,,,1
42,b0483vj1,,0,54,53,post_experimental,FinalForProlific,2026-02-15 18:17:46.459052,1,,,0.0,1,,0.0,3,3,1,7,xw98qnqc,,,,,1
42,b0483vj1,,0,54,53,post_experimental,FinalForProlific,2026-02-15 18:17:46.459052,1,,,0.0,1,,0.0,5,4,1,8,xw98qnqc,,,,,1
42,b0483vj1,,0,54,53,post_experimental,FinalForProlific,2026-02-15 18:17:46.459052,1,,,0.0,1,,0.0,6,6,1,9,xw98qnqc,,,,,1
42,b0483vj1,,0,54,53,post_experimental,FinalForProlific,2026-02-15 18:17:46.459052,1,,,0.0,1,,0.0,3,4,1,10,xw98qnqc,,,,,1
42,b0483vj1,,0,54,53,post_experimental,FinalForProlific,2026-02-15 18:17:46.459052,1,,,0.0,1,,0.0,5,4,1,11,xw98qnqc,,,,,1
42,b0483vj1,,0,54,53,post_experimental,FinalForProlific,2026-02-15 18:17:46.459052,1,,,0.0,1,,0.0,4,4,1,12,xw98qnqc,,,,,1
42,b0483vj1,,0,54,53,post_experimental,FinalForProlific,2026-02-15 18:17:46.459052,1,,,0.0,1,,0.0,6,5,1,13,xw98qnqc,,,,,1
42,b0483vj1,,0,54,53,post_experimental,FinalForProlific,2026-02-15 18:17:46.459052,1,,,0.0,1,,0.0,5,3,1,14,xw98qnqc,,,,,1
42,b0483vj1,,0,54,53,post_experimental,FinalForProlific,2026-02-15 18:17:46.459052,1,,,0.0,1,,0.0,6,5,1,15,xw98qnqc,,,,,1
42,b0483vj1,,0,54,53,post_experimental,FinalForProlific,2026-02-15 18:17:46.459052,1,,,0.0,1,,0.0,4,4,1,16,xw98qnqc,,,,,1
43,rf4o5b7q,,0,54,53,post_experimental,FinalForProlific,2026-02-15 17:49:10.459052,1,,,0.0,1,,0.0,4,3,1,1,xw98qnqc,,,,,1
43,rf4o5b7q,,0,54,53,post_experimental,FinalForProlific,2026-02-15 17:49:10.459052,1,,,0.0,1,,0.0,2,3,1,2,xw98qnqc,,,,,1
43,rf4o5b7q,,0,54,53,post_experimental,FinalForProlific,2026-02-15 17:49:10.459052,1,,,0.0,1,,0.0,3,3,1,3,xw98qnqc,,,,,1
43,rf4o5b7q,,0,54,53,post_experimental,FinalForProlific,2026-02-15 17:49:10.459052,1,,,0.0,1,,0.0,3,4,1,4,xw98qnqc,,,,,1
43,rf4o5b7q,,0,54,53,post_experimental,FinalForProlific,2026-02-15 17:49:10.459052,1,,,0.0,1,,0.0,6,5,1,5,xw98qnqc,,,,,1
43,rf4o5b7q,,0,54,53,post_experimental,FinalForProlific,2026-02-15 17:49:10.459052,1,,,0.0,1,,0.0,4,3,1,6,xw98qnqc,,,,,1
43,rf4o5b7q,,0,54,53,post_experimental,FinalForProlific,2026-02-15 17:49:10.459052,1,,,0.0,1,,0.0,3,3,1,7,xw98qnqc,,,,,1
43,rf4o5b7q,,0,54,53,post_experimental,FinalForProlific,2026-02-15 17:49:10.459052,1,,,0.0,1,,0.0,6,6,1,8,xw98qnqc,,,,,1
43,rf4o5b7q,,0,54,53,post_experimental,FinalForProlific,2026-02-15 17:49:10.459052,1,,,0.0,1,,0.0,2,3,1,9,xw98qnqc,,,,,1
43,rf4o5b7q,,0,54,53,post_experimental,FinalForProlific,2026-02-15 17:49:10.459052,1,,,0.0,1,,0.0,4,4,1,10,xw98qnqc,,,,,1
43,rf4o5b7q,,0,54,53,post_experimental,FinalForProlific,2026-02-15 17:49:10.459052,1,,,0.0,1,,0.0,4,4,1,11,xw98qnqc,,,,,1
43,rf4o5b7q,,0,54,53,post_experimental,FinalForProlific,2026-02-15 17:49:10.459052,1,,,0.0,1,,0.0,3,5,1,12,xw98qnqc,,,,,1
43,rf4o5b7q,,0,54,53,post_experimental,FinalForProlific,2026-02-15 17:49:10.459052,1,,,0.0,1,,0.0,3,4,1,13,xw98qnqc,,,,,1
43,rf4o5b7q,,0,54,53,post_experimental,FinalForProlific,2026-02-15 17:49:10.459052,1,,,0.0,1,,0.0,4,4,1,14,xw98qnqc,,,,,1
43,rf4o5b7q,,0,54,53,post_experimental,FinalForProlific,2026-02-15 17:49:10.459052,1,,,0.0,1,,0.0,3,3,1,15,xw98qnqc,,,,,1
43,rf4o5b7q,,0,54,53,post_experimental,FinalForProlific,2026-02-15 17:49:10.459052,1,,,0.0,1,,0.0,4,5,1,16,xw98qnqc,,,,,1
44,l9oszcm6,,0,54,53,post_experimental,FinalForProlific,2026-02-15 17:26:54.459052,1,,,0.0,1,,0.0,5,4,1,1,xw98qnqc,,,,,1
44,l9oszcm6,,0,54,53,post_experimental,FinalForProlific,2026-02-15 17:26:54.459052,1,,,0.0,1,,0.0,4,3,1,2,xw98qnqc,,,,,1
44,l9oszcm6,,0,54,53,post_experimental,FinalForProlific,2026-02-15 17:26:54.459052,1,,,0.0,1,,0.0,3,3,1,3,xw98qnqc,,,,,1
44,l9oszcm6,,0,54,53,post_experimental,FinalForProlific,2026-02-15 17:26:54.459052,1,,,0.0,1,,0.0,5,5,1,4,xw98qnqc,,,,,1
44,l9oszcm6,,0,54,53,post_experimental,FinalForProlific,2026-02-15 17:26:54.459052,1,,,0.0,1,,0.0,3,5,1,5,xw98qnqc,,,,,1
44,l9oszcm6,,0,54,53,post_experimental,FinalForProlific,2026-02-15 17:26:54.459052,1,,,0.0,1,,0.0,2,3,1,6,xw98qnqc,,,,,1
44,l9oszcm6,,0,54,53,post_experimental,FinalForProlific,2026-02-15 17:26:54.459052,1,,,0.0,1,,0.0,1,2,1,7,xw98qnqc,,,,,1
44,l9oszcm6,,0,54,53,post_experimental,FinalForProlific,2026-02-15 17:26:54.459052,1,,,0.0,1,,0.0,3,4,1,8,xw98qnqc,,,,,1
44,l9oszcm6,,0,54,53,post_experimental,FinalForProlific,2026-02-15 17:26:54.459052,1,,,0.0,1,,0.0,4,5,1,9,xw98qnqc,,,,,1
44,l9oszcm6,,0,54,53,post_experimental,FinalForProlific,2026-02-15 17:26:54.459052,1,,,0.0,1,,0.0,4,4,1,10,xw98qnqc,,,,,1
44,l9oszcm6,,0,54,53,post_experimental,FinalForProlific,2026-02-15 17:26:54.459052,1,,,0.0,1,,0.0,2,2,1,11,xw98qnqc,,,,,1
44,l9oszcm6,,0,54,53,post_experimental,FinalForProlific,2026-02-15 17:26:54.459052,1,,,0.0,1,,0.0,3,4,1,12,xw98qnqc,,,,,1
44,l9oszcm6,,0,54,53,post_experimental,FinalForProlific,2026-02-15 17:26:54.459052,1,,,0.0,1,,0.0,3,3,1,13,xw98qnqc,,,,,1
44,l9oszcm6,,0,54,53,post_experimental,FinalForProlific,2026-02-15 17:26:54.459052,1,,,0.0,1,,0.0,4,5,1,14,xw98qnqc,,,,,1
44,l9oszcm6,,0,54,53,post_experimental,FinalForProlific,2026-02-15 17:26:54.459052,1,,,0.0,1,,0.0,3,4,1,15,xw98qnqc,,,,,1
44,l9oszcm6,,0,54,53,post_experimental,FinalForProlific,2026-02-15 17:26:54.459052,1,,,0.0,1,,0.0,2,3,1,16,xw98qnqc,,,,,1
45,1gakrbav,,0,54,53,post_experimental,FinalForProlific,2026-02-15 17:30:44.459052,1,,,0.0,1,,0.0,5,4,1,1,xw98qnqc,,,,,1
45,1gakrbav,,0,54,53,post_experimental,FinalForProlific,2026-02-15 17:30:44.459052,1,,,0.0,1,,0.0,4,4,1,2,xw98qnqc,,,,,1
45,1gakrbav,,0,54,53,post_experimental,FinalForProlific,2026-02-15 17:30:44.459052,1,,,0.0,1,,0.0,5,3,1,3,xw98qnqc,,,,,1
45,1gakrbav,,0,54,53,post_experimental,FinalForProlific,2026-02-15 17:30:44.459052,1,,,0.0,1,,0.0,6,4,1,4,xw98qnqc,,,,,1
45,1gakrbav,,0,54,53,post_experimental,FinalForProlific,2026-02-15 17:30:44.459052,1,,,0.0,1,,0.0,6,4,1,5,xw98qnqc,,,,,1
45,1gakrbav,,0,54,53,post_experimental,FinalForProlific,2026-02-15 17:30:44.459052,1,,,0.0,1,,0.0,4,3,1,6,xw98qnqc,,,,,1
45,1gakrbav,,0,54,53,post_experimental,FinalForProlific,2026-02-15 17:30:44.459052,1,,,0.0,1,,0.0,4,4,1,7,xw98qnqc,,,,,1
45,1gakrbav,,0,54,53,post_experimental,FinalForProlific,2026-02-15 17:30:44.459052,1,,,0.0,1,,0.0,6,3,1,8,xw98qnqc,,,,,1
45,1gakrbav,,0,54,53,post_experimental,FinalForProlific,2026-02-15 17:30:44.459052,1,,,0.0,1,,0.0,6,4,1,9,xw98qnqc,,,,,1
45,1gakrbav,,0,54,53,post_experimental,FinalForProlific,2026-02-15 17:30:44.459052,1,,,0.0,1,,0.0,5,5,1,10,xw98qnqc,,,,,1
45,1gakrbav,,0,54,53,post_experimental,FinalForProlific,2026-02-15 17:30:44.459052,1,,,0.0,1,,0.0,4,3,1,11,xw98qnqc,,,,,1
45,1gakrbav,,0,54,53,post_experimental,FinalForProlific,2026-02-15 17:30:44.459052,1,,,0.0,1,,0.0,6,4,1,12,xw98qnqc,,,,,1
45,1gakrbav,,0,54,53,post_experimental,FinalForProlific,2026-02-15 17:30:44.459052,1,,,0.0,1,,0.0,6,5,1,13,xw98qnqc,,,,,1
45,1gakrbav,,0,54,53,post_experimental,FinalForProlific,2026-02-15 17:30:44.459052,1,,,0.0,1,,0.0,5,4,1,14,xw98qnqc,,,,,1
45,1gakrbav,,0,54,53,post_experimental,FinalForProlific,2026-02-15 17:30:44.459052,1,,,0.0,1,,0.0,6,5,1,15,xw98qnqc,,,,,1
45,1gakrbav,,0,54,53,post_experimental,FinalForProlific,2026-02-15 17:30:44.459052,1,,,0.0,1,,0.0,5,5,1,16,xw98qnqc,,,,,1
46,ylxc7ca1,,0,54,53,post_experimental,FinalForProlific,2026-02-15 18:07:17.459052,1,,,0.0,1,,0.0,5,4,1,1,xw98qnqc,,,,,1
46,ylxc7ca1,,0,54,53,post_experimental,FinalForProlific,2026-02-15 18:07:17.459052,1,,,0.0,1,,0.0,2,3,1,2,xw98qnqc,,,,,1
46,ylxc7ca1,,0,54,53,post_experimental,FinalForProlific,2026-02-15 18:07:17.459052,1,,,0.0,1,,0.0,2,3,1,3,xw98qnqc,,,,,1
46,ylxc7ca1,,0,54,53,post_experimental,FinalForProlific,2026-02-15 18:07:17.459052,1,,,0.0,1,,0.0,5,6,1,4,xw98qnqc,,,,,1
46,ylxc7ca1,,0,54,53,post_experimental,FinalForProlific,2026-02-15 18:07:17.459052,1,,,0.0,1,,0.0,5,4,1,5,xw98qnqc,,,,,1
46,ylxc7ca1,,0,54,53,post_experimental,FinalForProlific,2026-02-15 18:07:17.459052,1,,,0.0,1,,0.0,3,4,1,6,xw98qnqc,,,,,1
46,ylxc7ca1,,0,54,53,post_experimental,FinalForProlific,2026-02-15 18:07:17.459052,1,,,0.0,1,,0.0,1,2,1,7,xw98qnqc,,,,,1
46,ylxc7ca1,,0,54,53,post_experimental,FinalForProlific,2026-02-15 18:07:17.459052,1,,,0.0,1,,0.0,5,5,1,8,xw98qnqc,,,,,1
46,ylxc7ca1,,0,54,53,post_experimental,FinalForProlific,2026-02-15 18:07:17.459052,1,,,0.0,1,,0.0,4,4,1,9,xw98qnqc,,,,,1
46,ylxc7ca1,,0,54,53,post_experimental,FinalForProlific,2026-02-15 18:07:17.459052,1,,,0.0,1,,0.0,5,5,1,10,xw98qnqc,,,,,1
46,ylxc7ca1,,0,54,53,post_experimental,FinalForProlific,2026-02-15 18:07:17.459052,1,,,0.0,1,,0.0,3,2,1,11,xw98qnqc,,,,,1
46,ylxc7ca1,,0,54,53,post_experimental,FinalForProlific,2026-02-15 18:07:17.459052,1,,,0.0,1,,0.0,3,2,1,12,xw98qnqc,,,,,1
46,ylxc7ca1,,0,54,53,post_experimental,FinalForProlific,2026-02-15 18:07:17.459052,1,,,0.0,1,,0.0,6,5,1,13,xw98qnqc,,,,,1
46,ylxc7ca1,,0,54,53,post_experimental,FinalForProlific,2026-02-15 18:07:17.459052,1,,,0.0,1,,0.0,4,4,1,14,xw98qnqc,,,,,1
46,ylxc7ca1,,0,54,53,post_experimental,FinalForProlific,2026-02-15 18:07:17.459052,1,,,0.0,1,,0.0,4,4,1,15,xw98qnqc,,,,,1
46,ylxc7ca1,,0,54,53,post_experimental,FinalForProlific,2026-02-15 18:07:17.459052,1,,,0.0,1,,0.0,3,3,1,16,xw98qnqc,,,,,1
47,zz46nk3t,,0,54,53,post_experimental,FinalForProlific,2026-02-15 18:21:50.459052,1,,,0.0,1,,0.0,4,4,1,1,xw98qnqc,,,,,1
47,zz46nk3t,,0,54,53,post_experimental,FinalForProlific,2026-02-15 18:21:50.459052,1,,,0.0,1,,0.0,1,2,1,2,xw98qnqc,,,,,1
47,zz46nk3t,,0,54,53,post_experimental,FinalForProlific,2026-02-15 18:21:50.459052,1,,,0.0,1,,0.0,3,3,1,3,xw98qnqc,,,,,1
47,zz46nk3t,,0,54,53,post_experimental,FinalForProlific,2026-02-15 18:21:50.459052,1,,,0.0,1,,0.0,4,4,1,4,xw98qnqc,,,,,1
47,zz46nk3t,,0,54,53,post_experimental,FinalForProlific,2026-02-15 18:21:50.459052,1,,,0.0,1,,0.0,5,5,1,5,xw98qnqc,,,,,1
47,zz46nk3t,,0,54,53,post_experimental,FinalForProlific,2026-02-15 18:21:50.459052,1,,,0.0,1,,0.0,2,2,1,6,xw98qnqc,,,,,1
47,zz46nk3t,,0,54,53,post_experimental,FinalForProlific,2026-02-15 18:21:50.459052,1,,,0.0,1,,0.0,1,1,1,7,xw98qnqc,,,,,1
47,zz46nk3t,,0,54,53,post_experimental,FinalForProlific,2026-02-15 18:21:50.459052,1,,,0.0,1,,0.0,4,3,1,8,xw98qnqc,,,,,1
47,zz46nk3t,,0,54,53,post_experimental,FinalForProlific,2026-02-15 18:21:50.459052,1,,,0.0,1,,0.0,3,3,1,9,xw98qnqc,,,,,1
47,zz46nk3t,,0,54,53,post_experimental,FinalForProlific,2026-02-15 18:21:50.459052,1,,,0.0,1,,0.0,4,5,1,10,xw98qnqc,,,,,1
47,zz46nk3t,,0,54,53,post_experimental,FinalForProlific,2026-02-15 18:21:50.459052,1,,,0.0,1,,0.0,2,3,1,11,xw98qnqc,,,,,1
47,zz46nk3t,,0,54,53,post_experimental,FinalForProlific,2026-02-15 18:21:50.459052,1,,,0.0,1,,0.0,4,5,1,12,xw98qnqc,,,,,1
47,zz46nk3t,,0,54,53,post_experimental,FinalForProlific,2026-02-15 18:21:50.459052,1,,,0.0,1,,0.0,2,3,1,13,xw98qnqc,,,,,1
47,zz46nk3t,,0,54,53,post_experimental,FinalForProlific,2026-02-15 18:21:50.459052,1,,,0.0,1,,0.0,3,3,1,14,xw98qnqc,,,,,1
47,zz46nk3t,,0,54,53,post_experimental,FinalForProlific,2026-02-15 18:21:50.459052,1,,,0.0,1,,0.0,1,1,1,15,xw98qnqc,,,,,1
47,zz46nk3t,,0,54,53,post_experimental,FinalForProlific,2026-02-15 18:21:50.459052,1,,,0.0,1,,0.0,2,2,1,16,xw98qnqc,,,,,1
48,gd7hqf24,,0,54,53,post_experimental,FinalForProlific,2026-02-15 17:58:47.459052,1,,,0.0,1,,0.0,4,5,1,1,xw98qnqc,,,,,1
48,gd7hqf24,,0,54,53,post_experimental,FinalForProlific,2026-02-15 17:58:47.459052,1,,,0.0,1,,0.0,4,4,1,2,xw98qnqc,,,,,1
48,gd7hqf24,,0,54,53,post_experimental,FinalForProlific,2026-02-15 17:58:47.459052,1,,,0.0,1,,0.0,4,5,1,3,xw98qnqc,,,,,1
48,gd7hqf24,,0,54,53,post_experimental,FinalForProlific,2026-02-15 17:58:47.459052,1,,,0.0,1,,0.0,4,4,1,4,xw98qnqc,,,,,1
48,gd7hqf24,,0,54,53,post_experimental,FinalForProlific,2026-02-15 17:58:47.459052,1,,,0.0,1,,0.0,5,6,1,5,xw98qnqc,,,,,1
48,gd7hqf24,,0,54,53,post_experimental,FinalForProlific,2026-02-15 17:58:47.459052,1,,,0.0,1,,0.0,3,2,1,6,xw98qnqc,,,,,1
48,gd7hqf24,,0,54,53,post_experimental,FinalForProlific,2026-02-15 17:58:47.459052,1,,,0.0,1,,0.0,2,3,1,7,xw98qnqc,,,,,1
48,gd7hqf24,,0,54,53,post_experimental,FinalForProlific,2026-02-15 17:58:47.459052,1,,,0.0,1,,0.0,5,5,1,8,xw98qnqc,,,,,1
48,gd7hqf24,,0,54,53,post_experimental,FinalForProlific,2026-02-15 17:58:47.459052,1,,,0.0,1,,0.0,6,4,1,9,xw98qnqc,,,,,1
48,gd7hqf24,,0,54,53,post_experimental,FinalForProlific,2026-02-15 17:58:47.459052,1,,,0.0,1,,0.0,4,3,1,10,xw98qnqc,,,,,1
48,gd7hqf24,,0,54,53,post_experimental,FinalForProlific,2026-02-15 17:58:47.459052,1,,,0.0,1,,0.0,5,5,1,11,xw98qnqc,,,,,1
48,gd7hqf24,,0,54,53,post_experimental,FinalForProlific,2026-02-15 17:58:47.459052,1,,,0.0,1,,0.0,5,4,1,12,xw98qnqc,,,,,1
48,gd7hqf24,,0,54,53,post_experimental,FinalForProlific,2026-02-15 17:58:47.459052,1,,,0.0,1,,0.0,3,6,1,13,xw98qnqc,,,,,1
48,gd7hqf24,,0,54,53,post_experimental,FinalForProlific,2026-02-15 17:58:47.459052,1,,,0.0,1,,0.0,3,4,1,14,xw98qnqc,,,,,1
48,gd7hqf24,,0,54,53,post_experimental,FinalForProlific,2026-02-15 17:58:47.459052,1,,,0.0,1,,0.0,6,5,1,15,xw98qnqc,,,,,1
48,gd7hqf24,,0,54,53,post_experimental,FinalForProlific,2026-02-15 17:58:47.459052,1,,,0.0,1,,0.0,5,3,1,16,xw98qnqc,,,,,1
49,n13hhdmm,,0,54,53,post_experimental,FinalForProlific,2026-02-15 18:18:31.459052,1,,,0.0,1,,0.0,4,5,1,1,xw98qnqc,,,,,1
49,n13hhdmm,,0,54,53,post_experimental,FinalForProlific,2026-02-15 18:18:31.459052,1,,,0.0,1,,0.0,5,3,1,2,xw98qnqc,,,,,1
49,n13hhdmm,,0,54,53,post_experimental,FinalForProlific,2026-02-15 18:18:31.459052,1,,,0.0,1,,0.0,2,2,1,3,xw98qnqc,,,,,1
49,n13hhdmm,,0,54,53,post_experimental,FinalForProlific,2026-02-15 18:18:31.459052,1,,,0.0,1,,0.0,6,5,1,4,xw98qnqc,,,,,1
49,n13hhdmm,,0,54,53,post_experimental,FinalForProlific,2026-02-15 18:18:31.459052,1,,,0.0,1,,0.0,5,5,1,5,xw98qnqc,,,,,1
49,n13hhdmm,,0,54,53,post_experimental,FinalForProlific,2026-02-15 18:18:31.459052,1,,,0.0,1,,0.0,3,4,1,6,xw98qnqc,,,,,1
49,n13hhdmm,,0,54,53,post_experimental,FinalForProlific,2026-02-15 18:18:31.459052,1,,,0.0,1,,0.0,3,4,1,7,xw98qnqc,,,,,1
49,n13hhdmm,,0,54,53,post_experimental,FinalForProlific,2026-02-15 18:18:31.459052,1,,,0.0,1,,0.0,5,4,1,8,xw98qnqc,,,,,1
49,n13hhdmm,,0,54,53,post_experimental,FinalForProlific,2026-02-15 18:18:31.459052,1,,,0.0,1,,0.0,6,5,1,9,xw98qnqc,,,,,1
49,n13hhdmm,,0,54,53,post_experimental,FinalForProlific,2026-02-15 18:18:31.459052,1,,,0.0,1,,0.0,4,5,1,10,xw98qnqc,,,,,1
49,n13hhdmm,,0,54,53,post_experimental,FinalForProlific,2026-02-15 18:18:31.459052,1,,,0.0,1,,0.0,5,4,1,11,xw98qnqc,,,,,1
49,n13hhdmm,,0,54,53,post_experimental,FinalForProlific,2026-02-15 18:18:31.459052,1,,,0.0,1,,0.0,6,5,1,12,xw98qnqc,,,,,1
49,n13hhdmm,,0,54,53,post_experimental,FinalForProlific,2026-02-15 18:18:31.459052,1,,,0.0,1,,0.0,6,5,1,13,xw98qnqc,,,,,1
49,n13hhdmm,,0,54,53,post_experimental,FinalForProlific,2026-02-15 18:18:31.459052,1,,,0.0,1,,0.0,3,4,1,14,xw98qnqc,,,,,1
49,n13hhdmm,,0,54,53,post_experimental,FinalForProlific,2026-02-15 18:18:31.459052,1,,,0.0,1,,0.0,3,4,1,15,xw98qnqc,,,,,1
49,n13hhdmm,,0,54,53,post_experimental,FinalForProlific,2026-02-15 18:18:31.459052,1,,,0.0,1,,0.0,6,6,1,16,xw98qnqc,,,,,1
50,p8gxsvy4,,0,54,53,post_experimental,FinalForProlific,2026-02-15 18:02:32.459052,1,,,0.0,1,,0.0,4,5,1,1,xw98qnqc,,,,,1
50,p8gxsvy4,,0,54,53,post_experimental,FinalForProlific,2026-02-15 18:02:32.459052,1,,,0.0,1,,0.0,3,2,1,2,xw98qnqc,,,,,1
50,p8gxsvy4,,0,54,53,post_experimental,FinalForProlific,2026-02-15 18:02:32.459052,1,,,0.0,1,,0.0,3,4,1,3,xw98qnqc,,,,,1
50,p8gxsvy4,,0,54,53,post_experimental,FinalForProlific,2026-02-15 18:02:32.459052,1,,,0.0,1,,0.0,4,4,1,4,xw98qnqc,,,,,1
50,p8gxsvy4,,0,54,53,post_experimental,FinalForProlific,2026-02-15 18:02:32.459052,1,,,0.0,1,,0.0,5,4,1,5,xw98qnqc,,,,,1
50,p8gxsvy4,,0,54,53,post_experimental,FinalForProlific,2026-02-15 18:02:32.459052,1,,,0.0,1,,0.0,5,4,1,6,xw98qnqc,,,,,1
50,p8gxsvy4,,0,54,53,post_experimental,FinalForProlific,2026-02-15 18:02:32.459052,1,,,0.0,1,,0.0,2,3,1,7,xw98qnqc,,,,,1
50,p8gxsvy4,,0,54,53,post_experimental,FinalForProlific,2026-02-15 18:02:32.459052,1,,,0.0,1,,0.0,5,5,1,8,xw98qnqc,,,,,1
50,p8gxsvy4,,0,54,53,post_experimental,FinalForProlific,2026-02-15 18:02:32.459052,1,,,0.0,1,,0.0,5,4,1,9,xw98qnqc,,,,,1
50,p8gxsvy4,,0,54,53,post_experimental,FinalForProlific,2026-02-15 18:02:32.459052,1,,,0.0,1,,0.0,6,6,1,10,xw98qnqc,,,,,1
50,p8gxsvy4,,0,54,53,post_experimental,FinalForProlific,2026-02-15 18:02:32.459052,1,,,0.0,1,,0.0,3,3,1,11,xw98qnqc,,,,,1
50,p8gxsvy4,,0,54,53,post_experimental,FinalForProlific,2026-02-15 18:02:32.459052,1,,,0.0,1,,0.0,6,6,1,12,xw98qnqc,,,,,1
50,p8gxsvy4,,0,54,53,post_experimental,FinalForProlific,2026-02-15 18:02:32.459052,1,,,0.0,1,,0.0,4,5,1,13,xw98qnqc,,,,,1
50,p8gxsvy4,,0,54,53,post_experimental,FinalForProlific,2026-02-15 18:02:32.459052,1,,,0.0,1,,0.0,4,4,1,14,xw98qnqc,,,,,1
50,p8gxsvy4,,0,54,53,post_experimental,FinalForProlific,2026-02-15 18:02:32.459052,1,,,0.0,1,,0.0,2,2,1,15,xw98qnqc,,,,,1
50,p8gxsvy4,,0,54,53,post_experimental,FinalForProlific,2026-02-15 18:02:32.459052,1,,,0.0,1,,0.0,4,4,1,16,xw98qnqc,,,,,1
51,c0vlep2c,,0,54,53,post_experimental,FinalForProlific,2026-02-15 18:08:52.459052,1,,,0.0,1,,0.0,5,5,1,1,xw98qnqc,,,,,1
51,c0vlep2c,,0,54,53,post_experimental,FinalForProlific,2026-02-15 18:08:52.459052,1,,,0.0,1,,0.0,4,4,1,2,xw98qnqc,,,,,1
51,c0vlep2c,,0,54,53,post_experimental,FinalForProlific,2026-02-15 18:08:52.459052,1,,,0.0,1,,0.0,3,2,1,3,xw98qnqc,,,,,1
51,c0vlep2c,,0,54,53,post_experimental,FinalForProlific,2026-02-15 18:08:52.459052,1,,,0.0,1,,0.0,6,5,1,4,xw98qnqc,,,,,1
51,c0vlep2c,,0,54,53,post_experimental,FinalForProlific,2026-02-15 18:08:52.459052,1,,,0.0,1,,0.0,7,6,1,5,xw98qnqc,,,,,1
51,c0vlep2c,,0,54,53,post_experimental,FinalForProlific,2026-02-15 18:08:52.459052,1,,,0.0,1,,0.0,4,4,1,6,xw98qnqc,,,,,1
51,c0vlep2c,,0,54,53,post_experimental,FinalForProlific,2026-02-15 18:08:52.459052,1,,,0.0,1,,0.0,3,3,1,7,xw98qnqc,,,,,1
51,c0vlep2c,,0,54,53,post_experimental,FinalForProlific,2026-02-15 18:08:52.459052,1,,,0.0,1,,0.0,5,6,1,8,xw98qnqc,,,,,1
51,c0vlep2c,,0,54,53,post_experimental,FinalForProlific,2026-02-15 18:08:52.459052,1,,,0.0,1,,0.0,7,5,1,9,xw98qnqc,,,,,1
51,c0vlep2c,,0,54,53,post_experimental,FinalForProlific,2026-02-15 18:08:52.459052,1,,,0.0,1,,0.0,5,6,1,10,xw98qnqc,,,,,1
51,c0vlep2c,,0,54,53,post_experimental,FinalForProlific,2026-02-15 18:08:52.459052,1,,,0.0,1,,0.0,6,4,1,11,xw98qnqc,,,,,1
51,c0vlep2c,,0,54,53,post_experimental,FinalForProlific,2026-02-15 18:08:52.459052,1,,,0.0,1,,0.0,4,4,1,12,xw98qnqc,,,,,1
51,c0vlep2c,,0,54,53,post_experimental,FinalForProlific,2026-02-15 18:08:52.459052,1,,,0.0,1,,0.0,4,5,1,13,xw98qnqc,,,,,1
51,c0vlep2c,,0,54,53,post_experimental,FinalForProlific,2026-02-15 18:08:52.459052,1,,,0.0,1,,0.0,5,4,1,14,xw98qnqc,,,,,1
51,c0vlep2c,,0,54,53,post_experimental,FinalForProlific,2026-02-15 18:08:52.459052,1,,,0.0,1,,0.0,5,4,1,15,xw98qnqc,,,,,1
51,c0vlep2c,,0,54,53,post_experimental,FinalForProlific,2026-02-15 18:08:52.459052,1,,,0.0,1,,0.0,5,4,1,16,xw98qnqc,,,,,1
52,f5kc0hcs,,0,54,53,post_experimental,FinalForProlific,2026-02-15 17:27:03.459052,1,,,0.0,1,,0.0,4,5,1,1,xw98qnqc,,,,,1
52,f5kc0hcs,,0,54,53,post_experimental,FinalForProlific,2026-02-15 17:27:03.459052,1,,,0.0,1,,0.0,5,3,1,2,xw98qnqc,,,,,1
52,f5kc0hcs,,0,54,53,post_experimental,FinalForProlific,2026-02-15 17:27:03.459052,1,,,0.0,1,,0.0,2,3,1,3,xw98qnqc,,,,,1
52,f5kc0hcs,,0,54,53,post_experimental,FinalForProlific,2026-02-15 17:27:03.459052,1,,,0.0,1,,0.0,5,6,1,4,xw98qnqc,,,,,1
52,f5kc0hcs,,0,54,53,post_experimental,FinalForProlific,2026-02-15 17:27:03.459052,1,,,0.0,1,,0.0,6,5,1,5,xw98qnqc,,,,,1
52,f5kc0hcs,,0,54,53,post_experimental,FinalForProlific,2026-02-15 17:27:03.459052,1,,,0.0,1,,0.0,3,4,1,6,xw98qnqc,,,,,1
52,f5kc0hcs,,0,54,53,post_experimental,FinalForProlific,2026-02-15 17:27:03.459052,1,,,0.0,1,,0.0,3,3,1,7,xw98qnqc,,,,,1
52,f5kc0hcs,,0,54,53,post_experimental,FinalForProlific,2026-02-15 17:27:03.459052,1,,,0.0,1,,0.0,5,5,1,8,xw98qnqc,,,,,1
52,f5kc0hcs,,0,54,53,post_experimental,FinalForProlific,2026-02-15 17:27:03.459052,1,,,0.0,1,,0.0,6,6,1,9,xw98qnqc,,,,,1
52,f5kc0hcs,,0,54,53,post_experimental,FinalForProlific,2026-02-15 17:27:03.459052,1,,,0.0,1,,0.0,5,3,1,10,xw98qnqc,,,,,1
52,f5kc0hcs,,0,54,53,post_experimental,FinalForProlific,2026-02-15 17:27:03.459052,1,,,0.0,1,,0.0,2,4,1,11,xw98qnqc,,,,,1
52,f5kc0hcs,,0,54,53,post_experimental,FinalForProlific,2026-02-15 17:27:03.459052,1,,,0.0,1,,0.0,5,5,1,12,xw98qnqc,,,,,1
52,f5kc0hcs,,0,54,53,post_experimental,FinalForProlific,2026-02-15 17:27:03.459052,1,,,0.0,1,,0.0,5,6,1,13,xw98qnqc,,,,,1
52,f5kc0hcs,,0,54,53,post_experimental,FinalForProlific,2026-02-15 17:27:03.459052,1,,,0.0,1,,0.0,5,3,1,14,xw98qnqc,,,,,1
52,f5kc0hcs,,0,54,53,post_experimental,FinalForProlific,2026-02-15 17:27:03.459052,1,,,0.0,1,,0.0,5,4,1,15,xw98qnqc,,,,,1
52,f5kc0hcs,,0,54,53,post_experimental,FinalForProlific,2026-02-15 17:27:03.459052,1,,,0.0,1,,0.0,5,5,1,16,xw98qnqc,,,,,1
53,ewaatb8q,,0,54,53,post_experimental,FinalForProlific,2026-02-15 17:40:21.459052,1,,,0.0,1,,0.0,5,3,1,1,xw98qnqc,,,,,1
53,ewaatb8q,,0,54,53,post_experimental,FinalForProlific,2026-02-15 17:40:21.459052,1,,,0.0,1,,0.0,2,3,1,2,xw98qnqc,,,,,1
53,ewaatb8q,,0,54,53,post_experimental,FinalForProlific,2026-02-15 17:40:21.459052,1,,,0.0,1,,0.0,3,3,1,3,xw98qnqc,,,,,1
53,ewaatb8q,,0,54,53,post_experimental,FinalForProlific,2026-02-15 17:40:21.459052,1,,,0.0,1,,0.0,2,3,1,4,xw98qnqc,,,,,1
53,ewaatb8q,,0,54,53,post_experimental,FinalForProlific,2026-02-15 17:40:21.459052,1,,,0.0,1,,0.0,4,4,1,5,xw98qnqc,,,,,1
53,ewaatb8q,,0,54,53,post_experimental,FinalForProlific,2026-02-15 17:40:21.459052,1,,,0.0,1,,0.0,3,2,1,6,xw98qnqc,,,,,1
53,ewaatb8q,,0,54,53,post_experimental,FinalForProlific,2026-02-15 17:40:21.459052,1,,,0.0,1,,0.0,1,3,1,7,xw98qnqc,,,,,1
53,ewaatb8q,,0,54,53,post_experimental,FinalForProlific,2026-02-15 17:40:21.459052,1,,,0.0,1,,0.0,3,3,1,8,xw98qnqc,,,,,1
53,ewaatb8q,,0,54,53,post_experimental,FinalForProlific,2026-02-15 17:40:21.459052,1,,,0.0,1,,0.0,2,4,1,9,xw98qnqc,,,,,1
53,ewaatb8q,,0,54,53,post_experimental,FinalForProlific,2026-02-15 17:40:21.459052,1,,,0.0,1,,0.0,5,3,1,10,xw98qnqc,,,,,1
53,ewaatb8q,,0,54,53,post_experimental,FinalForProlific,2026-02-15 17:40:21.459052,1,,,0.0,1,,0.0,3,4,1,11,xw98qnqc,,,,,1
53,ewaatb8q,,0,54,53,post_experimental,FinalForProlific,2026-02-15 17:40:21.459052,1,,,0.0,1,,0.0,4,3,1,12,xw98qnqc,,,,,1
53,ewaatb8q,,0,54,53,post_experimental,FinalForProlific,2026-02-15 17:40:21.459052,1,,,0.0,1,,0.0,4,4,1,13,xw98qnqc,,,,,1
53,ewaatb8q,,0,54,53,post_experimental,FinalForProlific,2026-02-15 17:40:21.459052,1,,,0.0,1,,0.0,3,4,1,14,xw98qnqc,,,,,1
53,ewaatb8q,,0,54,53,post_experimental,FinalForProlific,2026-02-15 17:40:21.459052,1,,,0.0,1,,0.0,2,2,1,15,xw98qnqc,,,,,1
53,ewaatb8q,,0,54,53,post_experimental,FinalForProlific,2026-02-15 17:40:21.459052,1,,,0.0,1,,0.0,3,5,1,16,xw98qnqc,,,,,1
54,63vkjtnq,,0,54,53,post_experimental,FinalForProlific,2026-02-15 18:12:54.459052,1,,,0.0,1,,0.0,4,4,1,1,xw98qnqc,,,,,1
54,63vkjtnq,,0,54,53,post_experimental,FinalForProlific,2026-02-15 18:12:54.459052,1,,,0.0,1,,0.0,3,2,1,2,xw98qnqc,,,,,1
54,63vkjtnq,,0,54,53,post_experimental,FinalForProlific,2026-02-15 18:12:54.459052,1,,,0.0,1,,0.0,5,5,1,3,xw98qnqc,,,,,1
54,63vkjtnq,,0,54,53,post_experimental,FinalForProlific,2026-02-15 18:12:54.459052,1,,,0.0,1,,0.0,7,7,1,4,xw98qnqc,,,,,1
54,63vkjtnq,,0,54,53,post_experimental,FinalForProlific,2026-02-15 18:12:54.459052,1,,,0.0,1,,0.0,6,5,1,5,xw98qnqc,,,,,1
54,63vkjtnq,,0,54,53,post_experimental,FinalForProlific,2026-02-15 18:12:54.459052,1,,,0.0,1,,0.0,6,5,1,6,xw98qnqc,,,,,1
54,63vkjtnq,,0,54,53,post_experimental,FinalForProlific,2026-02-15 18:12:54.459052,1,,,0.0,1,,0.0,4,3,1,7,xw98qnqc,,,,,1
54,63vkjtnq,,0,54,53,post_experimental,FinalForProlific,2026-02-15 18:12:54.459052,1,,,0.0,1,,0.0,6,4,1,8,xw98qnqc,,,,,1
54,63vkjtnq,,0,54,53,post_experimental,FinalForProlific,2026-02-15 18:12:54.459052,1,,,0.0,1,,0.0,6,6,1,9,xw98qnqc,,,,,1
54,63vkjtnq,,0,54,53,post_experimental,FinalForProlific,2026-02-15 18:12:54.459052,1,,,0.0,1,,0.0,5,4,1,10,xw98qnqc,,,,,1
54,63vkjtnq,,0,54,53,post_experimental,FinalForProlific,2026-02-15 18:12:54.459052,1,,,0.0,1,,0.0,4,3,1,11,xw98qnqc,,,,,1
54,63vkjtnq,,0,54,53,post_experimental,FinalForProlific,2026-02-15 18:12:54.459052,1,,,0.0,1,,0.0,6,4,1,12,xw98qnqc,,,,,1
54,63vkjtnq,,0,54,53,post_experimental,FinalForProlific,2026-02-15 18:12:54.459052,1,,,0.0,1,,0.0,4,3,1,13,xw98qnqc,,,,,1
54,63vkjtnq,,0,54,53,post_experimental,FinalForProlific,2026-02-15 18:12:54.459052,1,,,0.0,1,,0.0,5,4,1,14,xw98qnqc,,,,,1
54,63vkjtnq,,0,54,53,post_experimental,FinalForProlific,2026-02-15 18:12:54.459052,1,,,0.0,1,,0.0,4,4,1,15,xw98qnqc,,,,,1
54,63vkjtnq,,0,54,53,post_experimental,FinalForProlific,2026-02-15 18:12:54.459052,1,,,0.0,1,,0.0,4,6,1,16,xw98qnqc,,,,,1
55,f6c4sbsu,,0,54,53,post_experimental,FinalForProlific,2026-02-15 17:16:46.459052,1,,,0.0,1,,0.0,4,4,1,1,xw98qnqc,,,,,1
55,f6c4sbsu,,0,54,53,post_experimental,FinalForProlific,2026-02-15 17:16:46.459052,1,,,0.0,1,,0.0,4,4,1,2,xw98qnqc,,,,,1
55,f6c4sbsu,,0,54,53,post_experimental,FinalForProlific,2026-02-15 17:16:46.459052,1,,,0.0,1,,0.0,2,3,1,3,xw98qnqc,,,,,1
55,f6c4sbsu,,0,54,53,post_experimental,FinalForProlific,2026-02-15 17:16:46.459052,1,,,0.0,1,,0.0,5,5,1,4,xw98qnqc,,,,,1
55,f6c4sbsu,,0,54,53,post_experimental,FinalForProlific,2026-02-15 17:16:46.459052,1,,,0.0,1,,0.0,6,6,1,5,xw98qnqc,,,,,1
55,f6c4sbsu,,0,54,53,post_experimental,FinalForProlific,2026-02-15 17:16:46.459052,1,,,0.0,1,,0.0,3,3,1,6,xw98qnqc,,,,,1
55,f6c4sbsu,,0,54,53,post_experimental,FinalForProlific,2026-02-15 17:16:46.459052,1,,,0.0,1,,0.0,3,3,1,7,xw98qnqc,,,,,1
55,f6c4sbsu,,0,54,53,post_experimental,FinalForProlific,2026-02-15 17:16:46.459052,1,,,0.0,1,,0.0,4,5,1,8,xw98qnqc,,,,,1
55,f6c4sbsu,,0,54,53,post_experimental,FinalForProlific,2026-02-15 17:16:46.459052,1,,,0.0,1,,0.0,6,6,1,9,xw98qnqc,,,,,1
55,f6c4sbsu,,0,54,53,post_experimental,FinalForProlific,2026-02-15 17:16:46.459052,1,,,0.0,1,,0.0,5,5,1,10,xw98qnqc,,,,,1
55,f6c4sbsu,,0,54,53,post_experimental,FinalForProlific,2026-02-15 17:16:46.459052,1,,,0.0,1,,0.0,3,5,1,11,xw98qnqc,,,,,1
55,f6c4sbsu,,0,54,53,post_experimental,FinalForProlific,2026-02-15 17:16:46.459052,1,,,0.0,1,,0.0,3,4,1,12,xw98qnqc,,,,,1
55,f6c4sbsu,,0,54,53,post_experimental,FinalForProlific,2026-02-15 17:16:46.459052,1,,,0.0,1,,0.0,4,5,1,13,xw98qnqc,,,,,1
55,f6c4sbsu,,0,54,53,post_experimental,FinalForProlific,2026-02-15 17:16:46.459052,1,,,0.0,1,,0.0,6,5,1,14,xw98qnqc,,,,,1
55,f6c4sbsu,,0,54,53,post_experimental,FinalForProlific,2026-02-15 17:16:46.459052,1,,,0.0,1,,0.0,3,5,1,15,xw98qnqc,,,,,1
55,f6c4sbsu,,0,54,53,post_experimental,FinalForProlific,2026-02-15 17:16:46.459052,1,,,0.0,1,,0.0,3,3,1,16,xw98qnqc,,,,,1
56,o6x4gvaq,,0,54,53,post_experimental,FinalForProlific,2026-02-15 17:41:02.459052,1,,,0.0,1,,0.0,4,4,1,1,xw98qnqc,,,,,1
56,o6x4gvaq,,0,54,53,post_experimental,FinalForProlific,2026-02-15 17:41:02.459052,1,,,0.0,1,,0.0,4,2,1,2,xw98qnqc,,,,,1
56,o6x4gvaq,,0,54,53,post_experimental,FinalForProlific,2026-02-15 17:41:02.459052,1,,,0.0,1,,0.0,5,5,1,3,xw98qnqc,,,,,1
56,o6x4gvaq,,0,54,53,post_experimental,FinalForProlific,2026-02-15 17:41:02.459052,1,,,0.0,1,,0.0,3,3,1,4,xw98qnqc,,,,,1
56,o6x4gvaq,,0,54,53,post_experimental,FinalForProlific,2026-02-15 17:41:02.459052,1,,,0.0,1,,0.0,5,5,1,5,xw98qnqc,,,,,1
56,o6x4gvaq,,0,54,53,post_experimental,FinalForProlific,2026-02-15 17:41:02.459052,1,,,0.0,1,,0.0,3,2,1,6,xw98qnqc,,,,,1
56,o6x4gvaq,,0,54,53,post_experimental,FinalForProlific,2026-02-15 17:41:02.459052,1,,,0.0,1,,0.0,3,2,1,7,xw98qnqc,,,,,1
56,o6x4gvaq,,0,54,53,post_experimental,FinalForProlific,2026-02-15 17:41:02.459052,1,,,0.0,1,,0.0,4,5,1,8,xw98qnqc,,,,,1
56,o6x4gvaq,,0,54,53,post_experimental,FinalForProlific,2026-02-15 17:41:02.459052,1,,,0.0,1,,0.0,5,5,1,9,xw98qnqc,,,,,1
56,o6x4gvaq,,0,54,53,post_experimental,FinalForProlific,2026-02-15 17:41:02.459052,1,,,0.0,1,,0.0,5,5,1,10,xw98qnqc,,,,,1
56,o6x4gvaq,,0,54,53,post_experimental,FinalForProlific,2026-02-15 17:41:02.459052,1,,,0.0,1,,0.0,4,2,1,11,xw98qnqc,,,,,1
56,o6x4gvaq,,0,54,53,post_experimental,FinalForProlific,2026-02-15 17:41:02.459052,1,,,0.0,1,,0.0,5,5,1,12,xw98qnqc,,,,,1
56,o6x4gvaq,,0,54,53,post_experimental,FinalForProlific,2026-02-15 17:41:02.459052,1,,,0.0,1,,0.0,5,5,1,13,xw98qnqc,,,,,1
56,o6x4gvaq,,0,54,53,post_experimental,FinalForProlific,2026-02-15 17:41:02.459052,1,,,0.0,1,,0.0,4,5,1,14,xw98qnqc,,,,,1
56,o6x4gvaq,,0,54,53,post_experimental,FinalForProlific,2026-02-15 17:41:02.459052,1,,,0.0,1,,0.0,2,2,1,15,xw98qnqc,,,,,1
56,o6x4gvaq,,0,54,53,post_experimental,FinalForProlific,2026-02-15 17:41:02.459052,1,,,0.0,1,,0.0,2,3,1,16,xw98qnqc,,,,,1
57,2unvoo4d,,0,54,53,post_experimental,FinalForProlific,2026-02-15 17:26:58.459052,1,,,0.0,1,,0.0,4,6,1,1,xw98qnqc,,,,,1
57,2unvoo4d,,0,54,53,post_experimental,FinalForProlific,2026-02-15 17:26:58.459052,1,,,0.0,1,,0.0,3,2,1,2,xw98qnqc,,,,,1
57,2unvoo4d,,0,54,53,post_experimental,FinalForProlific,2026-02-15 17:26:58.459052,1,,,0.0,1,,0.0,2,4,1,3,xw98qnqc,,,,,1
57,2unvoo4d,,0,54,53,post_experimental,FinalForProlific,2026-02-15 17:26:58.459052,1,,,0.0,1,,0.0,5,4,1,4,xw98qnqc,,,,,1
57,2unvoo4d,,0,54,53,post_experimental,FinalForProlific,2026-02-15 17:26:58.459052,1,,,0.0,1,,0.0,5,4,1,5,xw98qnqc,,,,,1
57,2unvoo4d,,0,54,53,post_experimental,FinalForProlific,2026-02-15 17:26:58.459052,1,,,0.0,1,,0.0,4,4,1,6,xw98qnqc,,,,,1
57,2unvoo4d,,0,54,53,post_experimental,FinalForProlific,2026-02-15 17:26:58.459052,1,,,0.0,1,,0.0,1,2,1,7,xw98qnqc,,,,,1
57,2unvoo4d,,0,54,53,post_experimental,FinalForProlific,2026-02-15 17:26:58.459052,1,,,0.0,1,,0.0,5,5,1,8,xw98qnqc,,,,,1
57,2unvoo4d,,0,54,53,post_experimental,FinalForProlific,2026-02-15 17:26:58.459052,1,,,0.0,1,,0.0,3,3,1,9,xw98qnqc,,,,,1
57,2unvoo4d,,0,54,53,post_experimental,FinalForProlific,2026-02-15 17:26:58.459052,1,,,0.0,1,,0.0,4,3,1,10,xw98qnqc,,,,,1
57,2unvoo4d,,0,54,53,post_experimental,FinalForProlific,2026-02-15 17:26:58.459052,1,,,0.0,1,,0.0,3,2,1,11,xw98qnqc,,,,,1
57,2unvoo4d,,0,54,53,post_experimental,FinalForProlific,2026-02-15 17:26:58.459052,1,,,0.0,1,,0.0,2,3,1,12,xw98qnqc,,,,,1
57,2unvoo4d,,0,54,53,post_experimental,FinalForProlific,2026-02-15 17:26:58.459052,1,,,0.0,1,,0.0,3,3,1,13,xw98qnqc,,,,,1
57,2unvoo4d,,0,54,53,post_experimental,FinalForProlific,2026-02-15 17:26:58.459052,1,,,0.0,1,,0.0,4,4,1,14,xw98qnqc,,,,,1
57,2unvoo4d,,0,54,53,post_experimental,FinalForProlific,2026-02-15 17:26:58.459052,1,,,0.0,1,,0.0,4,3,1,15,xw98qnqc,,,,,1
57,2unvoo4d,,0,54,53,post_experimental,FinalForProlific,2026-02-15 17:26:58.459052,1,,,0.0,1,,0.0,4,5,1,16,xw98qnqc,,,,,1
58,kycfvzv2,,0,54,53,post_experimental,FinalForProlific,2026-02-15 18:08:08.459052,1,,,0.0,1,,0.0,5,6,1,1,xw98qnqc,,,,,1
58,kycfvzv2,,0,54,53,post_experimental,FinalForProlific,2026-02-15 18:08:08.459052,1,,,0.0,1,,0.0,5,5,1,2,xw98qnqc,,,,,1
58,kycfvzv2,,0,54,53,post_experimental,FinalForProlific,2026-02-15 18:08:08.459052,1,,,0.0,1,,0.0,3,2,1,3,xw98qnqc,,,,,1
58,kycfvzv2,,0,54,53,post_experimental,FinalForProlific,2026-02-15 18:08:08.459052,1,,,0.0,1,,0.0,5,5,1,4,xw98qnqc,,,,,1
58,kycfvzv2,,0,54,53,post_experimental,FinalForProlific,2026-02-15 18:08:08.459052,1,,,0.0,1,,0.0,6,6,1,5,xw98qnqc,,,,,1
58,kycfvzv2,,0,54,53,post_experimental,FinalForProlific,2026-02-15 18:08:08.459052,1,,,0.0,1,,0.0,4,3,1,6,xw98qnqc,,,,,1
58,kycfvzv2,,0,54,53,post_experimental,FinalForProlific,2026-02-15 18:08:08.459052,1,,,0.0,1,,0.0,6,5,1,7,xw98qnqc,,,,,1
58,kycfvzv2,,0,54,53,post_experimental,FinalForProlific,2026-02-15 18:08:08.459052,1,,,0.0,1,,0.0,6,5,1,8,xw98qnqc,,,,,1
58,kycfvzv2,,0,54,53,post_experimental,FinalForProlific,2026-02-15 18:08:08.459052,1,,,0.0,1,,0.0,6,4,1,9,xw98qnqc,,,,,1
58,kycfvzv2,,0,54,53,post_experimental,FinalForProlific,2026-02-15 18:08:08.459052,1,,,0.0,1,,0.0,4,4,1,10,xw98qnqc,,,,,1
58,kycfvzv2,,0,54,53,post_experimental,FinalForProlific,2026-02-15 18:08:08.459052,1,,,0.0,1,,0.0,5,5,1,11,xw98qnqc,,,,,1
58,kycfvzv2,,0,54,53,post_experimental,FinalForProlific,2026-02-15 18:08:08.459052,1,,,0.0,1,,0.0,5,4,1,12,xw98qnqc,,,,,1
58,kycfvzv2,,0,54,53,post_experimental,FinalForProlific,2026-02-15 18:08:08.459052,1,,,0.0,1,,0.0,4,5,1,13,xw98qnqc,,,,,1
58,kycfvzv2,,0,54,53,post_experimental,FinalForProlific,2026-02-15 18:08:08.459052,1,,,0.0,1,,0.0,5,4,1,14,xw98qnqc,,,,,1
58,kycfvzv2,,0,54,53,post_experimental,FinalForProlific,2026-02-15 18:08:08.459052,1,,,0.0,1,,0.0,3,3,1,15,xw98qnqc,,,,,1
58,kycfvzv2,,0,54,53,post_experimental,FinalForProlific,2026-02-15 18:08:08.459052,1,,,0.0,1,,0.0,7,5,1,16,xw98qnqc,,,,,1
59,fmq4symm,,0,54,53,post_experimental,FinalForProlific,2026-02-15 18:20:30.459052,1,,,0.0,1,,0.0,3,4,1,1,xw98qnqc,,,,,1
59,fmq4symm,,0,54,53,post_experimental,FinalForProlific,2026-02-15 18:20:30.459052,1,,,0.0,1,,0.0,3,4,1,2,xw98qnqc,,,,,1
59,fmq4symm,,0,54,53,post_experimental,FinalForProlific,2026-02-15 18:20:30.459052,1,,,0.0,1,,0.0,2,2,1,3,xw98qnqc,,,,,1
59,fmq4symm,,0,54,53,post_experimental,FinalForProlific,2026-02-15 18:20:30.459052,1,,,0.0,1,,0.0,5,5,1,4,xw98qnqc,,,,,1
59,fmq4symm,,0,54,53,post_experimental,FinalForProlific,2026-02-15 18:20:30.459052,1,,,0.0,1,,0.0,4,5,1,5,xw98qnqc,,,,,1
59,fmq4symm,,0,54,53,post_experimental,FinalForProlific,2026-02-15 18:20:30.459052,1,,,0.0,1,,0.0,4,3,1,6,xw98qnqc,,,,,1
59,fmq4symm,,0,54,53,post_experimental,FinalForProlific,2026-02-15 18:20:30.459052,1,,,0.0,1,,0.0,2,2,1,7,xw98qnqc,,,,,1
59,fmq4symm,,0,54,53,post_experimental,FinalForProlific,2026-02-15 18:20:30.459052,1,,,0.0,1,,0.0,5,6,1,8,xw98qnqc,,,,,1
59,fmq4symm,,0,54,53,post_experimental,FinalForProlific,2026-02-15 18:20:30.459052,1,,,0.0,1,,0.0,3,4,1,9,xw98qnqc,,,,,1
59,fmq4symm,,0,54,53,post_experimental,FinalForProlific,2026-02-15 18:20:30.459052,1,,,0.0,1,,0.0,4,5,1,10,xw98qnqc,,,,,1
59,fmq4symm,,0,54,53,post_experimental,FinalForProlific,2026-02-15 18:20:30.459052,1,,,0.0,1,,0.0,1,3,1,11,xw98qnqc,,,,,1
59,fmq4symm,,0,54,53,post_experimental,FinalForProlific,2026-02-15 18:20:30.459052,1,,,0.0,1,,0.0,3,3,1,12,xw98qnqc,,,,,1
59,fmq4symm,,0,54,53,post_experimental,FinalForProlific,2026-02-15 18:20:30.459052,1,,,0.0,1,,0.0,2,3,1,13,xw98qnqc,,,,,1
59,fmq4symm,,0,54,53,post_experimental,FinalForProlific,2026-02-15 18:20:30.459052,1,,,0.0,1,,0.0,2,3,1,14,xw98qnqc,,,,,1
59,fmq4symm,,0,54,53,post_experimental,FinalForProlific,2026-02-15 18:20:30.459052,1,,,0.0,1,,0.0,4,3,1,15,xw98qnqc,,,,,1
59,fmq4symm,,0,54,53,post_experimental,FinalForProlific,2026-02-15 18:20:30.459052,1,,,0.0,1,,0.0,3,4,1,16,xw98qnqc,,,,,1
60,xupbrfww,,0,54,53,post_experimental,FinalForProlific,2026-02-15 17:31:06.459052,1,,,0.0,1,,0.0,5,4,1,1,xw98qnqc,,,,,1
60,xupbrfww,,0,54,53,post_experimental,FinalForProlific,2026-02-15 17:31:06.459052,1,,,0.0,1,,0.0,4,3,1,2,xw98qnqc,,,,,1
60,xupbrfww,,0,54,53,post_experimental,FinalForProlific,2026-02-15 17:31:06.459052,1,,,0.0,1,,0.0,6,4,1,3,xw98qnqc,,,,,1
60,xupbrfww,,0,54,53,post_experimental,FinalForProlific,2026-02-15 17:31:06.459052,1,,,0.0,1,,0.0,5,5,1,4,xw98qnqc,,,,,1
60,xupbrfww,,0,54,53,post_experimental,FinalForProlific,2026-02-15 17:31:06.459052,1,,,0.0,1,,0.0,5,4,1,5,xw98qnqc,,,,,1
60,xupbrfww,,0,54,53,post_experimental,FinalForProlific,2026-02-15 17:31:06.459052,1,,,0.0,1,,0.0,6,6,1,6,xw98qnqc,,,,,1
60,xupbrfww,,0,54,53,post_experimental,FinalForProlific,2026-02-15 17:31:06.459052,1,,,0.0,1,,0.0,4,3,1,7,xw98qnqc,,,,,1
60,xupbrfww,,0,54,53,post_experimental,FinalForProlific,2026-02-15 17:31:06.459052,1,,,0.0,1,,0.0,4,6,1,8,xw98qnqc,,,,,1
60,xupbrfww,,0,54,53,post_experimental,FinalForProlific,2026-02-15 17:31:06.459052,1,,,0.0,1,,0.0,6,5,1,9,xw98qnqc,,,,,1
60,xupbrfww,,0,54,53,post_experimental,FinalForProlific,2026-02-15 17:31:06.459052,1,,,0.0,1,,0.0,6,4,1,10,xw98qnqc,,,,,1
60,xupbrfww,,0,54,53,post_experimental,FinalForProlific,2026-02-15 17:31:06.459052,1,,,0.0,1,,0.0,5,4,1,11,xw98qnqc,,,,,1
60,xupbrfww,,0,54,53,post_experimental,FinalForProlific,2026-02-15 17:31:06.459052,1,,,0.0,1,,0.0,5,6,1,12,xw98qnqc,,,,,1
60,xupbrfww,,0,54,53,post_experimental,FinalForProlific,2026-02-15 17:31:06.459052,1,,,0.0,1,,0.0,4,5,1,13,xw98qnqc,,,,,1
60,xupbrfww,,0,54,53,post_experimental,FinalForProlific,2026-02-15 17:31:06.459052,1,,,0.0,1,,0.0,4,3,1,14,xw98qnqc,,,,,1
60,xupbrfww,,0,54,53,post_experimental,FinalForProlific,2026-02-15 17:31:06.459052,1,,,0.0,1,,0.0,5,6,1,15,xw98qnqc,,,,,1
60,xupbrfww,,0,54,53,post_experimental,FinalForProlific,2026-02-15 17:31:06.459052,1,,,0.0,1,,0.0,5,5,1,16,xw98qnqc,,,,,1
61,47z6qquz,,0,54,53,post_experimental,FinalForProlific,2026-02-15 18:16:03.459052,1,,,0.0,1,,0.0,3,3,1,1,xw98qnqc,,,,,1
61,47z6qquz,,0,54,53,post_experimental,FinalForProlific,2026-02-15 18:16:03.459052,1,,,0.0,1,,0.0,4,4,1,2,xw98qnqc,,,,,1
61,47z6qquz,,0,54,53,post_experimental,FinalForProlific,2026-02-15 18:16:03.459052,1,,,0.0,1,,0.0,4,3,1,3,xw98qnqc,,,,,1
61,47z6qquz,,0,54,53,post_experimental,FinalForProlific,2026-02-15 18:16:03.459052,1,,,0.0,1,,0.0,3,4,1,4,xw98qnqc,,,,,1
61,47z6qquz,,0,54,53,post_experimental,FinalForProlific,2026-02-15 18:16:03.459052,1,,,0.0,1,,0.0,5,5,1,5,xw98qnqc,,,,,1
61,47z6qquz,,0,54,53,post_experimental,FinalForProlific,2026-02-15 18:16:03.459052,1,,,0.0,1,,0.0,2,3,1,6,xw98qnqc,,,,,1
61,47z6qquz,,0,54,53,post_experimental,FinalForProlific,2026-02-15 18:16:03.459052,1,,,0.0,1,,0.0,4,4,1,7,xw98qnqc,,,,,1
61,47z6qquz,,0,54,53,post_experimental,FinalForProlific,2026-02-15 18:16:03.459052,1,,,0.0,1,,0.0,6,5,1,8,xw98qnqc,,,,,1
61,47z6qquz,,0,54,53,post_experimental,FinalForProlific,2026-02-15 18:16:03.459052,1,,,0.0,1,,0.0,5,5,1,9,xw98qnqc,,,,,1
61,47z6qquz,,0,54,53,post_experimental,FinalForProlific,2026-02-15 18:16:03.459052,1,,,0.0,1,,0.0,4,4,1,10,xw98qnqc,,,,,1
61,47z6qquz,,0,54,53,post_experimental,FinalForProlific,2026-02-15 18:16:03.459052,1,,,0.0,1,,0.0,5,5,1,11,xw98qnqc,,,,,1
61,47z6qquz,,0,54,53,post_experimental,FinalForProlific,2026-02-15 18:16:03.459052,1,,,0.0,1,,0.0,5,5,1,12,xw98qnqc,,,,,1
61,47z6qquz,,0,54,53,post_experimental,FinalForProlific,2026-02-15 18:16:03.459052,1,,,0.0,1,,0.0,4,4,1,13,xw98qnqc,,,,,1
61,47z6qquz,,0,54,53,post_experimental,FinalForProlific,2026-02-15 18:16:03.459052,1,,,0.0,1,,0.0,3,3,1,14,xw98qnqc,,,,,1
61,47z6qquz,,0,54,53,post_experimental,FinalForProlific,2026-02-15 18:16:03.459052,1,,,0.0,1,,0.0,2,3,1,15,xw98qnqc,,,,,1
61,47z6qquz,,0,54,53,post_experimental,FinalForProlific,2026-02-15 18:16:03.459052,1,,,0.0,1,,0.0,5,4,1,16,xw98qnqc,,,,,1
62,d0qdtfih,,0,54,53,post_experimental,FinalForProlific,2026-02-15 18:00:59.459052,1,,,0.0,1,,0.0,6,5,1,1,xw98qnqc,,,,,1
62,d0qdtfih,,0,54,53,post_experimental,FinalForProlific,2026-02-15 18:00:59.459052,1,,,0.0,1,,0.0,3,3,1,2,xw98qnqc,,,,,1
62,d0qdtfih,,0,54,53,post_experimental,FinalForProlific,2026-02-15 18:00:59.459052,1,,,0.0,1,,0.0,3,2,1,3,xw98qnqc,,,,,1
62,d0qdtfih,,0,54,53,post_experimental,FinalForProlific,2026-02-15 18:00:59.459052,1,,,0.0,1,,0.0,6,5,1,4,xw98qnqc,,,,,1
62,d0qdtfih,,0,54,53,post_experimental,FinalForProlific,2026-02-15 18:00:59.459052,1,,,0.0,1,,0.0,7,6,1,5,xw98qnqc,,,,,1
62,d0qdtfih,,0,54,53,post_experimental,FinalForProlific,2026-02-15 18:00:59.459052,1,,,0.0,1,,0.0,4,3,1,6,xw98qnqc,,,,,1
62,d0qdtfih,,0,54,53,post_experimental,FinalForProlific,2026-02-15 18:00:59.459052,1,,,0.0,1,,0.0,3,1,1,7,xw98qnqc,,,,,1
62,d0qdtfih,,0,54,53,post_experimental,FinalForProlific,2026-02-15 18:00:59.459052,1,,,0.0,1,,0.0,5,4,1,8,xw98qnqc,,,,,1
62,d0qdtfih,,0,54,53,post_experimental,FinalForProlific,2026-02-15 18:00:59.459052,1,,,0.0,1,,0.0,5,5,1,9,xw98qnqc,,,,,1
62,d0qdtfih,,0,54,53,post_experimental,FinalForProlific,2026-02-15 18:00:59.459052,1,,,0.0,1,,0.0,5,4,1,10,xw98qnqc,,,,,1
62,d0qdtfih,,0,54,53,post_experimental,FinalForProlific,2026-02-15 18:00:59.459052,1,,,0.0,1,,0.0,3,3,1,11,xw98qnqc,,,,,1
62,d0qdtfih,,0,54,53,post_experimental,FinalForProlific,2026-02-15 18:00:59.459052,1,,,0.0,1,,0.0,4,3,1,12,xw98qnqc,,,,,1
62,d0qdtfih,,0,54,53,post_experimental,FinalForProlific,2026-02-15 18:00:59.459052,1,,,0.0,1,,0.0,4,4,1,13,xw98qnqc,,,,,1
62,d0qdtfih,,0,54,53,post_experimental,FinalForProlific,2026-02-15 18:00:59.459052,1,,,0.0,1,,0.0,4,3,1,14,xw98qnqc,,,,,1
62,d0qdtfih,,0,54,53,post_experimental,FinalForProlific,2026-02-15 18:00:59.459052,1,,,0.0,1,,0.0,5,4,1,15,xw98qnqc,,,,,1
62,d0qdtfih,,0,54,53,post_experimental,FinalForProlific,2026-02-15 18:00:59.459052,1,,,0.0,1,,0.0,7,4,1,16,xw98qnqc,,,,,1
63,wanaga71,,0,54,53,post_experimental,FinalForProlific,2026-02-15 17:33:09.459052,1,,,0.0,1,,0.0,5,5,1,1,xw98qnqc,,,,,1
63,wanaga71,,0,54,53,post_experimental,FinalForProlific,2026-02-15 17:33:09.459052,1,,,0.0,1,,0.0,3,3,1,2,xw98qnqc,,,,,1
63,wanaga71,,0,54,53,post_experimental,FinalForProlific,2026-02-15 17:33:09.459052,1,,,0.0,1,,0.0,4,3,1,3,xw98qnqc,,,,,1
63,wanaga71,,0,54,53,post_experimental,FinalForProlific,2026-02-15 17:33:09.459052,1,,,0.0,1,,0.0,6,5,1,4,xw98qnqc,,,,,1
63,wanaga71,,0,54,53,post_experimental,FinalForProlific,2026-02-15 17:33:09.459052,1,,,0.0,1,,0.0,7,6,1,5,xw98qnqc,,,,,1
63,wanaga71,,0,54,53,post_experimental,FinalForProlific,2026-02-15 17:33:09.459052,1,,,0.0,1,,0.0,4,5,1,6,xw98qnqc,,,,,1
63,wanaga71,,0,54,53,post_experimental,FinalForProlific,2026-02-15 17:33:09.459052,1,,,0.0,1,,0.0,3,3,1,7,xw98qnqc,,,,,1
63,wanaga71,,0,54,53,post_experimental,FinalForProlific,2026-02-15 17:33:09.459052,1,,,0.0,1,,0.0,6,4,1,8,xw98qnqc,,,,,1
63,wanaga71,,0,54,53,post_experimental,FinalForProlific,2026-02-15 17:33:09.459052,1,,,0.0,1,,0.0,6,4,1,9,xw98qnqc,,,,,1
63,wanaga71,,0,54,53,post_experimental,FinalForProlific,2026-02-15 17:33:09.459052,1,,,0.0,1,,0.0,6,5,1,10,xw98qnqc,,,,,1
63,wanaga71,,0,54,53,post_experimental,FinalForProlific,2026-02-15 17:33:09.459052,1,,,0.0,1,,0.0,6,4,1,11,xw98qnqc,,,,,1
63,wanaga71,,0,54,53,post_experimental,FinalForProlific,2026-02-15 17:33:09.459052,1,,,0.0,1,,0.0,5,4,1,12,xw98qnqc,,,,,1
63,wanaga71,,0,54,53,post_experimental,FinalForProlific,2026-02-15 17:33:09.459052,1,,,0.0,1,,0.0,6,5,1,13,xw98qnqc,,,,,1
63,wanaga71,,0,54,53,post_experimental,FinalForProlific,2026-02-15 17:33:09.459052,1,,,0.0,1,,0.0,5,4,1,14,xw98qnqc,,,,,1
63,wanaga71,,0,54,53,post_experimental,FinalForProlific,2026-02-15 17:33:09.459052,1,,,0.0,1,,0.0,6,6,1,15,xw98qnqc,,,,,1
63,wanaga71,,0,54,53,post_experimental,FinalForProlific,2026-02-15 17:33:09.459052,1,,,0.0,1,,0.0,5,5,1,16,xw98qnqc,,,,,1
64,g7k7769s,,0,54,53,post_experimental,FinalForProlific,2026-02-15 17:02:24.459052,1,,,0.0,1,,0.0,3,4,1,1,xw98qnqc,,,,,1
64,g7k7769s,,0,54,53,post_experimental,FinalForProlific,2026-02-15 17:02:24.459052,1,,,0.0,1,,0.0,3,3,1,2,xw98qnqc,,,,,1
64,g7k7769s,,0,54,53,post_experimental,FinalForProlific,2026-02-15 17:02:24.459052,1,,,0.0,1,,0.0,4,5,1,3,xw98qnqc,,,,,1
64,g7k7769s,,0,54,53,post_experimental,FinalForProlific,2026-02-15 17:02:24.459052,1,,,0.0,1,,0.0,3,4,1,4,xw98qnqc,,,,,1
64,g7k7769s,,0,54,53,post_experimental,FinalForProlific,2026-02-15 17:02:24.459052,1,,,0.0,1,,0.0,5,5,1,5,xw98qnqc,,,,,1
64,g7k7769s,,0,54,53,post_experimental,FinalForProlific,2026-02-15 17:02:24.459052,1,,,0.0,1,,0.0,2,2,1,6,xw98qnqc,,,,,1
64,g7k7769s,,0,54,53,post_experimental,FinalForProlific,2026-02-15 17:02:24.459052,1,,,0.0,1,,0.0,3,3,1,7,xw98qnqc,,,,,1
64,g7k7769s,,0,54,53,post_experimental,FinalForProlific,2026-02-15 17:02:24.459052,1,,,0.0,1,,0.0,4,5,1,8,xw98qnqc,,,,,1
64,g7k7769s,,0,54,53,post_experimental,FinalForProlific,2026-02-15 17:02:24.459052,1,,,0.0,1,,0.0,4,5,1,9,xw98qnqc,,,,,1
64,g7k7769s,,0,54,53,post_experimental,FinalForProlific,2026-02-15 17:02:24.459052,1,,,0.0,1,,0.0,4,4,1,10,xw98qnqc,,,,,1
64,g7k7769s,,0,54,53,post_experimental,FinalForProlific,2026-02-15 17:02:24.459052,1,,,0.0,1,,0.0,3,5,1,11,xw98qnqc,,,,,1
64,g7k7769s,,0,54,53,post_experimental,FinalForProlific,2026-02-15 17:02:24.459052,1,,,0.0,1,,0.0,5,6,1,12,xw98qnqc,,,,,1
64,g7k7769s,,0,54,53,post_experimental,FinalForProlific,2026-02-15 17:02:24.459052,1,,,0.0,1,,0.0,1,2,1,13,xw98qnqc,,,,,1
64,g7k7769s,,0,54,53,post_experimental,FinalForProlific,2026-02-15 17:02:24.459052,1,,,0.0,1,,0.0,3,3,1,14,xw98qnqc,,,,,1
64,g7k7769s,,0,54,53,post_experimental,FinalForProlific,2026-02-15 17:02:24.459052,1,,,0.0,1,,0.0,4,4,1,15,xw98qnqc,,,,,1
64,g7k7769s,,0,54,53,post_experimental,FinalForProlific,2026-02-15 17:02:24.459052,1,,,0.0,1,,0.0,4,5,1,16,xw98qnqc,,,,,1
65,zltxbim7,,0,54,53,post_experimental,FinalForProlific,2026-02-15 18:01:57.459052,1,,,0.0,1,,0.0,5,3,1,1,xw98qnqc,,,,,1
65,zltxbim7,,0,54,53,post_experimental,FinalForProlific,2026-02-15 18:01:57.459052,1,,,0.0,1,,0.0,3,2,1,2,xw98qnqc,,,,,1
65,zltxbim7,,0,54,53,post_experimental,FinalForProlific,2026-02-15 18:01:57.459052,1,,,0.0,1,,0.0,4,3,1,3,xw98qnqc,,,,,1
65,zltxbim7,,0,54,53,post_experimental,FinalForProlific,2026-02-15 18:01:57.459052,1,,,0.0,1,,0.0,6,5,1,4,xw98qnqc,,,,,1
65,zltxbim7,,0,54,53,post_experimental,FinalForProlific,2026-02-15 18:01:57.459052,1,,,0.0,1,,0.0,6,4,1,5,xw98qnqc,,,,,1
65,zltxbim7,,0,54,53,post_experimental,FinalForProlific,2026-02-15 18:01:57.459052,1,,,0.0,1,,0.0,4,3,1,6,xw98qnqc,,,,,1
65,zltxbim7,,0,54,53,post_experimental,FinalForProlific,2026-02-15 18:01:57.459052,1,,,0.0,1,,0.0,4,3,1,7,xw98qnqc,,,,,1
65,zltxbim7,,0,54,53,post_experimental,FinalForProlific,2026-02-15 18:01:57.459052,1,,,0.0,1,,0.0,4,5,1,8,xw98qnqc,,,,,1
65,zltxbim7,,0,54,53,post_experimental,FinalForProlific,2026-02-15 18:01:57.459052,1,,,0.0,1,,0.0,6,6,1,9,xw98qnqc,,,,,1
65,zltxbim7,,0,54,53,post_experimental,FinalForProlific,2026-02-15 18:01:57.459052,1,,,0.0,1,,0.0,4,4,1,10,xw98qnqc,,,,,1
65,zltxbim7,,0,54,53,post_experimental,FinalForProlific,2026-02-15 18:01:57.459052,1,,,0.0,1,,0.0,4,3,1,11,xw98qnqc,,,,,1
65,zltxbim7,,0,54,53,post_experimental,FinalForProlific,2026-02-15 18:01:57.459052,1,,,0.0,1,,0.0,5,4,1,12,xw98qnqc,,,,,1
65,zltxbim7,,0,54,53,post_experimental,FinalForProlific,2026-02-15 18:01:57.459052,1,,,0.0,1,,0.0,5,4,1,13,xw98qnqc,,,,,1
65,zltxbim7,,0,54,53,post_experimental,FinalForProlific,2026-02-15 18:01:57.459052,1,,,0.0,1,,0.0,4,3,1,14,xw98qnqc,,,,,1
65,zltxbim7,,0,54,53,post_experimental,FinalForProlific,2026-02-15 18:01:57.459052,1,,,0.0,1,,0.0,5,3,1,15,xw98qnqc,,,,,1
65,zltxbim7,,0,54,53,post_experimental,FinalForProlific,2026-02-15 18:01:57.459052,1,,,0.0,1,,0.0,6,5,1,16,xw98qnqc,,,,,1
66,15d5vvo8,,0,54,53,post_experimental,FinalForProlific,2026-02-15 17:19:00.459052,1,,,0.0,1,,0.0,3,4,1,1,xw98qnqc,,,,,1
66,15d5vvo8,,0,54,53,post_experimental,FinalForProlific,2026-02-15 17:19:00.459052,1,,,0.0,1,,0.0,3,3,1,2,xw98qnqc,,,,,1
66,15d5vvo8,,0,54,53,post_experimental,FinalForProlific,2026-02-15 17:19:00.459052,1,,,0.0,1,,0.0,2,2,1,3,xw98qnqc,,,,,1
66,15d5vvo8,,0,54,53,post_experimental,FinalForProlific,2026-02-15 17:19:00.459052,1,,,0.0,1,,0.0,4,4,1,4,xw98qnqc,,,,,1
66,15d5vvo8,,0,54,53,post_experimental,FinalForProlific,2026-02-15 17:19:00.459052,1,,,0.0,1,,0.0,5,6,1,5,xw98qnqc,,,,,1
66,15d5vvo8,,0,54,53,post_experimental,FinalForProlific,2026-02-15 17:19:00.459052,1,,,0.0,1,,0.0,3,3,1,6,xw98qnqc,,,,,1
66,15d5vvo8,,0,54,53,post_experimental,FinalForProlific,2026-02-15 17:19:00.459052,1,,,0.0,1,,0.0,3,3,1,7,xw98qnqc,,,,,1
66,15d5vvo8,,0,54,53,post_experimental,FinalForProlific,2026-02-15 17:19:00.459052,1,,,0.0,1,,0.0,4,4,1,8,xw98qnqc,,,,,1
66,15d5vvo8,,0,54,53,post_experimental,FinalForProlific,2026-02-15 17:19:00.459052,1,,,0.0,1,,0.0,2,4,1,9,xw98qnqc,,,,,1
66,15d5vvo8,,0,54,53,post_experimental,FinalForProlific,2026-02-15 17:19:00.459052,1,,,0.0,1,,0.0,4,4,1,10,xw98qnqc,,,,,1
66,15d5vvo8,,0,54,53,post_experimental,FinalForProlific,2026-02-15 17:19:00.459052,1,,,0.0,1,,0.0,3,4,1,11,xw98qnqc,,,,,1
66,15d5vvo8,,0,54,53,post_experimental,FinalForProlific,2026-02-15 17:19:00.459052,1,,,0.0,1,,0.0,4,4,1,12,xw98qnqc,,,,,1
66,15d5vvo8,,0,54,53,post_experimental,FinalForProlific,2026-02-15 17:19:00.459052,1,,,0.0,1,,0.0,1,3,1,13,xw98qnqc,,,,,1
66,15d5vvo8,,0,54,53,post_experimental,FinalForProlific,2026-02-15 17:19:00.459052,1,,,0.0,1,,0.0,4,4,1,14,xw98qnqc,,,,,1
66,15d5vvo8,,0,54,53,post_experimental,FinalForProlific,2026-02-15 17:19:00.459052,1,,,0.0,1,,0.0,3,4,1,15,xw98qnqc,,,,,1
66,15d5vvo8,,0,54,53,post_experimental,FinalForProlific,2026-02-15 17:19:00.459052,1,,,0.0,1,,0.0,2,4,1,16,xw98qnqc,,,,,1
67,h3s2tezs,,0,54,53,post_experimental,FinalForProlific,2026-02-15 17:43:30.459052,1,,,0.0,1,,0.0,3,4,1,1,xw98qnqc,,,,,1
67,h3s2tezs,,0,54,53,post_experimental,FinalForProlific,2026-02-15 17:43:30.459052,1,,,0.0,1,,0.0,2,2,1,2,xw98qnqc,,,,,1
67,h3s2tezs,,0,54,53,post_experimental,FinalForProlific,2026-02-15 17:43:30.459052,1,,,0.0,1,,0.0,3,2,1,3,xw98qnqc,,,,,1
67,h3s2tezs,,0,54,53,post_experimental,FinalForProlific,2026-02-15 17:43:30.459052,1,,,0.0,1,,0.0,4,3,1,4,xw98qnqc,,,,,1
67,h3s2tezs,,0,54,53,post_experimental,FinalForProlific,2026-02-15 17:43:30.459052,1,,,0.0,1,,0.0,3,4,1,5,xw98qnqc,,,,,1
67,h3s2tezs,,0,54,53,post_experimental,FinalForProlific,2026-02-15 17:43:30.459052,1,,,0.0,1,,0.0,3,3,1,6,xw98qnqc,,,,,1
67,h3s2tezs,,0,54,53,post_experimental,FinalForProlific,2026-02-15 17:43:30.459052,1,,,0.0,1,,0.0,1,2,1,7,xw98qnqc,,,,,1
67,h3s2tezs,,0,54,53,post_experimental,FinalForProlific,2026-02-15 17:43:30.459052,1,,,0.0,1,,0.0,3,4,1,8,xw98qnqc,,,,,1
67,h3s2tezs,,0,54,53,post_experimental,FinalForProlific,2026-02-15 17:43:30.459052,1,,,0.0,1,,0.0,5,4,1,9,xw98qnqc,,,,,1
67,h3s2tezs,,0,54,53,post_experimental,FinalForProlific,2026-02-15 17:43:30.459052,1,,,0.0,1,,0.0,3,5,1,10,xw98qnqc,,,,,1
67,h3s2tezs,,0,54,53,post_experimental,FinalForProlific,2026-02-15 17:43:30.459052,1,,,0.0,1,,0.0,2,3,1,11,xw98qnqc,,,,,1
67,h3s2tezs,,0,54,53,post_experimental,FinalForProlific,2026-02-15 17:43:30.459052,1,,,0.0,1,,0.0,2,4,1,12,xw98qnqc,,,,,1
67,h3s2tezs,,0,54,53,post_experimental,FinalForProlific,2026-02-15 17:43:30.459052,1,,,0.0,1,,0.0,2,3,1,13,xw98qnqc,,,,,1
67,h3s2tezs,,0,54,53,post_experimental,FinalForProlific,2026-02-15 17:43:30.459052,1,,,0.0,1,,0.0,3,4,1,14,xw98qnqc,,,,,1
67,h3s2tezs,,0,54,53,post_experimental,FinalForProlific,2026-02-15 17:43:30.459052,1,,,0.0,1,,0.0,2,5,1,15,xw98qnqc,,,,,1
67,h3s2tezs,,0,54,53,post_experimental,FinalForProlific,2026-02-15 17:43:30.459052,1,,,0.0,1,,0.0,4,3,1,16,xw98qnqc,,,,,1
68,0qv1evzv,,0,54,53,post_experimental,FinalForProlific,2026-02-15 17:25:20.459052,1,,,0.0,1,,0.0,3,3,1,1,xw98qnqc,,,,,1
68,0qv1evzv,,0,54,53,post_experimental,FinalForProlific,2026-02-15 17:25:20.459052,1,,,0.0,1,,0.0,2,1,1,2,xw98qnqc,,,,,1
68,0qv1evzv,,0,54,53,post_experimental,FinalForProlific,2026-02-15 17:25:20.459052,1,,,0.0,1,,0.0,3,3,1,3,xw98qnqc,,,,,1
68,0qv1evzv,,0,54,53,post_experimental,FinalForProlific,2026-02-15 17:25:20.459052,1,,,0.0,1,,0.0,4,4,1,4,xw98qnqc,,,,,1
68,0qv1evzv,,0,54,53,post_experimental,FinalForProlific,2026-02-15 17:25:20.459052,1,,,0.0,1,,0.0,3,4,1,5,xw98qnqc,,,,,1
68,0qv1evzv,,0,54,53,post_experimental,FinalForProlific,2026-02-15 17:25:20.459052,1,,,0.0,1,,0.0,3,3,1,6,xw98qnqc,,,,,1
68,0qv1evzv,,0,54,53,post_experimental,FinalForProlific,2026-02-15 17:25:20.459052,1,,,0.0,1,,0.0,2,3,1,7,xw98qnqc,,,,,1
68,0qv1evzv,,0,54,53,post_experimental,FinalForProlific,2026-02-15 17:25:20.459052,1,,,0.0,1,,0.0,4,5,1,8,xw98qnqc,,,,,1
68,0qv1evzv,,0,54,53,post_experimental,FinalForProlific,2026-02-15 17:25:20.459052,1,,,0.0,1,,0.0,4,4,1,9,xw98qnqc,,,,,1
68,0qv1evzv,,0,54,53,post_experimental,FinalForProlific,2026-02-15 17:25:20.459052,1,,,0.0,1,,0.0,3,5,1,10,xw98qnqc,,,,,1
68,0qv1evzv,,0,54,53,post_experimental,FinalForProlific,2026-02-15 17:25:20.459052,1,,,0.0,1,,0.0,3,2,1,11,xw98qnqc,,,,,1
68,0qv1evzv,,0,54,53,post_experimental,FinalForProlific,2026-02-15 17:25:20.459052,1,,,0.0,1,,0.0,2,3,1,12,xw98qnqc,,,,,1
68,0qv1evzv,,0,54,53,post_experimental,FinalForProlific,2026-02-15 17:25:20.459052,1,,,0.0,1,,0.0,2,1,1,13,xw98qnqc,,,,,1
68,0qv1evzv,,0,54,53,post_experimental,FinalForProlific,2026-02-15 17:25:20.459052,1,,,0.0,1,,0.0,4,5,1,14,xw98qnqc,,,,,1
68,0qv1evzv,,0,54,53,post_experimental,FinalForProlific,2026-02-15 17:25:20.459052,1,,,0.0,1,,0.0,5,4,1,15,xw98qnqc,,,,,1
68,0qv1evzv,,0,54,53,post_experimental,FinalForProlific,2026-02-15 17:25:20.459052,1,,,0.0,1,,0.0,4,4,1,16,xw98qnqc,,,,,1
69,8x35tovg,,0,54,53,post_experimental,FinalForProlific,2026-02-15 17:58:07.459052,1,,,0.0,1,,0.0,4,4,1,1,xw98qnqc,,,,,1
69,8x35tovg,,0,54,53,post_experimental,FinalForProlific,2026-02-15 17:58:07.459052,1,,,0.0,1,,0.0,4,2,1,2,xw98qnqc,,,,,1
69,8x35tovg,,0,54,53,post_experimental,FinalForProlific,2026-02-15 17:58:07.459052,1,,,0.0,1,,0.0,2,3,1,3,xw98qnqc,,,,,1
69,8x35tovg,,0,54,53,post_experimental,FinalForProlific,2026-02-15 17:58:07.459052,1,,,0.0,1,,0.0,4,5,1,4,xw98qnqc,,,,,1
69,8x35tovg,,0,54,53,post_experimental,FinalForProlific,2026-02-15 17:58:07.459052,1,,,0.0,1,,0.0,3,4,1,5,xw98qnqc,,,,,1
69,8x35tovg,,0,54,53,post_experimental,FinalForProlific,2026-02-15 17:58:07.459052,1,,,0.0,1,,0.0,2,2,1,6,xw98qnqc,,,,,1
69,8x35tovg,,0,54,53,post_experimental,FinalForProlific,2026-02-15 17:58:07.459052,1,,,0.0,1,,0.0,4,4,1,7,xw98qnqc,,,,,1
69,8x35tovg,,0,54,53,post_experimental,FinalForProlific,2026-02-15 17:58:07.459052,1,,,0.0,1,,0.0,4,6,1,8,xw98qnqc,,,,,1
69,8x35tovg,,0,54,53,post_experimental,FinalForProlific,2026-02-15 17:58:07.459052,1,,,0.0,1,,0.0,5,5,1,9,xw98qnqc,,,,,1
69,8x35tovg,,0,54,53,post_experimental,FinalForProlific,2026-02-15 17:58:07.459052,1,,,0.0,1,,0.0,4,4,1,10,xw98qnqc,,,,,1
69,8x35tovg,,0,54,53,post_experimental,FinalForProlific,2026-02-15 17:58:07.459052,1,,,0.0,1,,0.0,5,3,1,11,xw98qnqc,,,,,1
69,8x35tovg,,0,54,53,post_experimental,FinalForProlific,2026-02-15 17:58:07.459052,1,,,0.0,1,,0.0,4,3,1,12,xw98qnqc,,,,,1
69,8x35tovg,,0,54,53,post_experimental,FinalForProlific,2026-02-15 17:58:07.459052,1,,,0.0,1,,0.0,4,3,1,13,xw98qnqc,,,,,1
69,8x35tovg,,0,54,53,post_experimental,FinalForProlific,2026-02-15 17:58:07.459052,1,,,0.0,1,,0.0,4,3,1,14,xw98qnqc,,,,,1
69,8x35tovg,,0,54,53,post_experimental,FinalForProlific,2026-02-15 17:58:07.459052,1,,,0.0,1,,0.0,4,4,1,15,xw98qnqc,,,,,1
69,8x35tovg,,0,54,53,post_experimental,FinalForProlific,2026-02-15 17:58:07.459052,1,,,0.0,1,,0.0,4,3,1,16,xw98qnqc,,,,,1
70,0o6t42u5,,0,54,53,post_experimental,FinalForProlific,2026-02-15 17:04:32.459052,1,,,0.0,1,,0.0,2,3,1,1,xw98qnqc,,,,,1
70,0o6t42u5,,0,54,53,post_experimental,FinalForProlific,2026-02-15 17:04:32.459052,1,,,0.0,1,,0.0,2,3,1,2,xw98qnqc,,,,,1
70,0o6t42u5,,0,54,53,post_experimental,FinalForProlific,2026-02-15 17:04:32.459052,1,,,0.0,1,,0.0,4,3,1,3,xw98qnqc,,,,,1
70,0o6t42u5,,0,54,53,post_experimental,FinalForProlific,2026-02-15 17:04:32.459052,1,,,0.0,1,,0.0,2,2,1,4,xw98qnqc,,,,,1
70,0o6t42u5,,0,54,53,post_experimental,FinalForProlific,2026-02-15 17:04:32.459052,1,,,0.0,1,,0.0,5,6,1,5,xw98qnqc,,,,,1
70,0o6t42u5,,0,54,53,post_experimental,FinalForProlific,2026-02-15 17:04:32.459052,1,,,0.0,1,,0.0,1,3,1,6,xw98qnqc,,,,,1
70,0o6t42u5,,0,54,53,post_experimental,FinalForProlific,2026-02-15 17:04:32.459052,1,,,0.0,1,,0.0,2,2,1,7,xw98qnqc,,,,,1
70,0o6t42u5,,0,54,53,post_experimental,FinalForProlific,2026-02-15 17:04:32.459052,1,,,0.0,1,,0.0,3,6,1,8,xw98qnqc,,,,,1
70,0o6t42u5,,0,54,53,post_experimental,FinalForProlific,2026-02-15 17:04:32.459052,1,,,0.0,1,,0.0,3,4,1,9,xw98qnqc,,,,,1
70,0o6t42u5,,0,54,53,post_experimental,FinalForProlific,2026-02-15 17:04:32.459052,1,,,0.0,1,,0.0,2,3,1,10,xw98qnqc,,,,,1
70,0o6t42u5,,0,54,53,post_experimental,FinalForProlific,2026-02-15 17:04:32.459052,1,,,0.0,1,,0.0,1,3,1,11,xw98qnqc,,,,,1
70,0o6t42u5,,0,54,53,post_experimental,FinalForProlific,2026-02-15 17:04:32.459052,1,,,0.0,1,,0.0,2,3,1,12,xw98qnqc,,,,,1
70,0o6t42u5,,0,54,53,post_experimental,FinalForProlific,2026-02-15 17:04:32.459052,1,,,0.0,1,,0.0,2,3,1,13,xw98qnqc,,,,,1
70,0o6t42u5,,0,54,53,post_experimental,FinalForProlific,2026-02-15 17:04:32.459052,1,,,0.0,1,,0.0,1,2,1,14,xw98qnqc,,,,,1
70,0o6t42u5,,0,54,53,post_experimental,FinalForProlific,2026-02-15 17:04:32.459052,1,,,0.0,1,,0.0,2,2,1,15,xw98qnqc,,,,,1
70,0o6t42u5,,0,54,53,post_experimental,FinalForProlific,2026-02-15 17:04:32.459052,1,,,0.0,1,,0.0,3,3,1,16,xw98qnqc,,,,,1
71,gy9nl23d,,0,54,53,post_experimental,FinalForProlific,2026-02-15 17:46:56.459052,1,,,0.0,1,,0.0,4,4,1,1,xw98qnqc,,,,,1
71,gy9nl23d,,0,54,53,post_experimental,FinalForProlific,2026-02-15 17:46:56.459052,1,,,0.0,1,,0.0,4,2,1,2,xw98qnqc,,,,,1
71,gy9nl23d,,0,54,53,post_experimental,FinalForProlific,2026-02-15 17:46:56.459052,1,,,0.0,1,,0.0,3,3,1,3,xw98qnqc,,,,,1
71,gy9nl23d,,0,54,53,post_experimental,FinalForProlific,2026-02-15 17:46:56.459052,1,,,0.0,1,,0.0,5,4,1,4,xw98qnqc,,,,,1
71,gy9nl23d,,0,54,53,post_experimental,FinalForProlific,2026-02-15 17:46:56.459052,1,,,0.0,1,,0.0,4,5,1,5,xw98qnqc,,,,,1
71,gy9nl23d,,0,54,53,post_experimental,FinalForProlific,2026-02-15 17:46:56.459052,1,,,0.0,1,,0.0,3,2,1,6,xw98qnqc,,,,,1
71,gy9nl23d,,0,54,53,post_experimental,FinalForProlific,2026-02-15 17:46:56.459052,1,,,0.0,1,,0.0,3,3,1,7,xw98qnqc,,,,,1
71,gy9nl23d,,0,54,53,post_experimental,FinalForProlific,2026-02-15 17:46:56.459052,1,,,0.0,1,,0.0,6,6,1,8,xw98qnqc,,,,,1
71,gy9nl23d,,0,54,53,post_experimental,FinalForProlific,2026-02-15 17:46:56.459052,1,,,0.0,1,,0.0,4,4,1,9,xw98qnqc,,,,,1
71,gy9nl23d,,0,54,53,post_experimental,FinalForProlific,2026-02-15 17:46:56.459052,1,,,0.0,1,,0.0,6,5,1,10,xw98qnqc,,,,,1
71,gy9nl23d,,0,54,53,post_experimental,FinalForProlific,2026-02-15 17:46:56.459052,1,,,0.0,1,,0.0,4,4,1,11,xw98qnqc,,,,,1
71,gy9nl23d,,0,54,53,post_experimental,FinalForProlific,2026-02-15 17:46:56.459052,1,,,0.0,1,,0.0,4,3,1,12,xw98qnqc,,,,,1
71,gy9nl23d,,0,54,53,post_experimental,FinalForProlific,2026-02-15 17:46:56.459052,1,,,0.0,1,,0.0,2,3,1,13,xw98qnqc,,,,,1
71,gy9nl23d,,0,54,53,post_experimental,FinalForProlific,2026-02-15 17:46:56.459052,1,,,0.0,1,,0.0,4,4,1,14,xw98qnqc,,,,,1
71,gy9nl23d,,0,54,53,post_experimental,FinalForProlific,2026-02-15 17:46:56.459052,1,,,0.0,1,,0.0,3,4,1,15,xw98qnqc,,,,,1
71,gy9nl23d,,0,54,53,post_experimental,FinalForProlific,2026-02-15 17:46:56.459052,1,,,0.0,1,,0.0,4,3,1,16,xw98qnqc,,,,,1
72,xlpwqlqe,,0,54,53,post_experimental,FinalForProlific,2026-02-15 17:13:40.459052,1,,,0.0,1,,0.0,3,3,1,1,xw98qnqc,,,,,1
72,xlpwqlqe,,0,54,53,post_experimental,FinalForProlific,2026-02-15 17:13:40.459052,1,,,0.0,1,,0.0,2,3,1,2,xw98qnqc,,,,,1
72,xlpwqlqe,,0,54,53,post_experimental,FinalForProlific,2026-02-15 17:13:40.459052,1,,,0.0,1,,0.0,3,3,1,3,xw98qnqc,,,,,1
72,xlpwqlqe,,0,54,53,post_experimental,FinalForProlific,2026-02-15 17:13:40.459052,1,,,0.0,1,,0.0,5,3,1,4,xw98qnqc,,,,,1
72,xlpwqlqe,,0,54,53,post_experimental,FinalForProlific,2026-02-15 17:13:40.459052,1,,,0.0,1,,0.0,5,6,1,5,xw98qnqc,,,,,1
72,xlpwqlqe,,0,54,53,post_experimental,FinalForProlific,2026-02-15 17:13:40.459052,1,,,0.0,1,,0.0,3,3,1,6,xw98qnqc,,,,,1
72,xlpwqlqe,,0,54,53,post_experimental,FinalForProlific,2026-02-15 17:13:40.459052,1,,,0.0,1,,0.0,3,2,1,7,xw98qnqc,,,,,1
72,xlpwqlqe,,0,54,53,post_experimental,FinalForProlific,2026-02-15 17:13:40.459052,1,,,0.0,1,,0.0,3,3,1,8,xw98qnqc,,,,,1
72,xlpwqlqe,,0,54,53,post_experimental,FinalForProlific,2026-02-15 17:13:40.459052,1,,,0.0,1,,0.0,5,5,1,9,xw98qnqc,,,,,1
72,xlpwqlqe,,0,54,53,post_experimental,FinalForProlific,2026-02-15 17:13:40.459052,1,,,0.0,1,,0.0,4,4,1,10,xw98qnqc,,,,,1
72,xlpwqlqe,,0,54,53,post_experimental,FinalForProlific,2026-02-15 17:13:40.459052,1,,,0.0,1,,0.0,3,3,1,11,xw98qnqc,,,,,1
72,xlpwqlqe,,0,54,53,post_experimental,FinalForProlific,2026-02-15 17:13:40.459052,1,,,0.0,1,,0.0,5,6,1,12,xw98qnqc,,,,,1
72,xlpwqlqe,,0,54,53,post_experimental,FinalForProlific,2026-02-15 17:13:40.459052,1,,,0.0,1,,0.0,4,5,1,13,xw98qnqc,,,,,1
72,xlpwqlqe,,0,54,53,post_experimental,FinalForProlific,2026-02-15 17:13:40.459052,1,,,0.0,1,,0.0,4,5,1,14,xw98qnqc,,,,,1
72,xlpwqlqe,,0,54,53,post_experimental,FinalForProlific,2026-02-15 17:13:40.459052,1,,,0.0,1,,0.0,4,4,1,15,xw98qnqc,,,,,1
72,xlpwqlqe,,0,54,53,post_experimental,FinalForProlific,2026-02-15 17:13:40.459052,1,,,0.0,1,,0.0,3,5,1,16,xw98qnqc,,,,,1
73,m0aycbyk,,0,54,53,post_experimental,FinalForProlific,2026-02-15 17:22:11.459052,1,,,0.0,1,,0.0,3,3,1,1,xw98qnqc,,,,,1
73,m0aycbyk,,0,54,53,post_experimental,FinalForProlific,2026-02-15 17:22:11.459052,1,,,0.0,1,,0.0,4,3,1,2,xw98qnqc,,,,,1
73,m0aycbyk,,0,54,53,post_experimental,FinalForProlific,2026-02-15 17:22:11.459052,1,,,0.0,1,,0.0,2,3,1,3,xw98qnqc,,,,,1
73,m0aycbyk,,0,54,53,post_experimental,FinalForProlific,2026-02-15 17:22:11.459052,1,,,0.0,1,,0.0,4,5,1,4,xw98qnqc,,,,,1
73,m0aycbyk,,0,54,53,post_experimental,FinalForProlific,2026-02-15 17:22:11.459052,1,,,0.0,1,,0.0,5,5,1,5,xw98qnqc,,,,,1
73,m0aycbyk,,0,54,53,post_experimental,FinalForProlific,2026-02-15 17:22:11.459052,1,,,0.0,1,,0.0,1,2,1,6,xw98qnqc,,,,,1
73,m0aycbyk,,0,54,53,post_experimental,FinalForProlific,2026-02-15 17:22:11.459052,1,,,0.0,1,,0.0,3,2,1,7,xw98qnqc,,,,,1
73,m0aycbyk,,0,54,53,post_experimental,FinalForProlific,2026-02-15 17:22:11.459052,1,,,0.0,1,,0.0,2,3,1,8,xw98qnqc,,,,,1
73,m0aycbyk,,0,54,53,post_experimental,FinalForProlific,2026-02-15 17:22:11.459052,1,,,0.0,1,,0.0,3,4,1,9,xw98qnqc,,,,,1
73,m0aycbyk,,0,54,53,post_experimental,FinalForProlific,2026-02-15 17:22:11.459052,1,,,0.0,1,,0.0,3,4,1,10,xw98qnqc,,,,,1
73,m0aycbyk,,0,54,53,post_experimental,FinalForProlific,2026-02-15 17:22:11.459052,1,,,0.0,1,,0.0,1,2,1,11,xw98qnqc,,,,,1
73,m0aycbyk,,0,54,53,post_experimental,FinalForProlific,2026-02-15 17:22:11.459052,1,,,0.0,1,,0.0,2,4,1,12,xw98qnqc,,,,,1
73,m0aycbyk,,0,54,53,post_experimental,FinalForProlific,2026-02-15 17:22:11.459052,1,,,0.0,1,,0.0,3,4,1,13,xw98qnqc,,,,,1
73,m0aycbyk,,0,54,53,post_experimental,FinalForProlific,2026-02-15 17:22:11.459052,1,,,0.0,1,,0.0,2,3,1,14,xw98qnqc,,,,,1
73,m0aycbyk,,0,54,53,post_experimental,FinalForProlific,2026-02-15 17:22:11.459052,1,,,0.0,1,,0.0,2,3,1,15,xw98qnqc,,,,,1
73,m0aycbyk,,0,54,53,post_experimental,FinalForProlific,2026-02-15 17:22:11.459052,1,,,0.0,1,,0.0,2,3,1,16,xw98qnqc,,,,,1
74,dv78uhts,,0,54,53,post_experimental,FinalForProlific,2026-02-15 18:11:35.459052,1,,,0.0,1,,0.0,6,5,1,1,xw98qnqc,,,,,1
74,dv78uhts,,0,54,53,post_experimental,FinalForProlific,2026-02-15 18:11:35.459052,1,,,0.0,1,,0.0,3,3,1,2,xw98qnqc,,,,,1
74,dv78uhts,,0,54,53,post_experimental,FinalForProlific,2026-02-15 18:11:35.459052,1,,,0.0,1,,0.0,1,3,1,3,xw98qnqc,,,,,1
74,dv78uhts,,0,54,53,post_experimental,FinalForProlific,2026-02-15 18:11:35.459052,1,,,0.0,1,,0.0,6,4,1,4,xw98qnqc,,,,,1
74,dv78uhts,,0,54,53,post_experimental,FinalForProlific,2026-02-15 18:11:35.459052,1,,,0.0,1,,0.0,7,7,1,5,xw98qnqc,,,,,1
74,dv78uhts,,0,54,53,post_experimental,FinalForProlific,2026-02-15 18:11:35.459052,1,,,0.0,1,,0.0,4,2,1,6,xw98qnqc,,,,,1
74,dv78uhts,,0,54,53,post_experimental,FinalForProlific,2026-02-15 18:11:35.459052,1,,,0.0,1,,0.0,4,2,1,7,xw98qnqc,,,,,1
74,dv78uhts,,0,54,53,post_experimental,FinalForProlific,2026-02-15 18:11:35.459052,1,,,0.0,1,,0.0,7,6,1,8,xw98qnqc,,,,,1
74,dv78uhts,,0,54,53,post_experimental,FinalForProlific,2026-02-15 18:11:35.459052,1,,,0.0,1,,0.0,6,5,1,9,xw98qnqc,,,,,1
74,dv78uhts,,0,54,53,post_experimental,FinalForProlific,2026-02-15 18:11:35.459052,1,,,0.0,1,,0.0,4,3,1,10,xw98qnqc,,,,,1
74,dv78uhts,,0,54,53,post_experimental,FinalForProlific,2026-02-15 18:11:35.459052,1,,,0.0,1,,0.0,3,4,1,11,xw98qnqc,,,,,1
74,dv78uhts,,0,54,53,post_experimental,FinalForProlific,2026-02-15 18:11:35.459052,1,,,0.0,1,,0.0,4,4,1,12,xw98qnqc,,,,,1
74,dv78uhts,,0,54,53,post_experimental,FinalForProlific,2026-02-15 18:11:35.459052,1,,,0.0,1,,0.0,4,4,1,13,xw98qnqc,,,,,1
74,dv78uhts,,0,54,53,post_experimental,FinalForProlific,2026-02-15 18:11:35.459052,1,,,0.0,1,,0.0,5,4,1,14,xw98qnqc,,,,,1
74,dv78uhts,,0,54,53,post_experimental,FinalForProlific,2026-02-15 18:11:35.459052,1,,,0.0,1,,0.0,6,4,1,15,xw98qnqc,,,,,1
74,dv78uhts,,0,54,53,post_experimental,FinalForProlific,2026-02-15 18:11:35.459052,1,,,0.0,1,,0.0,5,5,1,16,xw98qnqc,,,,,1
75,ign4wsvh,,0,54,53,post_experimental,FinalForProlific,2026-02-15 17:41:56.459052,1,,,0.0,1,,0.0,1,2,1,1,xw98qnqc,,,,,1
75,ign4wsvh,,0,54,53,post_experimental,FinalForProlific,2026-02-15 17:41:56.459052,1,,,0.0,1,,0.0,2,4,1,2,xw98qnqc,,,,,1
75,ign4wsvh,,0,54,53,post_experimental,FinalForProlific,2026-02-15 17:41:56.459052,1,,,0.0,1,,0.0,2,4,1,3,xw98qnqc,,,,,1
75,ign4wsvh,,0,54,53,post_experimental,FinalForProlific,2026-02-15 17:41:56.459052,1,,,0.0,1,,0.0,5,3,1,4,xw98qnqc,,,,,1
75,ign4wsvh,,0,54,53,post_experimental,FinalForProlific,2026-02-15 17:41:56.459052,1,,,0.0,1,,0.0,5,5,1,5,xw98qnqc,,,,,1
75,ign4wsvh,,0,54,53,post_experimental,FinalForProlific,2026-02-15 17:41:56.459052,1,,,0.0,1,,0.0,2,2,1,6,xw98qnqc,,,,,1
75,ign4wsvh,,0,54,53,post_experimental,FinalForProlific,2026-02-15 17:41:56.459052,1,,,0.0,1,,0.0,2,3,1,7,xw98qnqc,,,,,1
75,ign4wsvh,,0,54,53,post_experimental,FinalForProlific,2026-02-15 17:41:56.459052,1,,,0.0,1,,0.0,4,3,1,8,xw98qnqc,,,,,1
75,ign4wsvh,,0,54,53,post_experimental,FinalForProlific,2026-02-15 17:41:56.459052,1,,,0.0,1,,0.0,4,4,1,9,xw98qnqc,,,,,1
75,ign4wsvh,,0,54,53,post_experimental,FinalForProlific,2026-02-15 17:41:56.459052,1,,,0.0,1,,0.0,3,4,1,10,xw98qnqc,,,,,1
75,ign4wsvh,,0,54,53,post_experimental,FinalForProlific,2026-02-15 17:41:56.459052,1,,,0.0,1,,0.0,3,4,1,11,xw98qnqc,,,,,1
75,ign4wsvh,,0,54,53,post_experimental,FinalForProlific,2026-02-15 17:41:56.459052,1,,,0.0,1,,0.0,3,3,1,12,xw98qnqc,,,,,1
75,ign4wsvh,,0,54,53,post_experimental,FinalForProlific,2026-02-15 17:41:56.459052,1,,,0.0,1,,0.0,3,3,1,13,xw98qnqc,,,,,1
75,ign4wsvh,,0,54,53,post_experimental,FinalForProlific,2026-02-15 17:41:56.459052,1,,,0.0,1,,0.0,5,3,1,14,xw98qnqc,,,,,1
75,ign4wsvh,,0,54,53,post_experimental,FinalForProlific,2026-02-15 17:41:56.459052,1,,,0.0,1,,0.0,3,4,1,15,xw98qnqc,,,,,1
75,ign4wsvh,,0,54,53,post_experimental,FinalForProlific,2026-02-15 17:41:56.459052,1,,,0.0,1,,0.0,3,4,1,16,xw98qnqc,,,,,1
76,kq8td4w4,,0,54,53,post_experimental,FinalForProlific,2026-02-15 17:49:43.459052,1,,,0.0,1,,0.0,3,2,1,1,xw98qnqc,,,,,1
76,kq8td4w4,,0,54,53,post_experimental,FinalForProlific,2026-02-15 17:49:43.459052,1,,,0.0,1,,0.0,3,3,1,2,xw98qnqc,,,,,1
76,kq8td4w4,,0,54,53,post_experimental,FinalForProlific,2026-02-15 17:49:43.459052,1,,,0.0,1,,0.0,2,2,1,3,xw98qnqc,,,,,1
76,kq8td4w4,,0,54,53,post_experimental,FinalForProlific,2026-02-15 17:49:43.459052,1,,,0.0,1,,0.0,5,4,1,4,xw98qnqc,,,,,1
76,kq8td4w4,,0,54,53,post_experimental,FinalForProlific,2026-02-15 17:49:43.459052,1,,,0.0,1,,0.0,5,5,1,5,xw98qnqc,,,,,1
76,kq8td4w4,,0,54,53,post_experimental,FinalForProlific,2026-02-15 17:49:43.459052,1,,,0.0,1,,0.0,4,3,1,6,xw98qnqc,,,,,1
76,kq8td4w4,,0,54,53,post_experimental,FinalForProlific,2026-02-15 17:49:43.459052,1,,,0.0,1,,0.0,3,4,1,7,xw98qnqc,,,,,1
76,kq8td4w4,,0,54,53,post_experimental,FinalForProlific,2026-02-15 17:49:43.459052,1,,,0.0,1,,0.0,6,6,1,8,xw98qnqc,,,,,1
76,kq8td4w4,,0,54,53,post_experimental,FinalForProlific,2026-02-15 17:49:43.459052,1,,,0.0,1,,0.0,5,6,1,9,xw98qnqc,,,,,1
76,kq8td4w4,,0,54,53,post_experimental,FinalForProlific,2026-02-15 17:49:43.459052,1,,,0.0,1,,0.0,3,4,1,10,xw98qnqc,,,,,1
76,kq8td4w4,,0,54,53,post_experimental,FinalForProlific,2026-02-15 17:49:43.459052,1,,,0.0,1,,0.0,2,2,1,11,xw98qnqc,,,,,1
76,kq8td4w4,,0,54,53,post_experimental,FinalForProlific,2026-02-15 17:49:43.459052,1,,,0.0,1,,0.0,5,4,1,12,xw98qnqc,,,,,1
76,kq8td4w4,,0,54,53,post_experimental,FinalForProlific,2026-02-15 17:49:43.459052,1,,,0.0,1,,0.0,4,3,1,13,xw98qnqc,,,,,1
76,kq8td4w4,,0,54,53,post_experimental,FinalForProlific,2026-02-15 17:49:43.459052,1,,,0.0,1,,0.0,3,3,1,14,xw98qnqc,,,,,1
76,kq8td4w4,,0,54,53,post_experimental,FinalForProlific,2026-02-15 17:49:43.459052,1,,,0.0,1,,0.0,3,3,1,15,xw98qnqc,,,,,1
76,kq8td4w4,,0,54,53,post_experimental,FinalForProlific,2026-02-15 17:49:43.459052,1,,,0.0,1,,0.0,3,4,1,16,xw98qnqc,,,,,1
77,lyrf8rkb,,0,54,53,post_experimental,FinalForProlific,2026-02-15 18:03:28.459052,1,,,0.0,1,,0.0,3,4,1,1,xw98qnqc,,,,,1
77,lyrf8rkb,,0,54,53,post_experimental,FinalForProlific,2026-02-15 18:03:28.459052,1,,,0.0,1,,0.0,4,4,1,2,xw98qnqc,,,,,1
77,lyrf8rkb,,0,54,53,post_experimental,FinalForProlific,2026-02-15 18:03:28.459052,1,,,0.0,1,,0.0,3,4,1,3,xw98qnqc,,,,,1
77,lyrf8rkb,,0,54,53,post_experimental,FinalForProlific,2026-02-15 18:03:28.459052,1,,,0.0,1,,0.0,5,6,1,4,xw98qnqc,,,,,1
77,lyrf8rkb,,0,54,53,post_experimental,FinalForProlific,2026-02-15 18:03:28.459052,1,,,0.0,1,,0.0,5,5,1,5,xw98qnqc,,,,,1
77,lyrf8rkb,,0,54,53,post_experimental,FinalForProlific,2026-02-15 18:03:28.459052,1,,,0.0,1,,0.0,5,5,1,6,xw98qnqc,,,,,1
77,lyrf8rkb,,0,54,53,post_experimental,FinalForProlific,2026-02-15 18:03:28.459052,1,,,0.0,1,,0.0,3,2,1,7,xw98qnqc,,,,,1
77,lyrf8rkb,,0,54,53,post_experimental,FinalForProlific,2026-02-15 18:03:28.459052,1,,,0.0,1,,0.0,4,4,1,8,xw98qnqc,,,,,1
77,lyrf8rkb,,0,54,53,post_experimental,FinalForProlific,2026-02-15 18:03:28.459052,1,,,0.0,1,,0.0,7,5,1,9,xw98qnqc,,,,,1
77,lyrf8rkb,,0,54,53,post_experimental,FinalForProlific,2026-02-15 18:03:28.459052,1,,,0.0,1,,0.0,6,5,1,10,xw98qnqc,,,,,1
77,lyrf8rkb,,0,54,53,post_experimental,FinalForProlific,2026-02-15 18:03:28.459052,1,,,0.0,1,,0.0,5,5,1,11,xw98qnqc,,,,,1
77,lyrf8rkb,,0,54,53,post_experimental,FinalForProlific,2026-02-15 18:03:28.459052,1,,,0.0,1,,0.0,4,5,1,12,xw98qnqc,,,,,1
77,lyrf8rkb,,0,54,53,post_experimental,FinalForProlific,2026-02-15 18:03:28.459052,1,,,0.0,1,,0.0,3,5,1,13,xw98qnqc,,,,,1
77,lyrf8rkb,,0,54,53,post_experimental,FinalForProlific,2026-02-15 18:03:28.459052,1,,,0.0,1,,0.0,4,4,1,14,xw98qnqc,,,,,1
77,lyrf8rkb,,0,54,53,post_experimental,FinalForProlific,2026-02-15 18:03:28.459052,1,,,0.0,1,,0.0,5,5,1,15,xw98qnqc,,,,,1
77,lyrf8rkb,,0,54,53,post_experimental,FinalForProlific,2026-02-15 18:03:28.459052,1,,,0.0,1,,0.0,5,5,1,16,xw98qnqc,,,,,1
78,b1tdfoe4,,0,54,53,post_experimental,FinalForProlific,2026-02-15 18:05:10.459052,1,,,0.0,1,,0.0,6,6,1,1,xw98qnqc,,,,,1
78,b1tdfoe4,,0,54,53,post_experimental,FinalForProlific,2026-02-15 18:05:10.459052,1,,,0.0,1,,0.0,5,5,1,2,xw98qnqc,,,,,1
78,b1tdfoe4,,0,54,53,post_experimental,FinalForProlific,2026-02-15 18:05:10.459052,1,,,0.0,1,,0.0,3,4,1,3,xw98qnqc,,,,,1
78,b1tdfoe4,,0,54,53,post_experimental,FinalForProlific,2026-02-15 18:05:10.459052,1,,,0.0,1,,0.0,7,6,1,4,xw98qnqc,,,,,1
78,b1tdfoe4,,0,54,53,post_experimental,FinalForProlific,2026-02-15 18:05:10.459052,1,,,0.0,1,,0.0,7,6,1,5,xw98qnqc,,,,,1
78,b1tdfoe4,,0,54,53,post_experimental,FinalForProlific,2026-02-15 18:05:10.459052,1,,,0.0,1,,0.0,5,4,1,6,xw98qnqc,,,,,1
78,b1tdfoe4,,0,54,53,post_experimental,FinalForProlific,2026-02-15 18:05:10.459052,1,,,0.0,1,,0.0,6,6,1,7,xw98qnqc,,,,,1
78,b1tdfoe4,,0,54,53,post_experimental,FinalForProlific,2026-02-15 18:05:10.459052,1,,,0.0,1,,0.0,5,5,1,8,xw98qnqc,,,,,1
78,b1tdfoe4,,0,54,53,post_experimental,FinalForProlific,2026-02-15 18:05:10.459052,1,,,0.0,1,,0.0,6,5,1,9,xw98qnqc,,,,,1
78,b1tdfoe4,,0,54,53,post_experimental,FinalForProlific,2026-02-15 18:05:10.459052,1,,,0.0,1,,0.0,6,4,1,10,xw98qnqc,,,,,1
78,b1tdfoe4,,0,54,53,post_experimental,FinalForProlific,2026-02-15 18:05:10.459052,1,,,0.0,1,,0.0,6,4,1,11,xw98qnqc,,,,,1
78,b1tdfoe4,,0,54,53,post_experimental,FinalForProlific,2026-02-15 18:05:10.459052,1,,,0.0,1,,0.0,4,3,1,12,xw98qnqc,,,,,1
78,b1tdfoe4,,0,54,53,post_experimental,FinalForProlific,2026-02-15 18:05:10.459052,1,,,0.0,1,,0.0,5,4,1,13,xw98qnqc,,,,,1
78,b1tdfoe4,,0,54,53,post_experimental,FinalForProlific,2026-02-15 18:05:10.459052,1,,,0.0,1,,0.0,4,5,1,14,xw98qnqc,,,,,1
78,b1tdfoe4,,0,54,53,post_experimental,FinalForProlific,2026-02-15 18:05:10.459052,1,,,0.0,1,,0.0,6,6,1,15,xw98qnqc,,,,,1
78,b1tdfoe4,,0,54,53,post_experimental,FinalForProlific,2026-02-15 18:05:10.459052,1,,,0.0,1,,0.0,4,4,1,16,xw98qnqc,,,,,1
79,sqbaovbz,,0,54,53,post_experimental,FinalForProlific,2026-02-15 17:58:20.459052,1,,,0.0,1,,0.0,2,3,1,1,xw98qnqc,,,,,1
79,sqbaovbz,,0,54,53,post_experimental,FinalForProlific,2026-02-15 17:58:20.459052,1,,,0.0,1,,0.0,1,2,1,2,xw98qnqc,,,,,1
79,sqbaovbz,,0,54,53,post_experimental,FinalForProlific,2026-02-15 17:58:20.459052,1,,,0.0,1,,0.0,3,4,1,3,xw98qnqc,,,,,1
79,sqbaovbz,,0,54,53,post_experimental,FinalForProlific,2026-02-15 17:58:20.459052,1,,,0.0,1,,0.0,3,5,1,4,xw98qnqc,,,,,1
79,sqbaovbz,,0,54,53,post_experimental,FinalForProlific,2026-02-15 17:58:20.459052,1,,,0.0,1,,0.0,4,4,1,5,xw98qnqc,,,,,1
79,sqbaovbz,,0,54,53,post_experimental,FinalForProlific,2026-02-15 17:58:20.459052,1,,,0.0,1,,0.0,2,2,1,6,xw98qnqc,,,,,1
79,sqbaovbz,,0,54,53,post_experimental,FinalForProlific,2026-02-15 17:58:20.459052,1,,,0.0,1,,0.0,2,2,1,7,xw98qnqc,,,,,1
79,sqbaovbz,,0,54,53,post_experimental,FinalForProlific,2026-02-15 17:58:20.459052,1,,,0.0,1,,0.0,5,5,1,8,xw98qnqc,,,,,1
79,sqbaovbz,,0,54,53,post_experimental,FinalForProlific,2026-02-15 17:58:20.459052,1,,,0.0,1,,0.0,4,4,1,9,xw98qnqc,,,,,1
79,sqbaovbz,,0,54,53,post_experimental,FinalForProlific,2026-02-15 17:58:20.459052,1,,,0.0,1,,0.0,3,4,1,10,xw98qnqc,,,,,1
79,sqbaovbz,,0,54,53,post_experimental,FinalForProlific,2026-02-15 17:58:20.459052,1,,,0.0,1,,0.0,2,4,1,11,xw98qnqc,,,,,1
79,sqbaovbz,,0,54,53,post_experimental,FinalForProlific,2026-02-15 17:58:20.459052,1,,,0.0,1,,0.0,3,5,1,12,xw98qnqc,,,,,1
79,sqbaovbz,,0,54,53,post_experimental,FinalForProlific,2026-02-15 17:58:20.459052,1,,,0.0,1,,0.0,4,4,1,13,xw98qnqc,,,,,1
79,sqbaovbz,,0,54,53,post_experimental,FinalForProlific,2026-02-15 17:58:20.459052,1,,,0.0,1,,0.0,1,4,1,14,xw98qnqc,,,,,1
79,sqbaovbz,,0,54,53,post_experimental,FinalForProlific,2026-02-15 17:58:20.459052,1,,,0.0,1,,0.0,2,1,1,15,xw98qnqc,,,,,1
79,sqbaovbz,,0,54,53,post_experimental,FinalForProlific,2026-02-15 17:58:20.459052,1,,,0.0,1,,0.0,2,4,1,16,xw98qnqc,,,,,1
80,wok1d4zg,,0,54,53,post_experimental,FinalForProlific,2026-02-15 18:02:32.459052,1,,,0.0,1,,0.0,4,5,1,1,xw98qnqc,,,,,1
80,wok1d4zg,,0,54,53,post_experimental,FinalForProlific,2026-02-15 18:02:32.459052,1,,,0.0,1,,0.0,4,4,1,2,xw98qnqc,,,,,1
80,wok1d4zg,,0,54,53,post_experimental,FinalForProlific,2026-02-15 18:02:32.459052,1,,,0.0,1,,0.0,3,2,1,3,xw98qnqc,,,,,1
80,wok1d4zg,,0,54,53,post_experimental,FinalForProlific,2026-02-15 18:02:32.459052,1,,,0.0,1,,0.0,4,4,1,4,xw98qnqc,,,,,1
80,wok1d4zg,,0,54,53,post_experimental,FinalForProlific,2026-02-15 18:02:32.459052,1,,,0.0,1,,0.0,5,5,1,5,xw98qnqc,,,,,1
80,wok1d4zg,,0,54,53,post_experimental,FinalForProlific,2026-02-15 18:02:32.459052,1,,,0.0,1,,0.0,4,4,1,6,xw98qnqc,,,,,1
80,wok1d4zg,,0,54,53,post_experimental,FinalForProlific,2026-02-15 18:02:32.459052,1,,,0.0,1,,0.0,3,3,1,7,xw98qnqc,,,,,1
80,wok1d4zg,,0,54,53,post_experimental,FinalForProlific,2026-02-15 18:02:32.459052,1,,,0.0,1,,0.0,4,5,1,8,xw98qnqc,,,,,1
80,wok1d4zg,,0,54,53,post_experimental,FinalForProlific,2026-02-15 18:02:32.459052,1,,,0.0,1,,0.0,5,6,1,9,xw98qnqc,,,,,1
80,wok1d4zg,,0,54,53,post_experimental,FinalForProlific,2026-02-15 18:02:32.459052,1,,,0.0,1,,0.0,4,5,1,10,xw98qnqc,,,,,1
80,wok1d4zg,,0,54,53,post_experimental,FinalForProlific,2026-02-15 18:02:32.459052,1,,,0.0,1,,0.0,3,2,1,11,xw98qnqc,,,,,1
80,wok1d4zg,,0,54,53,post_experimental,FinalForProlific,2026-02-15 18:02:32.459052,1,,,0.0,1,,0.0,5,5,1,12,xw98qnqc,,,,,1
80,wok1d4zg,,0,54,53,post_experimental,FinalForProlific,2026-02-15 18:02:32.459052,1,,,0.0,1,,0.0,3,3,1,13,xw98qnqc,,,,,1
80,wok1d4zg,,0,54,53,post_experimental,FinalForProlific,2026-02-15 18:02:32.459052,1,,,0.0,1,,0.0,5,5,1,14,xw98qnqc,,,,,1
80,wok1d4zg,,0,54,53,post_experimental,FinalForProlific,2026-02-15 18:02:32.459052,1,,,0.0,1,,0.0,5,6,1,15,xw98qnqc,,,,,1
80,wok1d4zg,,0,54,53,post_experimental,FinalForProlific,2026-02-15 18:02:32.459052,1,,,0.0,1,,0.0,3,5,1,16,xw98qnqc,,,,,1
81,ltrwv91g,,0,54,53,post_experimental,FinalForProlific,2026-02-15 18:12:27.459052,1,,,0.0,1,,0.0,2,3,1,1,xw98qnqc,,,,,1
81,ltrwv91g,,0,54,53,post_experimental,FinalForProlific,2026-02-15 18:12:27.459052,1,,,0.0,1,,0.0,3,3,1,2,xw98qnqc,,,,,1
81,ltrwv91g,,0,54,53,post_experimental,FinalForProlific,2026-02-15 18:12:27.459052,1,,,0.0,1,,0.0,2,3,1,3,xw98qnqc,,,,,1
81,ltrwv91g,,0,54,53,post_experimental,FinalForProlific,2026-02-15 18:12:27.459052,1,,,0.0,1,,0.0,2,3,1,4,xw98qnqc,,,,,1
81,ltrwv91g,,0,54,53,post_experimental,FinalForProlific,2026-02-15 18:12:27.459052,1,,,0.0,1,,0.0,4,4,1,5,xw98qnqc,,,,,1
81,ltrwv91g,,0,54,53,post_experimental,FinalForProlific,2026-02-15 18:12:27.459052,1,,,0.0,1,,0.0,3,3,1,6,xw98qnqc,,,,,1
81,ltrwv91g,,0,54,53,post_experimental,FinalForProlific,2026-02-15 18:12:27.459052,1,,,0.0,1,,0.0,2,3,1,7,xw98qnqc,,,,,1
81,ltrwv91g,,0,54,53,post_experimental,FinalForProlific,2026-02-15 18:12:27.459052,1,,,0.0,1,,0.0,5,5,1,8,xw98qnqc,,,,,1
81,ltrwv91g,,0,54,53,post_experimental,FinalForProlific,2026-02-15 18:12:27.459052,1,,,0.0,1,,0.0,3,3,1,9,xw98qnqc,,,,,1
81,ltrwv91g,,0,54,53,post_experimental,FinalForProlific,2026-02-15 18:12:27.459052,1,,,0.0,1,,0.0,3,5,1,10,xw98qnqc,,,,,1
81,ltrwv91g,,0,54,53,post_experimental,FinalForProlific,2026-02-15 18:12:27.459052,1,,,0.0,1,,0.0,4,3,1,11,xw98qnqc,,,,,1
81,ltrwv91g,,0,54,53,post_experimental,FinalForProlific,2026-02-15 18:12:27.459052,1,,,0.0,1,,0.0,3,4,1,12,xw98qnqc,,,,,1
81,ltrwv91g,,0,54,53,post_experimental,FinalForProlific,2026-02-15 18:12:27.459052,1,,,0.0,1,,0.0,3,3,1,13,xw98qnqc,,,,,1
81,ltrwv91g,,0,54,53,post_experimental,FinalForProlific,2026-02-15 18:12:27.459052,1,,,0.0,1,,0.0,2,3,1,14,xw98qnqc,,,,,1
81,ltrwv91g,,0,54,53,post_experimental,FinalForProlific,2026-02-15 18:12:27.459052,1,,,0.0,1,,0.0,3,3,1,15,xw98qnqc,,,,,1
81,ltrwv91g,,0,54,53,post_experimental,FinalForProlific,2026-02-15 18:12:27.459052,1,,,0.0,1,,0.0,1,2,1,16,xw98qnqc,,,,,1
82,4cbrhu1r,,0,54,53,post_experimental,FinalForProlific,2026-02-15 17:06:02.459052,1,,,0.0,1,,0.0,3,2,1,1,xw98qnqc,,,,,1
82,4cbrhu1r,,0,54,53,post_experimental,FinalForProlific,2026-02-15 17:06:02.459052,1,,,0.0,1,,0.0,1,1,1,2,xw98qnqc,,,,,1
82,4cbrhu1r,,0,54,53,post_experimental,FinalForProlific,2026-02-15 17:06:02.459052,1,,,0.0,1,,0.0,4,3,1,3,xw98qnqc,,,,,1
82,4cbrhu1r,,0,54,53,post_experimental,FinalForProlific,2026-02-15 17:06:02.459052,1,,,0.0,1,,0.0,4,5,1,4,xw98qnqc,,,,,1
82,4cbrhu1r,,0,54,53,post_experimental,FinalForProlific,2026-02-15 17:06:02.459052,1,,,0.0,1,,0.0,5,4,1,5,xw98qnqc,,,,,1
82,4cbrhu1r,,0,54,53,post_experimental,FinalForProlific,2026-02-15 17:06:02.459052,1,,,0.0,1,,0.0,3,2,1,6,xw98qnqc,,,,,1
82,4cbrhu1r,,0,54,53,post_experimental,FinalForProlific,2026-02-15 17:06:02.459052,1,,,0.0,1,,0.0,2,3,1,7,xw98qnqc,,,,,1
82,4cbrhu1r,,0,54,53,post_experimental,FinalForProlific,2026-02-15 17:06:02.459052,1,,,0.0,1,,0.0,5,5,1,8,xw98qnqc,,,,,1
82,4cbrhu1r,,0,54,53,post_experimental,FinalForProlific,2026-02-15 17:06:02.459052,1,,,0.0,1,,0.0,3,4,1,9,xw98qnqc,,,,,1
82,4cbrhu1r,,0,54,53,post_experimental,FinalForProlific,2026-02-15 17:06:02.459052,1,,,0.0,1,,0.0,4,5,1,10,xw98qnqc,,,,,1
82,4cbrhu1r,,0,54,53,post_experimental,FinalForProlific,2026-02-15 17:06:02.459052,1,,,0.0,1,,0.0,3,3,1,11,xw98qnqc,,,,,1
82,4cbrhu1r,,0,54,53,post_experimental,FinalForProlific,2026-02-15 17:06:02.459052,1,,,0.0,1,,0.0,4,5,1,12,xw98qnqc,,,,,1
82,4cbrhu1r,,0,54,53,post_experimental,FinalForProlific,2026-02-15 17:06:02.459052,1,,,0.0,1,,0.0,3,2,1,13,xw98qnqc,,,,,1
82,4cbrhu1r,,0,54,53,post_experimental,FinalForProlific,2026-02-15 17:06:02.459052,1,,,0.0,1,,0.0,4,3,1,14,xw98qnqc,,,,,1
82,4cbrhu1r,,0,54,53,post_experimental,FinalForProlific,2026-02-15 17:06:02.459052,1,,,0.0,1,,0.0,3,5,1,15,xw98qnqc,,,,,1
82,4cbrhu1r,,0,54,53,post_experimental,FinalForProlific,2026-02-15 17:06:02.459052,1,,,0.0,1,,0.0,3,3,1,16,xw98qnqc,,,,,1
83,80r4yyap,,0,54,53,post_experimental,FinalForProlific,2026-02-15 17:17:23.459052,1,,,0.0,1,,0.0,3,3,1,1,xw98qnqc,,,,,1
83,80r4yyap,,0,54,53,post_experimental,FinalForProlific,2026-02-15 17:17:23.459052,1,,,0.0,1,,0.0,2,3,1,2,xw98qnqc,,,,,1
83,80r4yyap,,0,54,53,post_experimental,FinalForProlific,2026-02-15 17:17:23.459052,1,,,0.0,1,,0.0,3,3,1,3,xw98qnqc,,,,,1
83,80r4yyap,,0,54,53,post_experimental,FinalForProlific,2026-02-15 17:17:23.459052,1,,,0.0,1,,0.0,5,4,1,4,xw98qnqc,,,,,1
83,80r4yyap,,0,54,53,post_experimental,FinalForProlific,2026-02-15 17:17:23.459052,1,,,0.0,1,,0.0,4,5,1,5,xw98qnqc,,,,,1
83,80r4yyap,,0,54,53,post_experimental,FinalForProlific,2026-02-15 17:17:23.459052,1,,,0.0,1,,0.0,4,5,1,6,xw98qnqc,,,,,1
83,80r4yyap,,0,54,53,post_experimental,FinalForProlific,2026-02-15 17:17:23.459052,1,,,0.0,1,,0.0,2,2,1,7,xw98qnqc,,,,,1
83,80r4yyap,,0,54,53,post_experimental,FinalForProlific,2026-02-15 17:17:23.459052,1,,,0.0,1,,0.0,4,4,1,8,xw98qnqc,,,,,1
83,80r4yyap,,0,54,53,post_experimental,FinalForProlific,2026-02-15 17:17:23.459052,1,,,0.0,1,,0.0,4,4,1,9,xw98qnqc,,,,,1
83,80r4yyap,,0,54,53,post_experimental,FinalForProlific,2026-02-15 17:17:23.459052,1,,,0.0,1,,0.0,5,4,1,10,xw98qnqc,,,,,1
83,80r4yyap,,0,54,53,post_experimental,FinalForProlific,2026-02-15 17:17:23.459052,1,,,0.0,1,,0.0,4,4,1,11,xw98qnqc,,,,,1
83,80r4yyap,,0,54,53,post_experimental,FinalForProlific,2026-02-15 17:17:23.459052,1,,,0.0,1,,0.0,3,4,1,12,xw98qnqc,,,,,1
83,80r4yyap,,0,54,53,post_experimental,FinalForProlific,2026-02-15 17:17:23.459052,1,,,0.0,1,,0.0,3,3,1,13,xw98qnqc,,,,,1
83,80r4yyap,,0,54,53,post_experimental,FinalForProlific,2026-02-15 17:17:23.459052,1,,,0.0,1,,0.0,5,4,1,14,xw98qnqc,,,,,1
83,80r4yyap,,0,54,53,post_experimental,FinalForProlific,2026-02-15 17:17:23.459052,1,,,0.0,1,,0.0,4,4,1,15,xw98qnqc,,,,,1
83,80r4yyap,,0,54,53,post_experimental,FinalForProlific,2026-02-15 17:17:23.459052,1,,,0.0,1,,0.0,3,5,1,16,xw98qnqc,,,,,1
84,ie5my4at,,0,54,53,post_experimental,FinalForProlific,2026-02-15 17:06:48.459052,1,,,0.0,1,,0.0,5,5,1,1,xw98qnqc,,,,,1
84,ie5my4at,,0,54,53,post_experimental,FinalForProlific,2026-02-15 17:06:48.459052,1,,,0.0,1,,0.0,4,4,1,2,xw98qnqc,,,,,1
84,ie5my4at,,0,54,53,post_experimental,FinalForProlific,2026-02-15 17:06:48.459052,1,,,0.0,1,,0.0,4,4,1,3,xw98qnqc,,,,,1
84,ie5my4at,,0,54,53,post_experimental,FinalForProlific,2026-02-15 17:06:48.459052,1,,,0.0,1,,0.0,5,5,1,4,xw98qnqc,,,,,1
84,ie5my4at,,0,54,53,post_experimental,FinalForProlific,2026-02-15 17:06:48.459052,1,,,0.0,1,,0.0,7,6,1,5,xw98qnqc,,,,,1
84,ie5my4at,,0,54,53,post_experimental,FinalForProlific,2026-02-15 17:06:48.459052,1,,,0.0,1,,0.0,6,5,1,6,xw98qnqc,,,,,1
84,ie5my4at,,0,54,53,post_experimental,FinalForProlific,2026-02-15 17:06:48.459052,1,,,0.0,1,,0.0,4,3,1,7,xw98qnqc,,,,,1
84,ie5my4at,,0,54,53,post_experimental,FinalForProlific,2026-02-15 17:06:48.459052,1,,,0.0,1,,0.0,7,6,1,8,xw98qnqc,,,,,1
84,ie5my4at,,0,54,53,post_experimental,FinalForProlific,2026-02-15 17:06:48.459052,1,,,0.0,1,,0.0,5,5,1,9,xw98qnqc,,,,,1
84,ie5my4at,,0,54,53,post_experimental,FinalForProlific,2026-02-15 17:06:48.459052,1,,,0.0,1,,0.0,5,6,1,10,xw98qnqc,,,,,1
84,ie5my4at,,0,54,53,post_experimental,FinalForProlific,2026-02-15 17:06:48.459052,1,,,0.0,1,,0.0,6,4,1,11,xw98qnqc,,,,,1
84,ie5my4at,,0,54,53,post_experimental,FinalForProlific,2026-02-15 17:06:48.459052,1,,,0.0,1,,0.0,5,5,1,12,xw98qnqc,,,,,1
84,ie5my4at,,0,54,53,post_experimental,FinalForProlific,2026-02-15 17:06:48.459052,1,,,0.0,1,,0.0,5,3,1,13,xw98qnqc,,,,,1
84,ie5my4at,,0,54,53,post_experimental,FinalForProlific,2026-02-15 17:06:48.459052,1,,,0.0,1,,0.0,6,5,1,14,xw98qnqc,,,,,1
84,ie5my4at,,0,54,53,post_experimental,FinalForProlific,2026-02-15 17:06:48.459052,1,,,0.0,1,,0.0,4,4,1,15,xw98qnqc,,,,,1
84,ie5my4at,,0,54,53,post_experimental,FinalForProlific,2026-02-15 17:06:48.459052,1,,,0.0,1,,0.0,4,3,1,16,xw98qnqc,,,,,1
85,byhm5qzw,,0,54,53,post_experimental,FinalForProlific,2026-02-15 17:23:17.459052,1,,,0.0,1,,0.0,2,3,1,1,xw98qnqc,,,,,1
85,byhm5qzw,,0,54,53,post_experimental,FinalForProlific,2026-02-15 17:23:17.459052,1,,,0.0,1,,0.0,2,3,1,2,xw98qnqc,,,,,1
85,byhm5qzw,,0,54,53,post_experimental,FinalForProlific,2026-02-15 17:23:17.459052,1,,,0.0,1,,0.0,4,4,1,3,xw98qnqc,,,,,1
85,byhm5qzw,,0,54,53,post_experimental,FinalForProlific,2026-02-15 17:23:17.459052,1,,,0.0,1,,0.0,5,4,1,4,xw98qnqc,,,,,1
85,byhm5qzw,,0,54,53,post_experimental,FinalForProlific,2026-02-15 17:23:17.459052,1,,,0.0,1,,0.0,4,5,1,5,xw98qnqc,,,,,1
85,byhm5qzw,,0,54,53,post_experimental,FinalForProlific,2026-02-15 17:23:17.459052,1,,,0.0,1,,0.0,3,3,1,6,xw98qnqc,,,,,1
85,byhm5qzw,,0,54,53,post_experimental,FinalForProlific,2026-02-15 17:23:17.459052,1,,,0.0,1,,0.0,2,3,1,7,xw98qnqc,,,,,1
85,byhm5qzw,,0,54,53,post_experimental,FinalForProlific,2026-02-15 17:23:17.459052,1,,,0.0,1,,0.0,3,5,1,8,xw98qnqc,,,,,1
85,byhm5qzw,,0,54,53,post_experimental,FinalForProlific,2026-02-15 17:23:17.459052,1,,,0.0,1,,0.0,5,5,1,9,xw98qnqc,,,,,1
85,byhm5qzw,,0,54,53,post_experimental,FinalForProlific,2026-02-15 17:23:17.459052,1,,,0.0,1,,0.0,3,4,1,10,xw98qnqc,,,,,1
85,byhm5qzw,,0,54,53,post_experimental,FinalForProlific,2026-02-15 17:23:17.459052,1,,,0.0,1,,0.0,3,4,1,11,xw98qnqc,,,,,1
85,byhm5qzw,,0,54,53,post_experimental,FinalForProlific,2026-02-15 17:23:17.459052,1,,,0.0,1,,0.0,4,5,1,12,xw98qnqc,,,,,1
85,byhm5qzw,,0,54,53,post_experimental,FinalForProlific,2026-02-15 17:23:17.459052,1,,,0.0,1,,0.0,3,4,1,13,xw98qnqc,,,,,1
85,byhm5qzw,,0,54,53,post_experimental,FinalForProlific,2026-02-15 17:23:17.459052,1,,,0.0,1,,0.0,2,2,1,14,xw98qnqc,,,,,1
85,byhm5qzw,,0,54,53,post_experimental,FinalForProlific,2026-02-15 17:23:17.459052,1,,,0.0,1,,0.0,4,5,1,15,xw98qnqc,,,,,1
85,byhm5qzw,,0,54,53,post_experimental,FinalForProlific,2026-02-15 17:23:17.459052,1,,,0.0,1,,0.0,2,3,1,16,xw98qnqc,,,,,1
86,zt39gorz,,0,54,53,post_experimental,FinalForProlific,2026-02-15 17:56:15.459052,1,,,0.0,1,,0.0,3,3,1,1,xw98qnqc,,,,,1
86,zt39gorz,,0,54,53,post_experimental,FinalForProlific,2026-02-15 17:56:15.459052,1,,,0.0,1,,0.0,5,5,1,2,xw98qnqc,,,,,1
86,zt39gorz,,0,54,53,post_experimental,FinalForProlific,2026-02-15 17:56:15.459052,1,,,0.0,1,,0.0,3,4,1,3,xw98qnqc,,,,,1
86,zt39gorz,,0,54,53,post_experimental,FinalForProlific,2026-02-15 17:56:15.459052,1,,,0.0,1,,0.0,6,6,1,4,xw98qnqc,,,,,1
86,zt39gorz,,0,54,53,post_experimental,FinalForProlific,2026-02-15 17:56:15.459052,1,,,0.0,1,,0.0,4,4,1,5,xw98qnqc,,,,,1
86,zt39gorz,,0,54,53,post_experimental,FinalForProlific,2026-02-15 17:56:15.459052,1,,,0.0,1,,0.0,2,3,1,6,xw98qnqc,,,,,1
86,zt39gorz,,0,54,53,post_experimental,FinalForProlific,2026-02-15 17:56:15.459052,1,,,0.0,1,,0.0,2,2,1,7,xw98qnqc,,,,,1
86,zt39gorz,,0,54,53,post_experimental,FinalForProlific,2026-02-15 17:56:15.459052,1,,,0.0,1,,0.0,4,5,1,8,xw98qnqc,,,,,1
86,zt39gorz,,0,54,53,post_experimental,FinalForProlific,2026-02-15 17:56:15.459052,1,,,0.0,1,,0.0,5,5,1,9,xw98qnqc,,,,,1
86,zt39gorz,,0,54,53,post_experimental,FinalForProlific,2026-02-15 17:56:15.459052,1,,,0.0,1,,0.0,4,4,1,10,xw98qnqc,,,,,1
86,zt39gorz,,0,54,53,post_experimental,FinalForProlific,2026-02-15 17:56:15.459052,1,,,0.0,1,,0.0,5,5,1,11,xw98qnqc,,,,,1
86,zt39gorz,,0,54,53,post_experimental,FinalForProlific,2026-02-15 17:56:15.459052,1,,,0.0,1,,0.0,4,5,1,12,xw98qnqc,,,,,1
86,zt39gorz,,0,54,53,post_experimental,FinalForProlific,2026-02-15 17:56:15.459052,1,,,0.0,1,,0.0,4,3,1,13,xw98qnqc,,,,,1
86,zt39gorz,,0,54,53,post_experimental,FinalForProlific,2026-02-15 17:56:15.459052,1,,,0.0,1,,0.0,3,5,1,14,xw98qnqc,,,,,1
86,zt39gorz,,0,54,53,post_experimental,FinalForProlific,2026-02-15 17:56:15.459052,1,,,0.0,1,,0.0,3,5,1,15,xw98qnqc,,,,,1
86,zt39gorz,,0,54,53,post_experimental,FinalForProlific,2026-02-15 17:56:15.459052,1,,,0.0,1,,0.0,4,5,1,16,xw98qnqc,,,,,1
87,zeizj48g,,0,54,53,post_experimental,FinalForProlific,2026-02-15 17:10:03.459052,1,,,0.0,1,,0.0,3,4,1,1,xw98qnqc,,,,,1
87,zeizj48g,,0,54,53,post_experimental,FinalForProlific,2026-02-15 17:10:03.459052,1,,,0.0,1,,0.0,3,3,1,2,xw98qnqc,,,,,1
87,zeizj48g,,0,54,53,post_experimental,FinalForProlific,2026-02-15 17:10:03.459052,1,,,0.0,1,,0.0,2,4,1,3,xw98qnqc,,,,,1
87,zeizj48g,,0,54,53,post_experimental,FinalForProlific,2026-02-15 17:10:03.459052,1,,,0.0,1,,0.0,3,4,1,4,xw98qnqc,,,,,1
87,zeizj48g,,0,54,53,post_experimental,FinalForProlific,2026-02-15 17:10:03.459052,1,,,0.0,1,,0.0,4,6,1,5,xw98qnqc,,,,,1
87,zeizj48g,,0,54,53,post_experimental,FinalForProlific,2026-02-15 17:10:03.459052,1,,,0.0,1,,0.0,4,5,1,6,xw98qnqc,,,,,1
87,zeizj48g,,0,54,53,post_experimental,FinalForProlific,2026-02-15 17:10:03.459052,1,,,0.0,1,,0.0,2,2,1,7,xw98qnqc,,,,,1
87,zeizj48g,,0,54,53,post_experimental,FinalForProlific,2026-02-15 17:10:03.459052,1,,,0.0,1,,0.0,4,5,1,8,xw98qnqc,,,,,1
87,zeizj48g,,0,54,53,post_experimental,FinalForProlific,2026-02-15 17:10:03.459052,1,,,0.0,1,,0.0,5,5,1,9,xw98qnqc,,,,,1
87,zeizj48g,,0,54,53,post_experimental,FinalForProlific,2026-02-15 17:10:03.459052,1,,,0.0,1,,0.0,3,4,1,10,xw98qnqc,,,,,1
87,zeizj48g,,0,54,53,post_experimental,FinalForProlific,2026-02-15 17:10:03.459052,1,,,0.0,1,,0.0,3,3,1,11,xw98qnqc,,,,,1
87,zeizj48g,,0,54,53,post_experimental,FinalForProlific,2026-02-15 17:10:03.459052,1,,,0.0,1,,0.0,4,3,1,12,xw98qnqc,,,,,1
87,zeizj48g,,0,54,53,post_experimental,FinalForProlific,2026-02-15 17:10:03.459052,1,,,0.0,1,,0.0,3,4,1,13,xw98qnqc,,,,,1
87,zeizj48g,,0,54,53,post_experimental,FinalForProlific,2026-02-15 17:10:03.459052,1,,,0.0,1,,0.0,3,4,1,14,xw98qnqc,,,,,1
87,zeizj48g,,0,54,53,post_experimental,FinalForProlific,2026-02-15 17:10:03.459052,1,,,0.0,1,,0.0,4,4,1,15,xw98qnqc,,,,,1
87,zeizj48g,,0,54,53,post_experimental,FinalForProlific,2026-02-15 17:10:03.459052,1,,,0.0,1,,0.0,4,4,1,16,xw98qnqc,,,,,1
88,vkpq6m9e,,0,54,53,post_experimental,FinalForProlific,2026-02-15 18:16:15.459052,1,,,0.0,1,,0.0,4,4,1,1,xw98qnqc,,,,,1
88,vkpq6m9e,,0,54,53,post_experimental,FinalForProlific,2026-02-15 18:16:15.459052,1,,,0.0,1,,0.0,1,2,1,2,xw98qnqc,,,,,1
88,vkpq6m9e,,0,54,53,post_experimental,FinalForProlific,2026-02-15 18:16:15.459052,1,,,0.0,1,,0.0,2,4,1,3,xw98qnqc,,,,,1
88,vkpq6m9e,,0,54,53,post_experimental,FinalForProlific,2026-02-15 18:16:15.459052,1,,,0.0,1,,0.0,4,6,1,4,xw98qnqc,,,,,1
88,vkpq6m9e,,0,54,53,post_experimental,FinalForProlific,2026-02-15 18:16:15.459052,1,,,0.0,1,,0.0,4,4,1,5,xw98qnqc,,,,,1
88,vkpq6m9e,,0,54,53,post_experimental,FinalForProlific,2026-02-15 18:16:15.459052,1,,,0.0,1,,0.0,3,4,1,6,xw98qnqc,,,,,1
88,vkpq6m9e,,0,54,53,post_experimental,FinalForProlific,2026-02-15 18:16:15.459052,1,,,0.0,1,,0.0,4,4,1,7,xw98qnqc,,,,,1
88,vkpq6m9e,,0,54,53,post_experimental,FinalForProlific,2026-02-15 18:16:15.459052,1,,,0.0,1,,0.0,3,4,1,8,xw98qnqc,,,,,1
88,vkpq6m9e,,0,54,53,post_experimental,FinalForProlific,2026-02-15 18:16:15.459052,1,,,0.0,1,,0.0,4,5,1,9,xw98qnqc,,,,,1
88,vkpq6m9e,,0,54,53,post_experimental,FinalForProlific,2026-02-15 18:16:15.459052,1,,,0.0,1,,0.0,4,4,1,10,xw98qnqc,,,,,1
88,vkpq6m9e,,0,54,53,post_experimental,FinalForProlific,2026-02-15 18:16:15.459052,1,,,0.0,1,,0.0,5,4,1,11,xw98qnqc,,,,,1
88,vkpq6m9e,,0,54,53,post_experimental,FinalForProlific,2026-02-15 18:16:15.459052,1,,,0.0,1,,0.0,6,5,1,12,xw98qnqc,,,,,1
88,vkpq6m9e,,0,54,53,post_experimental,FinalForProlific,2026-02-15 18:16:15.459052,1,,,0.0,1,,0.0,3,3,1,13,xw98qnqc,,,,,1
88,vkpq6m9e,,0,54,53,post_experimental,FinalForProlific,2026-02-15 18:16:15.459052,1,,,0.0,1,,0.0,2,3,1,14,xw98qnqc,,,,,1
88,vkpq6m9e,,0,54,53,post_experimental,FinalForProlific,2026-02-15 18:16:15.459052,1,,,0.0,1,,0.0,4,4,1,15,xw98qnqc,,,,,1
88,vkpq6m9e,,0,54,53,post_experimental,FinalForProlific,2026-02-15 18:16:15.459052,1,,,0.0,1,,0.0,3,4,1,16,xw98qnqc,,,,,1
89,adsc4294,,0,54,53,post_experimental,FinalForProlific,2026-02-15 17:59:16.459052,1,,,0.0,1,,0.0,5,4,1,1,xw98qnqc,,,,,1
89,adsc4294,,0,54,53,post_experimental,FinalForProlific,2026-02-15 17:59:16.459052,1,,,0.0,1,,0.0,1,2,1,2,xw98qnqc,,,,,1
89,adsc4294,,0,54,53,post_experimental,FinalForProlific,2026-02-15 17:59:16.459052,1,,,0.0,1,,0.0,2,2,1,3,xw98qnqc,,,,,1
89,adsc4294,,0,54,53,post_experimental,FinalForProlific,2026-02-15 17:59:16.459052,1,,,0.0,1,,0.0,5,5,1,4,xw98qnqc,,,,,1
89,adsc4294,,0,54,53,post_experimental,FinalForProlific,2026-02-15 17:59:16.459052,1,,,0.0,1,,0.0,5,4,1,5,xw98qnqc,,,,,1
89,adsc4294,,0,54,53,post_experimental,FinalForProlific,2026-02-15 17:59:16.459052,1,,,0.0,1,,0.0,4,4,1,6,xw98qnqc,,,,,1
89,adsc4294,,0,54,53,post_experimental,FinalForProlific,2026-02-15 17:59:16.459052,1,,,0.0,1,,0.0,2,2,1,7,xw98qnqc,,,,,1
89,adsc4294,,0,54,53,post_experimental,FinalForProlific,2026-02-15 17:59:16.459052,1,,,0.0,1,,0.0,4,5,1,8,xw98qnqc,,,,,1
89,adsc4294,,0,54,53,post_experimental,FinalForProlific,2026-02-15 17:59:16.459052,1,,,0.0,1,,0.0,6,5,1,9,xw98qnqc,,,,,1
89,adsc4294,,0,54,53,post_experimental,FinalForProlific,2026-02-15 17:59:16.459052,1,,,0.0,1,,0.0,5,4,1,10,xw98qnqc,,,,,1
89,adsc4294,,0,54,53,post_experimental,FinalForProlific,2026-02-15 17:59:16.459052,1,,,0.0,1,,0.0,3,4,1,11,xw98qnqc,,,,,1
89,adsc4294,,0,54,53,post_experimental,FinalForProlific,2026-02-15 17:59:16.459052,1,,,0.0,1,,0.0,2,4,1,12,xw98qnqc,,,,,1
89,adsc4294,,0,54,53,post_experimental,FinalForProlific,2026-02-15 17:59:16.459052,1,,,0.0,1,,0.0,3,4,1,13,xw98qnqc,,,,,1
89,adsc4294,,0,54,53,post_experimental,FinalForProlific,2026-02-15 17:59:16.459052,1,,,0.0,1,,0.0,5,4,1,14,xw98qnqc,,,,,1
89,adsc4294,,0,54,53,post_experimental,FinalForProlific,2026-02-15 17:59:16.459052,1,,,0.0,1,,0.0,4,4,1,15,xw98qnqc,,,,,1
89,adsc4294,,0,54,53,post_experimental,FinalForProlific,2026-02-15 17:59:16.459052,1,,,0.0,1,,0.0,3,3,1,16,xw98qnqc,,,,,1
90,lbjtw8vs,,0,54,53,post_experimental,FinalForProlific,2026-02-15 17:13:29.459052,1,,,0.0,1,,0.0,3,3,1,1,xw98qnqc,,,,,1
90,lbjtw8vs,,0,54,53,post_experimental,FinalForProlific,2026-02-15 17:13:29.459052,1,,,0.0,1,,0.0,4,4,1,2,xw98qnqc,,,,,1
90,lbjtw8vs,,0,54,53,post_experimental,FinalForProlific,2026-02-15 17:13:29.459052,1,,,0.0,1,,0.0,2,2,1,3,xw98qnqc,,,,,1
90,lbjtw8vs,,0,54,53,post_experimental,FinalForProlific,2026-02-15 17:13:29.459052,1,,,0.0,1,,0.0,4,4,1,4,xw98qnqc,,,,,1
90,lbjtw8vs,,0,54,53,post_experimental,FinalForProlific,2026-02-15 17:13:29.459052,1,,,0.0,1,,0.0,4,5,1,5,xw98qnqc,,,,,1
90,lbjtw8vs,,0,54,53,post_experimental,FinalForProlific,2026-02-15 17:13:29.459052,1,,,0.0,1,,0.0,3,2,1,6,xw98qnqc,,,,,1
90,lbjtw8vs,,0,54,53,post_experimental,FinalForProlific,2026-02-15 17:13:29.459052,1,,,0.0,1,,0.0,3,2,1,7,xw98qnqc,,,,,1
90,lbjtw8vs,,0,54,53,post_experimental,FinalForProlific,2026-02-15 17:13:29.459052,1,,,0.0,1,,0.0,6,6,1,8,xw98qnqc,,,,,1
90,lbjtw8vs,,0,54,53,post_experimental,FinalForProlific,2026-02-15 17:13:29.459052,1,,,0.0,1,,0.0,2,5,1,9,xw98qnqc,,,,,1
90,lbjtw8vs,,0,54,53,post_experimental,FinalForProlific,2026-02-15 17:13:29.459052,1,,,0.0,1,,0.0,4,4,1,10,xw98qnqc,,,,,1
90,lbjtw8vs,,0,54,53,post_experimental,FinalForProlific,2026-02-15 17:13:29.459052,1,,,0.0,1,,0.0,5,3,1,11,xw98qnqc,,,,,1
90,lbjtw8vs,,0,54,53,post_experimental,FinalForProlific,2026-02-15 17:13:29.459052,1,,,0.0,1,,0.0,5,4,1,12,xw98qnqc,,,,,1
90,lbjtw8vs,,0,54,53,post_experimental,FinalForProlific,2026-02-15 17:13:29.459052,1,,,0.0,1,,0.0,4,5,1,13,xw98qnqc,,,,,1
90,lbjtw8vs,,0,54,53,post_experimental,FinalForProlific,2026-02-15 17:13:29.459052,1,,,0.0,1,,0.0,4,4,1,14,xw98qnqc,,,,,1
90,lbjtw8vs,,0,54,53,post_experimental,FinalForProlific,2026-02-15 17:13:29.459052,1,,,0.0,1,,0.0,6,6,1,15,xw98qnqc,,,,,1
90,lbjtw8vs,,0,54,53,post_experimental,FinalForProlific,2026-02-15 17:13:29.459052,1,,,0.0,1,,0.0,4,3,1,16,xw98qnqc,,,,,1
91,5mcqpi21,,0,54,53,post_experimental,FinalForProlific,2026-02-15 17:03:18.459052,1,,,0.0,1,,0.0,5,4,1,1,xw98qnqc,,,,,1
91,5mcqpi21,,0,54,53,post_experimental,FinalForProlific,2026-02-15 17:03:18.459052,1,,,0.0,1,,0.0,2,4,1,2,xw98qnqc,,,,,1
91,5mcqpi21,,0,54,53,post_experimental,FinalForProlific,2026-02-15 17:03:18.459052,1,,,0.0,1,,0.0,3,3,1,3,xw98qnqc,,,,,1
91,5mcqpi21,,0,54,53,post_experimental,FinalForProlific,2026-02-15 17:03:18.459052,1,,,0.0,1,,0.0,5,5,1,4,xw98qnqc,,,,,1
91,5mcqpi21,,0,54,53,post_experimental,FinalForProlific,2026-02-15 17:03:18.459052,1,,,0.0,1,,0.0,5,6,1,5,xw98qnqc,,,,,1
91,5mcqpi21,,0,54,53,post_experimental,FinalForProlific,2026-02-15 17:03:18.459052,1,,,0.0,1,,0.0,4,3,1,6,xw98qnqc,,,,,1
91,5mcqpi21,,0,54,53,post_experimental,FinalForProlific,2026-02-15 17:03:18.459052,1,,,0.0,1,,0.0,3,3,1,7,xw98qnqc,,,,,1
91,5mcqpi21,,0,54,53,post_experimental,FinalForProlific,2026-02-15 17:03:18.459052,1,,,0.0,1,,0.0,4,5,1,8,xw98qnqc,,,,,1
91,5mcqpi21,,0,54,53,post_experimental,FinalForProlific,2026-02-15 17:03:18.459052,1,,,0.0,1,,0.0,5,5,1,9,xw98qnqc,,,,,1
91,5mcqpi21,,0,54,53,post_experimental,FinalForProlific,2026-02-15 17:03:18.459052,1,,,0.0,1,,0.0,3,4,1,10,xw98qnqc,,,,,1
91,5mcqpi21,,0,54,53,post_experimental,FinalForProlific,2026-02-15 17:03:18.459052,1,,,0.0,1,,0.0,2,2,1,11,xw98qnqc,,,,,1
91,5mcqpi21,,0,54,53,post_experimental,FinalForProlific,2026-02-15 17:03:18.459052,1,,,0.0,1,,0.0,4,5,1,12,xw98qnqc,,,,,1
91,5mcqpi21,,0,54,53,post_experimental,FinalForProlific,2026-02-15 17:03:18.459052,1,,,0.0,1,,0.0,4,4,1,13,xw98qnqc,,,,,1
91,5mcqpi21,,0,54,53,post_experimental,FinalForProlific,2026-02-15 17:03:18.459052,1,,,0.0,1,,0.0,5,6,1,14,xw98qnqc,,,,,1
91,5mcqpi21,,0,54,53,post_experimental,FinalForProlific,2026-02-15 17:03:18.459052,1,,,0.0,1,,0.0,3,3,1,15,xw98qnqc,,,,,1
91,5mcqpi21,,0,54,53,post_experimental,FinalForProlific,2026-02-15 17:03:18.459052,1,,,0.0,1,,0.0,4,5,1,16,xw98qnqc,,,,,1
92,8gaijzfz,,0,54,53,post_experimental,FinalForProlific,2026-02-15 18:21:02.459052,1,,,0.0,1,,0.0,3,5,1,1,xw98qnqc,,,,,1
92,8gaijzfz,,0,54,53,post_experimental,FinalForProlific,2026-02-15 18:21:02.459052,1,,,0.0,1,,0.0,3,3,1,2,xw98qnqc,,,,,1
92,8gaijzfz,,0,54,53,post_experimental,FinalForProlific,2026-02-15 18:21:02.459052,1,,,0.0,1,,0.0,5,4,1,3,xw98qnqc,,,,,1
92,8gaijzfz,,0,54,53,post_experimental,FinalForProlific,2026-02-15 18:21:02.459052,1,,,0.0,1,,0.0,7,5,1,4,xw98qnqc,,,,,1
92,8gaijzfz,,0,54,53,post_experimental,FinalForProlific,2026-02-15 18:21:02.459052,1,,,0.0,1,,0.0,6,6,1,5,xw98qnqc,,,,,1
92,8gaijzfz,,0,54,53,post_experimental,FinalForProlific,2026-02-15 18:21:02.459052,1,,,0.0,1,,0.0,3,3,1,6,xw98qnqc,,,,,1
92,8gaijzfz,,0,54,53,post_experimental,FinalForProlific,2026-02-15 18:21:02.459052,1,,,0.0,1,,0.0,2,5,1,7,xw98qnqc,,,,,1
92,8gaijzfz,,0,54,53,post_experimental,FinalForProlific,2026-02-15 18:21:02.459052,1,,,0.0,1,,0.0,6,5,1,8,xw98qnqc,,,,,1
92,8gaijzfz,,0,54,53,post_experimental,FinalForProlific,2026-02-15 18:21:02.459052,1,,,0.0,1,,0.0,3,6,1,9,xw98qnqc,,,,,1
92,8gaijzfz,,0,54,53,post_experimental,FinalForProlific,2026-02-15 18:21:02.459052,1,,,0.0,1,,0.0,4,6,1,10,xw98qnqc,,,,,1
92,8gaijzfz,,0,54,53,post_experimental,FinalForProlific,2026-02-15 18:21:02.459052,1,,,0.0,1,,0.0,4,4,1,11,xw98qnqc,,,,,1
92,8gaijzfz,,0,54,53,post_experimental,FinalForProlific,2026-02-15 18:21:02.459052,1,,,0.0,1,,0.0,5,4,1,12,xw98qnqc,,,,,1
92,8gaijzfz,,0,54,53,post_experimental,FinalForProlific,2026-02-15 18:21:02.459052,1,,,0.0,1,,0.0,4,4,1,13,xw98qnqc,,,,,1
92,8gaijzfz,,0,54,53,post_experimental,FinalForProlific,2026-02-15 18:21:02.459052,1,,,0.0,1,,0.0,3,5,1,14,xw98qnqc,,,,,1
92,8gaijzfz,,0,54,53,post_experimental,FinalForProlific,2026-02-15 18:21:02.459052,1,,,0.0,1,,0.0,5,5,1,15,xw98qnqc,,,,,1
92,8gaijzfz,,0,54,53,post_experimental,FinalForProlific,2026-02-15 18:21:02.459052,1,,,0.0,1,,0.0,5,4,1,16,xw98qnqc,,,,,1
93,mbnej5qg,,0,54,53,post_experimental,FinalForProlific,2026-02-15 17:55:17.459052,1,,,0.0,1,,0.0,5,3,1,1,xw98qnqc,,,,,1
93,mbnej5qg,,0,54,53,post_experimental,FinalForProlific,2026-02-15 17:55:17.459052,1,,,0.0,1,,0.0,3,4,1,2,xw98qnqc,,,,,1
93,mbnej5qg,,0,54,53,post_experimental,FinalForProlific,2026-02-15 17:55:17.459052,1,,,0.0,1,,0.0,1,2,1,3,xw98qnqc,,,,,1
93,mbnej5qg,,0,54,53,post_experimental,FinalForProlific,2026-02-15 17:55:17.459052,1,,,0.0,1,,0.0,5,6,1,4,xw98qnqc,,,,,1
93,mbnej5qg,,0,54,53,post_experimental,FinalForProlific,2026-02-15 17:55:17.459052,1,,,0.0,1,,0.0,4,5,1,5,xw98qnqc,,,,,1
93,mbnej5qg,,0,54,53,post_experimental,FinalForProlific,2026-02-15 17:55:17.459052,1,,,0.0,1,,0.0,3,2,1,6,xw98qnqc,,,,,1
93,mbnej5qg,,0,54,53,post_experimental,FinalForProlific,2026-02-15 17:55:17.459052,1,,,0.0,1,,0.0,3,3,1,7,xw98qnqc,,,,,1
93,mbnej5qg,,0,54,53,post_experimental,FinalForProlific,2026-02-15 17:55:17.459052,1,,,0.0,1,,0.0,4,5,1,8,xw98qnqc,,,,,1
93,mbnej5qg,,0,54,53,post_experimental,FinalForProlific,2026-02-15 17:55:17.459052,1,,,0.0,1,,0.0,4,3,1,9,xw98qnqc,,,,,1
93,mbnej5qg,,0,54,53,post_experimental,FinalForProlific,2026-02-15 17:55:17.459052,1,,,0.0,1,,0.0,3,3,1,10,xw98qnqc,,,,,1
93,mbnej5qg,,0,54,53,post_experimental,FinalForProlific,2026-02-15 17:55:17.459052,1,,,0.0,1,,0.0,3,2,1,11,xw98qnqc,,,,,1
93,mbnej5qg,,0,54,53,post_experimental,FinalForProlific,2026-02-15 17:55:17.459052,1,,,0.0,1,,0.0,5,5,1,12,xw98qnqc,,,,,1
93,mbnej5qg,,0,54,53,post_experimental,FinalForProlific,2026-02-15 17:55:17.459052,1,,,0.0,1,,0.0,3,2,1,13,xw98qnqc,,,,,1
93,mbnej5qg,,0,54,53,post_experimental,FinalForProlific,2026-02-15 17:55:17.459052,1,,,0.0,1,,0.0,5,4,1,14,xw98qnqc,,,,,1
93,mbnej5qg,,0,54,53,post_experimental,FinalForProlific,2026-02-15 17:55:17.459052,1,,,0.0,1,,0.0,4,4,1,15,xw98qnqc,,,,,1
93,mbnej5qg,,0,54,53,post_experimental,FinalForProlific,2026-02-15 17:55:17.459052,1,,,0.0,1,,0.0,5,5,1,16,xw98qnqc,,,,,1
94,1g26gqgk,,0,54,53,post_experimental,FinalForProlific,2026-02-15 17:34:42.459052,1,,,0.0,1,,0.0,4,4,1,1,xw98qnqc,,,,,1
94,1g26gqgk,,0,54,53,post_experimental,FinalForProlific,2026-02-15 17:34:42.459052,1,,,0.0,1,,0.0,1,2,1,2,xw98qnqc,,,,,1
94,1g26gqgk,,0,54,53,post_experimental,FinalForProlific,2026-02-15 17:34:42.459052,1,,,0.0,1,,0.0,2,4,1,3,xw98qnqc,,,,,1
94,1g26gqgk,,0,54,53,post_experimental,FinalForProlific,2026-02-15 17:34:42.459052,1,,,0.0,1,,0.0,4,4,1,4,xw98qnqc,,,,,1
94,1g26gqgk,,0,54,53,post_experimental,FinalForProlific,2026-02-15 17:34:42.459052,1,,,0.0,1,,0.0,4,5,1,5,xw98qnqc,,,,,1
94,1g26gqgk,,0,54,53,post_experimental,FinalForProlific,2026-02-15 17:34:42.459052,1,,,0.0,1,,0.0,2,3,1,6,xw98qnqc,,,,,1
94,1g26gqgk,,0,54,53,post_experimental,FinalForProlific,2026-02-15 17:34:42.459052,1,,,0.0,1,,0.0,2,4,1,7,xw98qnqc,,,,,1
94,1g26gqgk,,0,54,53,post_experimental,FinalForProlific,2026-02-15 17:34:42.459052,1,,,0.0,1,,0.0,4,4,1,8,xw98qnqc,,,,,1
94,1g26gqgk,,0,54,53,post_experimental,FinalForProlific,2026-02-15 17:34:42.459052,1,,,0.0,1,,0.0,4,5,1,9,xw98qnqc,,,,,1
94,1g26gqgk,,0,54,53,post_experimental,FinalForProlific,2026-02-15 17:34:42.459052,1,,,0.0,1,,0.0,3,4,1,10,xw98qnqc,,,,,1
94,1g26gqgk,,0,54,53,post_experimental,FinalForProlific,2026-02-15 17:34:42.459052,1,,,0.0,1,,0.0,3,3,1,11,xw98qnqc,,,,,1
94,1g26gqgk,,0,54,53,post_experimental,FinalForProlific,2026-02-15 17:34:42.459052,1,,,0.0,1,,0.0,3,3,1,12,xw98qnqc,,,,,1
94,1g26gqgk,,0,54,53,post_experimental,FinalForProlific,2026-02-15 17:34:42.459052,1,,,0.0,1,,0.0,2,3,1,13,xw98qnqc,,,,,1
94,1g26gqgk,,0,54,53,post_experimental,FinalForProlific,2026-02-15 17:34:42.459052,1,,,0.0,1,,0.0,3,3,1,14,xw98qnqc,,,,,1
94,1g26gqgk,,0,54,53,post_experimental,FinalForProlific,2026-02-15 17:34:42.459052,1,,,0.0,1,,0.0,3,4,1,15,xw98qnqc,,,,,1
94,1g26gqgk,,0,54,53,post_experimental,FinalForProlific,2026-02-15 17:34:42.459052,1,,,0.0,1,,0.0,1,3,1,16,xw98qnqc,,,,,1
95,dpmjkljn,,0,54,53,post_experimental,FinalForProlific,2026-02-15 17:29:29.459052,1,,,0.0,1,,0.0,6,5,1,1,xw98qnqc,,,,,1
95,dpmjkljn,,0,54,53,post_experimental,FinalForProlific,2026-02-15 17:29:29.459052,1,,,0.0,1,,0.0,5,5,1,2,xw98qnqc,,,,,1
95,dpmjkljn,,0,54,53,post_experimental,FinalForProlific,2026-02-15 17:29:29.459052,1,,,0.0,1,,0.0,6,4,1,3,xw98qnqc,,,,,1
95,dpmjkljn,,0,54,53,post_experimental,FinalForProlific,2026-02-15 17:29:29.459052,1,,,0.0,1,,0.0,7,6,1,4,xw98qnqc,,,,,1
95,dpmjkljn,,0,54,53,post_experimental,FinalForProlific,2026-02-15 17:29:29.459052,1,,,0.0,1,,0.0,7,6,1,5,xw98qnqc,,,,,1
95,dpmjkljn,,0,54,53,post_experimental,FinalForProlific,2026-02-15 17:29:29.459052,1,,,0.0,1,,0.0,6,5,1,6,xw98qnqc,,,,,1
95,dpmjkljn,,0,54,53,post_experimental,FinalForProlific,2026-02-15 17:29:29.459052,1,,,0.0,1,,0.0,3,3,1,7,xw98qnqc,,,,,1
95,dpmjkljn,,0,54,53,post_experimental,FinalForProlific,2026-02-15 17:29:29.459052,1,,,0.0,1,,0.0,7,5,1,8,xw98qnqc,,,,,1
95,dpmjkljn,,0,54,53,post_experimental,FinalForProlific,2026-02-15 17:29:29.459052,1,,,0.0,1,,0.0,6,6,1,9,xw98qnqc,,,,,1
95,dpmjkljn,,0,54,53,post_experimental,FinalForProlific,2026-02-15 17:29:29.459052,1,,,0.0,1,,0.0,7,6,1,10,xw98qnqc,,,,,1
95,dpmjkljn,,0,54,53,post_experimental,FinalForProlific,2026-02-15 17:29:29.459052,1,,,0.0,1,,0.0,6,5,1,11,xw98qnqc,,,,,1
95,dpmjkljn,,0,54,53,post_experimental,FinalForProlific,2026-02-15 17:29:29.459052,1,,,0.0,1,,0.0,5,5,1,12,xw98qnqc,,,,,1
95,dpmjkljn,,0,54,53,post_experimental,FinalForProlific,2026-02-15 17:29:29.459052,1,,,0.0,1,,0.0,4,3,1,13,xw98qnqc,,,,,1
95,dpmjkljn,,0,54,53,post_experimental,FinalForProlific,2026-02-15 17:29:29.459052,1,,,0.0,1,,0.0,5,6,1,14,xw98qnqc,,,,,1
95,dpmjkljn,,0,54,53,post_experimental,FinalForProlific,2026-02-15 17:29:29.459052,1,,,0.0,1,,0.0,6,5,1,15,xw98qnqc,,,,,1
95,dpmjkljn,,0,54,53,post_experimental,FinalForProlific,2026-02-15 17:29:29.459052,1,,,0.0,1,,0.0,6,6,1,16,xw98qnqc,,,,,1
96,b6kdw2h7,,0,54,53,post_experimental,FinalForProlific,2026-02-15 18:15:47.459052,1,,,0.0,1,,0.0,5,4,1,1,xw98qnqc,,,,,1
96,b6kdw2h7,,0,54,53,post_experimental,FinalForProlific,2026-02-15 18:15:47.459052,1,,,0.0,1,,0.0,4,3,1,2,xw98qnqc,,,,,1
96,b6kdw2h7,,0,54,53,post_experimental,FinalForProlific,2026-02-15 18:15:47.459052,1,,,0.0,1,,0.0,4,4,1,3,xw98qnqc,,,,,1
96,b6kdw2h7,,0,54,53,post_experimental,FinalForProlific,2026-02-15 18:15:47.459052,1,,,0.0,1,,0.0,5,6,1,4,xw98qnqc,,,,,1
96,b6kdw2h7,,0,54,53,post_experimental,FinalForProlific,2026-02-15 18:15:47.459052,1,,,0.0,1,,0.0,7,6,1,5,xw98qnqc,,,,,1
96,b6kdw2h7,,0,54,53,post_experimental,FinalForProlific,2026-02-15 18:15:47.459052,1,,,0.0,1,,0.0,5,3,1,6,xw98qnqc,,,,,1
96,b6kdw2h7,,0,54,53,post_experimental,FinalForProlific,2026-02-15 18:15:47.459052,1,,,0.0,1,,0.0,6,4,1,7,xw98qnqc,,,,,1
96,b6kdw2h7,,0,54,53,post_experimental,FinalForProlific,2026-02-15 18:15:47.459052,1,,,0.0,1,,0.0,7,6,1,8,xw98qnqc,,,,,1
96,b6kdw2h7,,0,54,53,post_experimental,FinalForProlific,2026-02-15 18:15:47.459052,1,,,0.0,1,,0.0,7,6,1,9,xw98qnqc,,,,,1
96,b6kdw2h7,,0,54,53,post_experimental,FinalForProlific,2026-02-15 18:15:47.459052,1,,,0.0,1,,0.0,6,5,1,10,xw98qnqc,,,,,1
96,b6kdw2h7,,0,54,53,post_experimental,FinalForProlific,2026-02-15 18:15:47.459052,1,,,0.0,1,,0.0,5,5,1,11,xw98qnqc,,,,,1
96,b6kdw2h7,,0,54,53,post_experimental,FinalForProlific,2026-02-15 18:15:47.459052,1,,,0.0,1,,0.0,7,5,1,12,xw98qnqc,,,,,1
96,b6kdw2h7,,0,54,53,post_experimental,FinalForProlific,2026-02-15 18:15:47.459052,1,,,0.0,1,,0.0,5,4,1,13,xw98qnqc,,,,,1
96,b6kdw2h7,,0,54,53,post_experimental,FinalForProlific,2026-02-15 18:15:47.459052,1,,,0.0,1,,0.0,6,4,1,14,xw98qnqc,,,,,1
96,b6kdw2h7,,0,54,53,post_experimental,FinalForProlific,2026-02-15 18:15:47.459052,1,,,0.0,1,,0.0,5,3,1,15,xw98qnqc,,,,,1
96,b6kdw2h7,,0,54,53,post_experimental,FinalForProlific,2026-02-15 18:15:47.459052,1,,,0.0,1,,0.0,5,5,1,16,xw98qnqc,,,,,1
97,ns41cu38,,0,54,53,post_experimental,FinalForProlific,2026-02-15 17:54:02.459052,1,,,0.0,1,,0.0,2,3,1,1,xw98qnqc,,,,,1
97,ns41cu38,,0,54,53,post_experimental,FinalForProlific,2026-02-15 17:54:02.459052,1,,,0.0,1,,0.0,2,3,1,2,xw98qnqc,,,,,1
97,ns41cu38,,0,54,53,post_experimental,FinalForProlific,2026-02-15 17:54:02.459052,1,,,0.0,1,,0.0,2,1,1,3,xw98qnqc,,,,,1
97,ns41cu38,,0,54,53,post_experimental,FinalForProlific,2026-02-15 17:54:02.459052,1,,,0.0,1,,0.0,2,3,1,4,xw98qnqc,,,,,1
97,ns41cu38,,0,54,53,post_experimental,FinalForProlific,2026-02-15 17:54:02.459052,1,,,0.0,1,,0.0,4,4,1,5,xw98qnqc,,,,,1
97,ns41cu38,,0,54,53,post_experimental,FinalForProlific,2026-02-15 17:54:02.459052,1,,,0.0,1,,0.0,3,3,1,6,xw98qnqc,,,,,1
97,ns41cu38,,0,54,53,post_experimental,FinalForProlific,2026-02-15 17:54:02.459052,1,,,0.0,1,,0.0,1,2,1,7,xw98qnqc,,,,,1
97,ns41cu38,,0,54,53,post_experimental,FinalForProlific,2026-02-15 17:54:02.459052,1,,,0.0,1,,0.0,3,4,1,8,xw98qnqc,,,,,1
97,ns41cu38,,0,54,53,post_experimental,FinalForProlific,2026-02-15 17:54:02.459052,1,,,0.0,1,,0.0,4,4,1,9,xw98qnqc,,,,,1
97,ns41cu38,,0,54,53,post_experimental,FinalForProlific,2026-02-15 17:54:02.459052,1,,,0.0,1,,0.0,4,4,1,10,xw98qnqc,,,,,1
97,ns41cu38,,0,54,53,post_experimental,FinalForProlific,2026-02-15 17:54:02.459052,1,,,0.0,1,,0.0,3,3,1,11,xw98qnqc,,,,,1
97,ns41cu38,,0,54,53,post_experimental,FinalForProlific,2026-02-15 17:54:02.459052,1,,,0.0,1,,0.0,2,3,1,12,xw98qnqc,,,,,1
97,ns41cu38,,0,54,53,post_experimental,FinalForProlific,2026-02-15 17:54:02.459052,1,,,0.0,1,,0.0,4,3,1,13,xw98qnqc,,,,,1
97,ns41cu38,,0,54,53,post_experimental,FinalForProlific,2026-02-15 17:54:02.459052,1,,,0.0,1,,0.0,2,3,1,14,xw98qnqc,,,,,1
97,ns41cu38,,0,54,53,post_experimental,FinalForProlific,2026-02-15 17:54:02.459052,1,,,0.0,1,,0.0,3,3,1,15,xw98qnqc,,,,,1
97,ns41cu38,,0,54,53,post_experimental,FinalForProlific,2026-02-15 17:54:02.459052,1,,,0.0,1,,0.0,2,2,1,16,xw98qnqc,,,,,1
98,1paoyy0o,,0,54,53,post_experimental,FinalForProlific,2026-02-15 17:58:13.459052,1,,,0.0,1,,0.0,4,4,1,1,xw98qnqc,,,,,1
98,1paoyy0o,,0,54,53,post_experimental,FinalForProlific,2026-02-15 17:58:13.459052,1,,,0.0,1,,0.0,3,3,1,2,xw98qnqc,,,,,1
98,1paoyy0o,,0,54,53,post_experimental,FinalForProlific,2026-02-15 17:58:13.459052,1,,,0.0,1,,0.0,4,2,1,3,xw98qnqc,,,,,1
98,1paoyy0o,,0,54,53,post_experimental,FinalForProlific,2026-02-15 17:58:13.459052,1,,,0.0,1,,0.0,5,5,1,4,xw98qnqc,,,,,1
98,1paoyy0o,,0,54,53,post_experimental,FinalForProlific,2026-02-15 17:58:13.459052,1,,,0.0,1,,0.0,5,5,1,5,xw98qnqc,,,,,1
98,1paoyy0o,,0,54,53,post_experimental,FinalForProlific,2026-02-15 17:58:13.459052,1,,,0.0,1,,0.0,4,3,1,6,xw98qnqc,,,,,1
98,1paoyy0o,,0,54,53,post_experimental,FinalForProlific,2026-02-15 17:58:13.459052,1,,,0.0,1,,0.0,2,2,1,7,xw98qnqc,,,,,1
98,1paoyy0o,,0,54,53,post_experimental,FinalForProlific,2026-02-15 17:58:13.459052,1,,,0.0,1,,0.0,5,3,1,8,xw98qnqc,,,,,1
98,1paoyy0o,,0,54,53,post_experimental,FinalForProlific,2026-02-15 17:58:13.459052,1,,,0.0,1,,0.0,5,5,1,9,xw98qnqc,,,,,1
98,1paoyy0o,,0,54,53,post_experimental,FinalForProlific,2026-02-15 17:58:13.459052,1,,,0.0,1,,0.0,4,4,1,10,xw98qnqc,,,,,1
98,1paoyy0o,,0,54,53,post_experimental,FinalForProlific,2026-02-15 17:58:13.459052,1,,,0.0,1,,0.0,4,3,1,11,xw98qnqc,,,,,1
98,1paoyy0o,,0,54,53,post_experimental,FinalForProlific,2026-02-15 17:58:13.459052,1,,,0.0,1,,0.0,4,4,1,12,xw98qnqc,,,,,1
98,1paoyy0o,,0,54,53,post_experimental,FinalForProlific,2026-02-15 17:58:13.459052,1,,,0.0,1,,0.0,3,4,1,13,xw98qnqc,,,,,1
98,1paoyy0o,,0,54,53,post_experimental,FinalForProlific,2026-02-15 17:58:13.459052,1,,,0.0,1,,0.0,6,5,1,14,xw98qnqc,,,,,1
98,1paoyy0o,,0,54,53,post_experimental,FinalForProlific,2026-02-15 17:58:13.459052,1,,,0.0,1,,0.0,4,4,1,15,xw98qnqc,,,,,1
98,1paoyy0o,,0,54,53,post_experimental,FinalForProlific,2026-02-15 17:58:13.459052,1,,,0.0,1,,0.0,5,5,1,16,xw98qnqc,,,,,1
99,xc7qqcd6,,0,54,53,post_experimental,FinalForProlific,2026-02-15 17:36:23.459052,1,,,0.0,1,,0.0,5,6,1,1,xw98qnqc,,,,,1
99,xc7qqcd6,,0,54,53,post_experimental,FinalForProlific,2026-02-15 17:36:23.459052,1,,,0.0,1,,0.0,5,3,1,2,xw98qnqc,,,,,1
99,xc7qqcd6,,0,54,53,post_experimental,FinalForProlific,2026-02-15 17:36:23.459052,1,,,0.0,1,,0.0,6,3,1,3,xw98qnqc,,,,,1
99,xc7qqcd6,,0,54,53,post_experimental,FinalForProlific,2026-02-15 17:36:23.459052,1,,,0.0,1,,0.0,5,4,1,4,xw98qnqc,,,,,1
99,xc7qqcd6,,0,54,53,post_experimental,FinalForProlific,2026-02-15 17:36:23.459052,1,,,0.0,1,,0.0,7,5,1,5,xw98qnqc,,,,,1
99,xc7qqcd6,,0,54,53,post_experimental,FinalForProlific,2026-02-15 17:36:23.459052,1,,,0.0,1,,0.0,4,4,1,6,xw98qnqc,,,,,1
99,xc7qqcd6,,0,54,53,post_experimental,FinalForProlific,2026-02-15 17:36:23.459052,1,,,0.0,1,,0.0,5,3,1,7,xw98qnqc,,,,,1
99,xc7qqcd6,,0,54,53,post_experimental,FinalForProlific,2026-02-15 17:36:23.459052,1,,,0.0,1,,0.0,5,4,1,8,xw98qnqc,,,,,1
99,xc7qqcd6,,0,54,53,post_experimental,FinalForProlific,2026-02-15 17:36:23.459052,1,,,0.0,1,,0.0,6,5,1,9,xw98qnqc,,,,,1
99,xc7qqcd6,,0,54,53,post_experimental,FinalForProlific,2026-02-15 17:36:23.459052,1,,,0.0,1,,0.0,4,4,1,10,xw98qnqc,,,,,1
99,xc7qqcd6,,0,54,53,post_experimental,FinalForProlific,2026-02-15 17:36:23.459052,1,,,0.0,1,,0.0,4,3,1,11,xw98qnqc,,,,,1
99,xc7qqcd6,,0,54,53,post_experimental,FinalForProlific,2026-02-15 17:36:23.459052,1,,,0.0,1,,0.0,6,5,1,12,xw98qnqc,,,,,1
99,xc7qqcd6,,0,54,53,post_experimental,FinalForProlific,2026-02-15 17:36:23.459052,1,,,0.0,1,,0.0,5,3,1,13,xw98qnqc,,,,,1
99,xc7qqcd6,,0,54,53,post_experimental,FinalForProlific,2026-02-15 17:36:23.459052,1,,,0.0,1,,0.0,7,6,1,14,xw98qnqc,,,,,1
99,xc7qqcd6,,0,54,53,post_experimental,FinalForProlific,2026-02-15 17:36:23.459052,1,,,0.0,1,,0.0,5,4,1,15,xw98qnqc,,,,,1
99,xc7qqcd6,,0,54,53,post_experimental,FinalForProlific,2026-02-15 17:36:23.459052,1,,,0.0,1,,0.0,6,5,1,16,xw98qnqc,,,,,1
100,ji25r3ic,,0,54,53,post_experimental,FinalForProlific,2026-02-15 17:38:03.459052,1,,,0.0,1,,0.0,3,4,1,1,xw98qnqc,,,,,1
100,ji25r3ic,,0,54,53,post_experimental,FinalForProlific,2026-02-15 17:38:03.459052,1,,,0.0,1,,0.0,3,4,1,2,xw98qnqc,,,,,1
100,ji25r3ic,,0,54,53,post_experimental,FinalForProlific,2026-02-15 17:38:03.459052,1,,,0.0,1,,0.0,2,4,1,3,xw98qnqc,,,,,1
100,ji25r3ic,,0,54,53,post_experimental,FinalForProlific,2026-02-15 17:38:03.459052,1,,,0.0,1,,0.0,5,5,1,4,xw98qnqc,,,,,1
100,ji25r3ic,,0,54,53,post_experimental,FinalForProlific,2026-02-15 17:38:03.459052,1,,,0.0,1,,0.0,4,4,1,5,xw98qnqc,,,,,1
100,ji25r3ic,,0,54,53,post_experimental,FinalForProlific,2026-02-15 17:38:03.459052,1,,,0.0,1,,0.0,3,2,1,6,xw98qnqc,,,,,1
100,ji25r3ic,,0,54,53,post_experimental,FinalForProlific,2026-02-15 17:38:03.459052,1,,,0.0,1,,0.0,4,4,1,7,xw98qnqc,,,,,1
100,ji25r3ic,,0,54,53,post_experimental,FinalForProlific,2026-02-15 17:38:03.459052,1,,,0.0,1,,0.0,3,4,1,8,xw98qnqc,,,,,1
100,ji25r3ic,,0,54,53,post_experimental,FinalForProlific,2026-02-15 17:38:03.459052,1,,,0.0,1,,0.0,4,5,1,9,xw98qnqc,,,,,1
100,ji25r3ic,,0,54,53,post_experimental,FinalForProlific,2026-02-15 17:38:03.459052,1,,,0.0,1,,0.0,3,4,1,10,xw98qnqc,,,,,1
100,ji25r3ic,,0,54,53,post_experimental,FinalForProlific,2026-02-15 17:38:03.459052,1,,,0.0,1,,0.0,2,4,1,11,xw98qnqc,,,,,1
100,ji25r3ic,,0,54,53,post_experimental,FinalForProlific,2026-02-15 17:38:03.459052,1,,,0.0,1,,0.0,5,5,1,12,xw98qnqc,,,,,1
100,ji25r3ic,,0,54,53,post_experimental,FinalForProlific,2026-02-15 17:38:03.459052,1,,,0.0,1,,0.0,3,3,1,13,xw98qnqc,,,,,1
100,ji25r3ic,,0,54,53,post_experimental,FinalForProlific,2026-02-15 17:38:03.459052,1,,,0.0,1,,0.0,4,4,1,14,xw98qnqc,,,,,1
100,ji25r3ic,,0,54,53,post_experimental,FinalForProlific,2026-02-15 17:38:03.459052,1,,,0.0,1,,0.0,4,4,1,15,xw98qnqc,,,,,1
100,ji25r3ic,,0,54,53,post_experimental,FinalForProlific,2026-02-15 17:38:03.459052,1,,,0.0,1,,0.0,4,3,1,16,xw98qnqc,,,,,1
101,3ws0y1tk,,0,54,53,post_experimental,FinalForProlific,2026-02-15 17:24:03.459052,1,,,0.0,1,,0.0,4,4,1,1,xw98qnqc,,,,,1
101,3ws0y1tk,,0,54,53,post_experimental,FinalForProlific,2026-02-15 17:24:03.459052,1,,,0.0,1,,0.0,5,3,1,2,xw98qnqc,,,,,1
101,3ws0y1tk,,0,54,53,post_experimental,FinalForProlific,2026-02-15 17:24:03.459052,1,,,0.0,1,,0.0,3,3,1,3,xw98qnqc,,,,,1
101,3ws0y1tk,,0,54,53,post_experimental,FinalForProlific,2026-02-15 17:24:03.459052,1,,,0.0,1,,0.0,7,5,1,4,xw98qnqc,,,,,1
101,3ws0y1tk,,0,54,53,post_experimental,FinalForProlific,2026-02-15 17:24:03.459052,1,,,0.0,1,,0.0,7,5,1,5,xw98qnqc,,,,,1
101,3ws0y1tk,,0,54,53,post_experimental,FinalForProlific,2026-02-15 17:24:03.459052,1,,,0.0,1,,0.0,4,3,1,6,xw98qnqc,,,,,1
101,3ws0y1tk,,0,54,53,post_experimental,FinalForProlific,2026-02-15 17:24:03.459052,1,,,0.0,1,,0.0,5,4,1,7,xw98qnqc,,,,,1
101,3ws0y1tk,,0,54,53,post_experimental,FinalForProlific,2026-02-15 17:24:03.459052,1,,,0.0,1,,0.0,5,4,1,8,xw98qnqc,,,,,1
101,3ws0y1tk,,0,54,53,post_experimental,FinalForProlific,2026-02-15 17:24:03.459052,1,,,0.0,1,,0.0,5,4,1,9,xw98qnqc,,,,,1
101,3ws0y1tk,,0,54,53,post_experimental,FinalForProlific,2026-02-15 17:24:03.459052,1,,,0.0,1,,0.0,6,6,1,10,xw98qnqc,,,,,1
101,3ws0y1tk,,0,54,53,post_experimental,FinalForProlific,2026-02-15 17:24:03.459052,1,,,0.0,1,,0.0,5,3,1,11,xw98qnqc,,,,,1
101,3ws0y1tk,,0,54,53,post_experimental,FinalForProlific,2026-02-15 17:24:03.459052,1,,,0.0,1,,0.0,5,5,1,12,xw98qnqc,,,,,1
101,3ws0y1tk,,0,54,53,post_experimental,FinalForProlific,2026-02-15 17:24:03.459052,1,,,0.0,1,,0.0,5,4,1,13,xw98qnqc,,,,,1
101,3ws0y1tk,,0,54,53,post_experimental,FinalForProlific,2026-02-15 17:24:03.459052,1,,,0.0,1,,0.0,5,5,1,14,xw98qnqc,,,,,1
101,3ws0y1tk,,0,54,53,post_experimental,FinalForProlific,2026-02-15 17:24:03.459052,1,,,0.0,1,,0.0,4,4,1,15,xw98qnqc,,,,,1
101,3ws0y1tk,,0,54,53,post_experimental,FinalForProlific,2026-02-15 17:24:03.459052,1,,,0.0,1,,0.0,4,5,1,16,xw98qnqc,,,,,1
102,viojex2a,,0,54,53,post_experimental,FinalForProlific,2026-02-15 17:58:01.459052,1,,,0.0,1,,0.0,7,6,1,1,xw98qnqc,,,,,1
102,viojex2a,,0,54,53,post_experimental,FinalForProlific,2026-02-15 17:58:01.459052,1,,,0.0,1,,0.0,5,5,1,2,xw98qnqc,,,,,1
102,viojex2a,,0,54,53,post_experimental,FinalForProlific,2026-02-15 17:58:01.459052,1,,,0.0,1,,0.0,7,4,1,3,xw98qnqc,,,,,1
102,viojex2a,,0,54,53,post_experimental,FinalForProlific,2026-02-15 17:58:01.459052,1,,,0.0,1,,0.0,7,7,1,4,xw98qnqc,,,,,1
102,viojex2a,,0,54,53,post_experimental,FinalForProlific,2026-02-15 17:58:01.459052,1,,,0.0,1,,0.0,7,7,1,5,xw98qnqc,,,,,1
102,viojex2a,,0,54,53,post_experimental,FinalForProlific,2026-02-15 17:58:01.459052,1,,,0.0,1,,0.0,4,4,1,6,xw98qnqc,,,,,1
102,viojex2a,,0,54,53,post_experimental,FinalForProlific,2026-02-15 17:58:01.459052,1,,,0.0,1,,0.0,4,3,1,7,xw98qnqc,,,,,1
102,viojex2a,,0,54,53,post_experimental,FinalForProlific,2026-02-15 17:58:01.459052,1,,,0.0,1,,0.0,6,5,1,8,xw98qnqc,,,,,1
102,viojex2a,,0,54,53,post_experimental,FinalForProlific,2026-02-15 17:58:01.459052,1,,,0.0,1,,0.0,6,4,1,9,xw98qnqc,,,,,1
102,viojex2a,,0,54,53,post_experimental,FinalForProlific,2026-02-15 17:58:01.459052,1,,,0.0,1,,0.0,7,6,1,10,xw98qnqc,,,,,1
102,viojex2a,,0,54,53,post_experimental,FinalForProlific,2026-02-15 17:58:01.459052,1,,,0.0,1,,0.0,5,4,1,11,xw98qnqc,,,,,1
102,viojex2a,,0,54,53,post_experimental,FinalForProlific,2026-02-15 17:58:01.459052,1,,,0.0,1,,0.0,7,7,1,12,xw98qnqc,,,,,1
102,viojex2a,,0,54,53,post_experimental,FinalForProlific,2026-02-15 17:58:01.459052,1,,,0.0,1,,0.0,4,3,1,13,xw98qnqc,,,,,1
102,viojex2a,,0,54,53,post_experimental,FinalForProlific,2026-02-15 17:58:01.459052,1,,,0.0,1,,0.0,6,5,1,14,xw98qnqc,,,,,1
102,viojex2a,,0,54,53,post_experimental,FinalForProlific,2026-02-15 17:58:01.459052,1,,,0.0,1,,0.0,6,4,1,15,xw98qnqc,,,,,1
102,viojex2a,,0,54,53,post_experimental,FinalForProlific,2026-02-15 17:58:01.459052,1,,,0.0,1,,0.0,4,4,1,16,xw98qnqc,,,,,1
103,88yupy95,,0,54,53,post_experimental,FinalForProlific,2026-02-15 17:08:19.459052,1,,,0.0,1,,0.0,2,3,1,1,xw98qnqc,,,,,1
103,88yupy95,,0,54,53,post_experimental,FinalForProlific,2026-02-15 17:08:19.459052,1,,,0.0,1,,0.0,2,2,1,2,xw98qnqc,,,,,1
103,88yupy95,,0,54,53,post_experimental,FinalForProlific,2026-02-15 17:08:19.459052,1,,,0.0,1,,0.0,2,4,1,3,xw98qnqc,,,,,1
103,88yupy95,,0,54,53,post_experimental,FinalForProlific,2026-02-15 17:08:19.459052,1,,,0.0,1,,0.0,5,4,1,4,xw98qnqc,,,,,1
103,88yupy95,,0,54,53,post_experimental,FinalForProlific,2026-02-15 17:08:19.459052,1,,,0.0,1,,0.0,3,6,1,5,xw98qnqc,,,,,1
103,88yupy95,,0,54,53,post_experimental,FinalForProlific,2026-02-15 17:08:19.459052,1,,,0.0,1,,0.0,2,2,1,6,xw98qnqc,,,,,1
103,88yupy95,,0,54,53,post_experimental,FinalForProlific,2026-02-15 17:08:19.459052,1,,,0.0,1,,0.0,1,3,1,7,xw98qnqc,,,,,1
103,88yupy95,,0,54,53,post_experimental,FinalForProlific,2026-02-15 17:08:19.459052,1,,,0.0,1,,0.0,2,3,1,8,xw98qnqc,,,,,1
103,88yupy95,,0,54,53,post_experimental,FinalForProlific,2026-02-15 17:08:19.459052,1,,,0.0,1,,0.0,5,5,1,9,xw98qnqc,,,,,1
103,88yupy95,,0,54,53,post_experimental,FinalForProlific,2026-02-15 17:08:19.459052,1,,,0.0,1,,0.0,2,2,1,10,xw98qnqc,,,,,1
103,88yupy95,,0,54,53,post_experimental,FinalForProlific,2026-02-15 17:08:19.459052,1,,,0.0,1,,0.0,3,3,1,11,xw98qnqc,,,,,1
103,88yupy95,,0,54,53,post_experimental,FinalForProlific,2026-02-15 17:08:19.459052,1,,,0.0,1,,0.0,3,4,1,12,xw98qnqc,,,,,1
103,88yupy95,,0,54,53,post_experimental,FinalForProlific,2026-02-15 17:08:19.459052,1,,,0.0,1,,0.0,3,2,1,13,xw98qnqc,,,,,1
103,88yupy95,,0,54,53,post_experimental,FinalForProlific,2026-02-15 17:08:19.459052,1,,,0.0,1,,0.0,3,4,1,14,xw98qnqc,,,,,1
103,88yupy95,,0,54,53,post_experimental,FinalForProlific,2026-02-15 17:08:19.459052,1,,,0.0,1,,0.0,2,3,1,15,xw98qnqc,,,,,1
103,88yupy95,,0,54,53,post_experimental,FinalForProlific,2026-02-15 17:08:19.459052,1,,,0.0,1,,0.0,3,3,1,16,xw98qnqc,,,,,1
104,c5gt15fr,,0,54,53,post_experimental,FinalForProlific,2026-02-15 18:02:28.459052,1,,,0.0,1,,0.0,5,5,1,1,xw98qnqc,,,,,1
104,c5gt15fr,,0,54,53,post_experimental,FinalForProlific,2026-02-15 18:02:28.459052,1,,,0.0,1,,0.0,6,4,1,2,xw98qnqc,,,,,1
104,c5gt15fr,,0,54,53,post_experimental,FinalForProlific,2026-02-15 18:02:28.459052,1,,,0.0,1,,0.0,6,5,1,3,xw98qnqc,,,,,1
104,c5gt15fr,,0,54,53,post_experimental,FinalForProlific,2026-02-15 18:02:28.459052,1,,,0.0,1,,0.0,7,6,1,4,xw98qnqc,,,,,1
104,c5gt15fr,,0,54,53,post_experimental,FinalForProlific,2026-02-15 18:02:28.459052,1,,,0.0,1,,0.0,6,6,1,5,xw98qnqc,,,,,1
104,c5gt15fr,,0,54,53,post_experimental,FinalForProlific,2026-02-15 18:02:28.459052,1,,,0.0,1,,0.0,5,4,1,6,xw98qnqc,,,,,1
104,c5gt15fr,,0,54,53,post_experimental,FinalForProlific,2026-02-15 18:02:28.459052,1,,,0.0,1,,0.0,7,5,1,7,xw98qnqc,,,,,1
104,c5gt15fr,,0,54,53,post_experimental,FinalForProlific,2026-02-15 18:02:28.459052,1,,,0.0,1,,0.0,6,6,1,8,xw98qnqc,,,,,1
104,c5gt15fr,,0,54,53,post_experimental,FinalForProlific,2026-02-15 18:02:28.459052,1,,,0.0,1,,0.0,7,5,1,9,xw98qnqc,,,,,1
104,c5gt15fr,,0,54,53,post_experimental,FinalForProlific,2026-02-15 18:02:28.459052,1,,,0.0,1,,0.0,7,6,1,10,xw98qnqc,,,,,1
104,c5gt15fr,,0,54,53,post_experimental,FinalForProlific,2026-02-15 18:02:28.459052,1,,,0.0,1,,0.0,6,4,1,11,xw98qnqc,,,,,1
104,c5gt15fr,,0,54,53,post_experimental,FinalForProlific,2026-02-15 18:02:28.459052,1,,,0.0,1,,0.0,7,6,1,12,xw98qnqc,,,,,1
104,c5gt15fr,,0,54,53,post_experimental,FinalForProlific,2026-02-15 18:02:28.459052,1,,,0.0,1,,0.0,7,6,1,13,xw98qnqc,,,,,1
104,c5gt15fr,,0,54,53,post_experimental,FinalForProlific,2026-02-15 18:02:28.459052,1,,,0.0,1,,0.0,6,6,1,14,xw98qnqc,,,,,1
104,c5gt15fr,,0,54,53,post_experimental,FinalForProlific,2026-02-15 18:02:28.459052,1,,,0.0,1,,0.0,6,5,1,15,xw98qnqc,,,,,1
104,c5gt15fr,,0,54,53,post_experimental,FinalForProlific,2026-02-15 18:02:28.459052,1,,,0.0,1,,0.0,6,3,1,16,xw98qnqc,,,,,1
105,swqot39h,,0,54,53,post_experimental,FinalForProlific,2026-02-15 17:13:16.459052,1,,,0.0,1,,0.0,4,4,1,1,xw98qnqc,,,,,1
105,swqot39h,,0,54,53,post_experimental,FinalForProlific,2026-02-15 17:13:16.459052,1,,,0.0,1,,0.0,2,3,1,2,xw98qnqc,,,,,1
105,swqot39h,,0,54,53,post_experimental,FinalForProlific,2026-02-15 17:13:16.459052,1,,,0.0,1,,0.0,3,3,1,3,xw98qnqc,,,,,1
105,swqot39h,,0,54,53,post_experimental,FinalForProlific,2026-02-15 17:13:16.459052,1,,,0.0,1,,0.0,5,5,1,4,xw98qnqc,,,,,1
105,swqot39h,,0,54,53,post_experimental,FinalForProlific,2026-02-15 17:13:16.459052,1,,,0.0,1,,0.0,3,3,1,5,xw98qnqc,,,,,1
105,swqot39h,,0,54,53,post_experimental,FinalForProlific,2026-02-15 17:13:16.459052,1,,,0.0,1,,0.0,1,4,1,6,xw98qnqc,,,,,1
105,swqot39h,,0,54,53,post_experimental,FinalForProlific,2026-02-15 17:13:16.459052,1,,,0.0,1,,0.0,1,1,1,7,xw98qnqc,,,,,1
105,swqot39h,,0,54,53,post_experimental,FinalForProlific,2026-02-15 17:13:16.459052,1,,,0.0,1,,0.0,4,4,1,8,xw98qnqc,,,,,1
105,swqot39h,,0,54,53,post_experimental,FinalForProlific,2026-02-15 17:13:16.459052,1,,,0.0,1,,0.0,3,5,1,9,xw98qnqc,,,,,1
105,swqot39h,,0,54,53,post_experimental,FinalForProlific,2026-02-15 17:13:16.459052,1,,,0.0,1,,0.0,3,5,1,10,xw98qnqc,,,,,1
105,swqot39h,,0,54,53,post_experimental,FinalForProlific,2026-02-15 17:13:16.459052,1,,,0.0,1,,0.0,4,5,1,11,xw98qnqc,,,,,1
105,swqot39h,,0,54,53,post_experimental,FinalForProlific,2026-02-15 17:13:16.459052,1,,,0.0,1,,0.0,4,4,1,12,xw98qnqc,,,,,1
105,swqot39h,,0,54,53,post_experimental,FinalForProlific,2026-02-15 17:13:16.459052,1,,,0.0,1,,0.0,3,4,1,13,xw98qnqc,,,,,1
105,swqot39h,,0,54,53,post_experimental,FinalForProlific,2026-02-15 17:13:16.459052,1,,,0.0,1,,0.0,1,2,1,14,xw98qnqc,,,,,1
105,swqot39h,,0,54,53,post_experimental,FinalForProlific,2026-02-15 17:13:16.459052,1,,,0.0,1,,0.0,3,4,1,15,xw98qnqc,,,,,1
105,swqot39h,,0,54,53,post_experimental,FinalForProlific,2026-02-15 17:13:16.459052,1,,,0.0,1,,0.0,4,5,1,16,xw98qnqc,,,,,1
106,qkd4ozr3,,0,54,53,post_experimental,FinalForProlific,2026-02-15 17:20:09.459052,1,,,0.0,1,,0.0,6,6,1,1,xw98qnqc,,,,,1
106,qkd4ozr3,,0,54,53,post_experimental,FinalForProlific,2026-02-15 17:20:09.459052,1,,,0.0,1,,0.0,4,3,1,2,xw98qnqc,,,,,1
106,qkd4ozr3,,0,54,53,post_experimental,FinalForProlific,2026-02-15 17:20:09.459052,1,,,0.0,1,,0.0,5,5,1,3,xw98qnqc,,,,,1
106,qkd4ozr3,,0,54,53,post_experimental,FinalForProlific,2026-02-15 17:20:09.459052,1,,,0.0,1,,0.0,6,4,1,4,xw98qnqc,,,,,1
106,qkd4ozr3,,0,54,53,post_experimental,FinalForProlific,2026-02-15 17:20:09.459052,1,,,0.0,1,,0.0,5,6,1,5,xw98qnqc,,,,,1
106,qkd4ozr3,,0,54,53,post_experimental,FinalForProlific,2026-02-15 17:20:09.459052,1,,,0.0,1,,0.0,4,3,1,6,xw98qnqc,,,,,1
106,qkd4ozr3,,0,54,53,post_experimental,FinalForProlific,2026-02-15 17:20:09.459052,1,,,0.0,1,,0.0,5,3,1,7,xw98qnqc,,,,,1
106,qkd4ozr3,,0,54,53,post_experimental,FinalForProlific,2026-02-15 17:20:09.459052,1,,,0.0,1,,0.0,6,6,1,8,xw98qnqc,,,,,1
106,qkd4ozr3,,0,54,53,post_experimental,FinalForProlific,2026-02-15 17:20:09.459052,1,,,0.0,1,,0.0,6,6,1,9,xw98qnqc,,,,,1
106,qkd4ozr3,,0,54,53,post_experimental,FinalForProlific,2026-02-15 17:20:09.459052,1,,,0.0,1,,0.0,5,3,1,10,xw98qnqc,,,,,1
106,qkd4ozr3,,0,54,53,post_experimental,FinalForProlific,2026-02-15 17:20:09.459052,1,,,0.0,1,,0.0,2,3,1,11,xw98qnqc,,,,,1
106,qkd4ozr3,,0,54,53,post_experimental,FinalForProlific,2026-02-15 17:20:09.459052,1,,,0.0,1,,0.0,7,5,1,12,xw98qnqc,,,,,1
106,qkd4ozr3,,0,54,53,post_experimental,FinalForProlific,2026-02-15 17:20:09.459052,1,,,0.0,1,,0.0,6,4,1,13,xw98qnqc,,,,,1
106,qkd4ozr3,,0,54,53,post_experimental,FinalForProlific,2026-02-15 17:20:09.459052,1,,,0.0,1,,0.0,5,4,1,14,xw98qnqc,,,,,1
106,qkd4ozr3,,0,54,53,post_experimental,FinalForProlific,2026-02-15 17:20:09.459052,1,,,0.0,1,,0.0,5,5,1,15,xw98qnqc,,,,,1
106,qkd4ozr3,,0,54,53,post_experimental,FinalForProlific,2026-02-15 17:20:09.459052,1,,,0.0,1,,0.0,5,4,1,16,xw98qnqc,,,,,1
107,5fka5xyy,,0,54,53,post_experimental,FinalForProlific,2026-02-15 18:03:15.459052,1,,,0.0,1,,0.0,3,3,1,1,xw98qnqc,,,,,1
107,5fka5xyy,,0,54,53,post_experimental,FinalForProlific,2026-02-15 18:03:15.459052,1,,,0.0,1,,0.0,1,2,1,2,xw98qnqc,,,,,1
107,5fka5xyy,,0,54,53,post_experimental,FinalForProlific,2026-02-15 18:03:15.459052,1,,,0.0,1,,0.0,2,3,1,3,xw98qnqc,,,,,1
107,5fka5xyy,,0,54,53,post_experimental,FinalForProlific,2026-02-15 18:03:15.459052,1,,,0.0,1,,0.0,3,3,1,4,xw98qnqc,,,,,1
107,5fka5xyy,,0,54,53,post_experimental,FinalForProlific,2026-02-15 18:03:15.459052,1,,,0.0,1,,0.0,3,2,1,5,xw98qnqc,,,,,1
107,5fka5xyy,,0,54,53,post_experimental,FinalForProlific,2026-02-15 18:03:15.459052,1,,,0.0,1,,0.0,1,3,1,6,xw98qnqc,,,,,1
107,5fka5xyy,,0,54,53,post_experimental,FinalForProlific,2026-02-15 18:03:15.459052,1,,,0.0,1,,0.0,2,2,1,7,xw98qnqc,,,,,1
107,5fka5xyy,,0,54,53,post_experimental,FinalForProlific,2026-02-15 18:03:15.459052,1,,,0.0,1,,0.0,3,5,1,8,xw98qnqc,,,,,1
107,5fka5xyy,,0,54,53,post_experimental,FinalForProlific,2026-02-15 18:03:15.459052,1,,,0.0,1,,0.0,4,5,1,9,xw98qnqc,,,,,1
107,5fka5xyy,,0,54,53,post_experimental,FinalForProlific,2026-02-15 18:03:15.459052,1,,,0.0,1,,0.0,3,4,1,10,xw98qnqc,,,,,1
107,5fka5xyy,,0,54,53,post_experimental,FinalForProlific,2026-02-15 18:03:15.459052,1,,,0.0,1,,0.0,4,5,1,11,xw98qnqc,,,,,1
107,5fka5xyy,,0,54,53,post_experimental,FinalForProlific,2026-02-15 18:03:15.459052,1,,,0.0,1,,0.0,4,4,1,12,xw98qnqc,,,,,1
107,5fka5xyy,,0,54,53,post_experimental,FinalForProlific,2026-02-15 18:03:15.459052,1,,,0.0,1,,0.0,2,3,1,13,xw98qnqc,,,,,1
107,5fka5xyy,,0,54,53,post_experimental,FinalForProlific,2026-02-15 18:03:15.459052,1,,,0.0,1,,0.0,2,3,1,14,xw98qnqc,,,,,1
107,5fka5xyy,,0,54,53,post_experimental,FinalForProlific,2026-02-15 18:03:15.459052,1,,,0.0,1,,0.0,3,4,1,15,xw98qnqc,,,,,1
107,5fka5xyy,,0,54,53,post_experimental,FinalForProlific,2026-02-15 18:03:15.459052,1,,,0.0,1,,0.0,2,4,1,16,xw98qnqc,,,,,1
108,fjaxk0oj,,0,54,53,post_experimental,FinalForProlific,2026-02-15 18:05:42.459052,1,,,0.0,1,,0.0,3,3,1,1,xw98qnqc,,,,,1
108,fjaxk0oj,,0,54,53,post_experimental,FinalForProlific,2026-02-15 18:05:42.459052,1,,,0.0,1,,0.0,4,3,1,2,xw98qnqc,,,,,1
108,fjaxk0oj,,0,54,53,post_experimental,FinalForProlific,2026-02-15 18:05:42.459052,1,,,0.0,1,,0.0,3,4,1,3,xw98qnqc,,,,,1
108,fjaxk0oj,,0,54,53,post_experimental,FinalForProlific,2026-02-15 18:05:42.459052,1,,,0.0,1,,0.0,4,6,1,4,xw98qnqc,,,,,1
108,fjaxk0oj,,0,54,53,post_experimental,FinalForProlific,2026-02-15 18:05:42.459052,1,,,0.0,1,,0.0,4,5,1,5,xw98qnqc,,,,,1
108,fjaxk0oj,,0,54,53,post_experimental,FinalForProlific,2026-02-15 18:05:42.459052,1,,,0.0,1,,0.0,5,4,1,6,xw98qnqc,,,,,1
108,fjaxk0oj,,0,54,53,post_experimental,FinalForProlific,2026-02-15 18:05:42.459052,1,,,0.0,1,,0.0,3,3,1,7,xw98qnqc,,,,,1
108,fjaxk0oj,,0,54,53,post_experimental,FinalForProlific,2026-02-15 18:05:42.459052,1,,,0.0,1,,0.0,4,6,1,8,xw98qnqc,,,,,1
108,fjaxk0oj,,0,54,53,post_experimental,FinalForProlific,2026-02-15 18:05:42.459052,1,,,0.0,1,,0.0,4,4,1,9,xw98qnqc,,,,,1
108,fjaxk0oj,,0,54,53,post_experimental,FinalForProlific,2026-02-15 18:05:42.459052,1,,,0.0,1,,0.0,5,4,1,10,xw98qnqc,,,,,1
108,fjaxk0oj,,0,54,53,post_experimental,FinalForProlific,2026-02-15 18:05:42.459052,1,,,0.0,1,,0.0,1,3,1,11,xw98qnqc,,,,,1
108,fjaxk0oj,,0,54,53,post_experimental,FinalForProlific,2026-02-15 18:05:42.459052,1,,,0.0,1,,0.0,3,4,1,12,xw98qnqc,,,,,1
108,fjaxk0oj,,0,54,53,post_experimental,FinalForProlific,2026-02-15 18:05:42.459052,1,,,0.0,1,,0.0,4,4,1,13,xw98qnqc,,,,,1
108,fjaxk0oj,,0,54,53,post_experimental,FinalForProlific,2026-02-15 18:05:42.459052,1,,,0.0,1,,0.0,4,3,1,14,xw98qnqc,,,,,1
108,fjaxk0oj,,0,54,53,post_experimental,FinalForProlific,2026-02-15 18:05:42.459052,1,,,0.0,1,,0.0,2,3,1,15,xw98qnqc,,,,,1
108,fjaxk0oj,,0,54,53,post_experimental,FinalForProlific,2026-02-15 18:05:42.459052,1,,,0.0,1,,0.0,3,4,1,16,xw98qnqc,,,,,1
109,iohg7d94,,0,54,53,post_experimental,FinalForProlific,2026-02-15 18:05:51.459052,1,,,0.0,1,,0.0,5,4,1,1,xw98qnqc,,,,,1
109,iohg7d94,,0,54,53,post_experimental,FinalForProlific,2026-02-15 18:05:51.459052,1,,,0.0,1,,0.0,4,5,1,2,xw98qnqc,,,,,1
109,iohg7d94,,0,54,53,post_experimental,FinalForProlific,2026-02-15 18:05:51.459052,1,,,0.0,1,,0.0,2,2,1,3,xw98qnqc,,,,,1
109,iohg7d94,,0,54,53,post_experimental,FinalForProlific,2026-02-15 18:05:51.459052,1,,,0.0,1,,0.0,5,6,1,4,xw98qnqc,,,,,1
109,iohg7d94,,0,54,53,post_experimental,FinalForProlific,2026-02-15 18:05:51.459052,1,,,0.0,1,,0.0,5,6,1,5,xw98qnqc,,,,,1
109,iohg7d94,,0,54,53,post_experimental,FinalForProlific,2026-02-15 18:05:51.459052,1,,,0.0,1,,0.0,4,4,1,6,xw98qnqc,,,,,1
109,iohg7d94,,0,54,53,post_experimental,FinalForProlific,2026-02-15 18:05:51.459052,1,,,0.0,1,,0.0,4,2,1,7,xw98qnqc,,,,,1
109,iohg7d94,,0,54,53,post_experimental,FinalForProlific,2026-02-15 18:05:51.459052,1,,,0.0,1,,0.0,7,6,1,8,xw98qnqc,,,,,1
109,iohg7d94,,0,54,53,post_experimental,FinalForProlific,2026-02-15 18:05:51.459052,1,,,0.0,1,,0.0,6,5,1,9,xw98qnqc,,,,,1
109,iohg7d94,,0,54,53,post_experimental,FinalForProlific,2026-02-15 18:05:51.459052,1,,,0.0,1,,0.0,4,4,1,10,xw98qnqc,,,,,1
109,iohg7d94,,0,54,53,post_experimental,FinalForProlific,2026-02-15 18:05:51.459052,1,,,0.0,1,,0.0,5,6,1,11,xw98qnqc,,,,,1
109,iohg7d94,,0,54,53,post_experimental,FinalForProlific,2026-02-15 18:05:51.459052,1,,,0.0,1,,0.0,4,3,1,12,xw98qnqc,,,,,1
109,iohg7d94,,0,54,53,post_experimental,FinalForProlific,2026-02-15 18:05:51.459052,1,,,0.0,1,,0.0,4,5,1,13,xw98qnqc,,,,,1
109,iohg7d94,,0,54,53,post_experimental,FinalForProlific,2026-02-15 18:05:51.459052,1,,,0.0,1,,0.0,4,5,1,14,xw98qnqc,,,,,1
109,iohg7d94,,0,54,53,post_experimental,FinalForProlific,2026-02-15 18:05:51.459052,1,,,0.0,1,,0.0,3,3,1,15,xw98qnqc,,,,,1
109,iohg7d94,,0,54,53,post_experimental,FinalForProlific,2026-02-15 18:05:51.459052,1,,,0.0,1,,0.0,4,4,1,16,xw98qnqc,,,,,1
110,cw9qo7nq,,0,54,53,post_experimental,FinalForProlific,2026-02-15 18:08:26.459052,1,,,0.0,1,,0.0,4,4,1,1,xw98qnqc,,,,,1
110,cw9qo7nq,,0,54,53,post_experimental,FinalForProlific,2026-02-15 18:08:26.459052,1,,,0.0,1,,0.0,2,1,1,2,xw98qnqc,,,,,1
110,cw9qo7nq,,0,54,53,post_experimental,FinalForProlific,2026-02-15 18:08:26.459052,1,,,0.0,1,,0.0,1,2,1,3,xw98qnqc,,,,,1
110,cw9qo7nq,,0,54,53,post_experimental,FinalForProlific,2026-02-15 18:08:26.459052,1,,,0.0,1,,0.0,3,4,1,4,xw98qnqc,,,,,1
110,cw9qo7nq,,0,54,53,post_experimental,FinalForProlific,2026-02-15 18:08:26.459052,1,,,0.0,1,,0.0,5,6,1,5,xw98qnqc,,,,,1
110,cw9qo7nq,,0,54,53,post_experimental,FinalForProlific,2026-02-15 18:08:26.459052,1,,,0.0,1,,0.0,3,2,1,6,xw98qnqc,,,,,1
110,cw9qo7nq,,0,54,53,post_experimental,FinalForProlific,2026-02-15 18:08:26.459052,1,,,0.0,1,,0.0,2,3,1,7,xw98qnqc,,,,,1
110,cw9qo7nq,,0,54,53,post_experimental,FinalForProlific,2026-02-15 18:08:26.459052,1,,,0.0,1,,0.0,4,5,1,8,xw98qnqc,,,,,1
110,cw9qo7nq,,0,54,53,post_experimental,FinalForProlific,2026-02-15 18:08:26.459052,1,,,0.0,1,,0.0,3,2,1,9,xw98qnqc,,,,,1
110,cw9qo7nq,,0,54,53,post_experimental,FinalForProlific,2026-02-15 18:08:26.459052,1,,,0.0,1,,0.0,3,4,1,10,xw98qnqc,,,,,1
110,cw9qo7nq,,0,54,53,post_experimental,FinalForProlific,2026-02-15 18:08:26.459052,1,,,0.0,1,,0.0,3,4,1,11,xw98qnqc,,,,,1
110,cw9qo7nq,,0,54,53,post_experimental,FinalForProlific,2026-02-15 18:08:26.459052,1,,,0.0,1,,0.0,3,4,1,12,xw98qnqc,,,,,1
110,cw9qo7nq,,0,54,53,post_experimental,FinalForProlific,2026-02-15 18:08:26.459052,1,,,0.0,1,,0.0,3,3,1,13,xw98qnqc,,,,,1
110,cw9qo7nq,,0,54,53,post_experimental,FinalForProlific,2026-02-15 18:08:26.459052,1,,,0.0,1,,0.0,3,3,1,14,xw98qnqc,,,,,1
110,cw9qo7nq,,0,54,53,post_experimental,FinalForProlific,2026-02-15 18:08:26.459052,1,,,0.0,1,,0.0,4,5,1,15,xw98qnqc,,,,,1
110,cw9qo7nq,,0,54,53,post_experimental,FinalForProlific,2026-02-15 18:08:26.459052,1,,,0.0,1,,0.0,3,3,1,16,xw98qnqc,,,,,1
111,bxwakaqy,,0,54,53,post_experimental,FinalForProlific,2026-02-15 18:15:28.459052,1,,,0.0,1,,0.0,2,5,1,1,xw98qnqc,,,,,1
111,bxwakaqy,,0,54,53,post_experimental,FinalForProlific,2026-02-15 18:15:28.459052,1,,,0.0,1,,0.0,3,3,1,2,xw98qnqc,,,,,1
111,bxwakaqy,,0,54,53,post_experimental,FinalForProlific,2026-02-15 18:15:28.459052,1,,,0.0,1,,0.0,4,4,1,3,xw98qnqc,,,,,1
111,bxwakaqy,,0,54,53,post_experimental,FinalForProlific,2026-02-15 18:15:28.459052,1,,,0.0,1,,0.0,5,5,1,4,xw98qnqc,,,,,1
111,bxwakaqy,,0,54,53,post_experimental,FinalForProlific,2026-02-15 18:15:28.459052,1,,,0.0,1,,0.0,5,7,1,5,xw98qnqc,,,,,1
111,bxwakaqy,,0,54,53,post_experimental,FinalForProlific,2026-02-15 18:15:28.459052,1,,,0.0,1,,0.0,3,3,1,6,xw98qnqc,,,,,1
111,bxwakaqy,,0,54,53,post_experimental,FinalForProlific,2026-02-15 18:15:28.459052,1,,,0.0,1,,0.0,1,3,1,7,xw98qnqc,,,,,1
111,bxwakaqy,,0,54,53,post_experimental,FinalForProlific,2026-02-15 18:15:28.459052,1,,,0.0,1,,0.0,5,5,1,8,xw98qnqc,,,,,1
111,bxwakaqy,,0,54,53,post_experimental,FinalForProlific,2026-02-15 18:15:28.459052,1,,,0.0,1,,0.0,3,4,1,9,xw98qnqc,,,,,1
111,bxwakaqy,,0,54,53,post_experimental,FinalForProlific,2026-02-15 18:15:28.459052,1,,,0.0,1,,0.0,3,5,1,10,xw98qnqc,,,,,1
111,bxwakaqy,,0,54,53,post_experimental,FinalForProlific,2026-02-15 18:15:28.459052,1,,,0.0,1,,0.0,4,4,1,11,xw98qnqc,,,,,1
111,bxwakaqy,,0,54,53,post_experimental,FinalForProlific,2026-02-15 18:15:28.459052,1,,,0.0,1,,0.0,5,4,1,12,xw98qnqc,,,,,1
111,bxwakaqy,,0,54,53,post_experimental,FinalForProlific,2026-02-15 18:15:28.459052,1,,,0.0,1,,0.0,2,3,1,13,xw98qnqc,,,,,1
111,bxwakaqy,,0,54,53,post_experimental,FinalForProlific,2026-02-15 18:15:28.459052,1,,,0.0,1,,0.0,3,4,1,14,xw98qnqc,,,,,1
111,bxwakaqy,,0,54,53,post_experimental,FinalForProlific,2026-02-15 18:15:28.459052,1,,,0.0,1,,0.0,4,5,1,15,xw98qnqc,,,,,1
111,bxwakaqy,,0,54,53,post_experimental,FinalForProlific,2026-02-15 18:15:28.459052,1,,,0.0,1,,0.0,3,3,1,16,xw98qnqc,,,,,1
112,c6rmtrwa,,0,54,53,post_experimental,FinalForProlific,2026-02-15 17:29:41.459052,1,,,0.0,1,,0.0,5,4,1,1,xw98qnqc,,,,,1
112,c6rmtrwa,,0,54,53,post_experimental,FinalForProlific,2026-02-15 17:29:41.459052,1,,,0.0,1,,0.0,3,2,1,2,xw98qnqc,,,,,1
112,c6rmtrwa,,0,54,53,post_experimental,FinalForProlific,2026-02-15 17:29:41.459052,1,,,0.0,1,,0.0,3,3,1,3,xw98qnqc,,,,,1
112,c6rmtrwa,,0,54,53,post_experimental,FinalForProlific,2026-02-15 17:29:41.459052,1,,,0.0,1,,0.0,5,5,1,4,xw98qnqc,,,,,1
112,c6rmtrwa,,0,54,53,post_experimental,FinalForProlific,2026-02-15 17:29:41.459052,1,,,0.0,1,,0.0,5,5,1,5,xw98qnqc,,,,,1
112,c6rmtrwa,,0,54,53,post_experimental,FinalForProlific,2026-02-15 17:29:41.459052,1,,,0.0,1,,0.0,3,3,1,6,xw98qnqc,,,,,1
112,c6rmtrwa,,0,54,53,post_experimental,FinalForProlific,2026-02-15 17:29:41.459052,1,,,0.0,1,,0.0,2,2,1,7,xw98qnqc,,,,,1
112,c6rmtrwa,,0,54,53,post_experimental,FinalForProlific,2026-02-15 17:29:41.459052,1,,,0.0,1,,0.0,4,4,1,8,xw98qnqc,,,,,1
112,c6rmtrwa,,0,54,53,post_experimental,FinalForProlific,2026-02-15 17:29:41.459052,1,,,0.0,1,,0.0,5,4,1,9,xw98qnqc,,,,,1
112,c6rmtrwa,,0,54,53,post_experimental,FinalForProlific,2026-02-15 17:29:41.459052,1,,,0.0,1,,0.0,4,5,1,10,xw98qnqc,,,,,1
112,c6rmtrwa,,0,54,53,post_experimental,FinalForProlific,2026-02-15 17:29:41.459052,1,,,0.0,1,,0.0,2,2,1,11,xw98qnqc,,,,,1
112,c6rmtrwa,,0,54,53,post_experimental,FinalForProlific,2026-02-15 17:29:41.459052,1,,,0.0,1,,0.0,3,4,1,12,xw98qnqc,,,,,1
112,c6rmtrwa,,0,54,53,post_experimental,FinalForProlific,2026-02-15 17:29:41.459052,1,,,0.0,1,,0.0,4,3,1,13,xw98qnqc,,,,,1
112,c6rmtrwa,,0,54,53,post_experimental,FinalForProlific,2026-02-15 17:29:41.459052,1,,,0.0,1,,0.0,4,3,1,14,xw98qnqc,,,,,1
112,c6rmtrwa,,0,54,53,post_experimental,FinalForProlific,2026-02-15 17:29:41.459052,1,,,0.0,1,,0.0,4,3,1,15,xw98qnqc,,,,,1
112,c6rmtrwa,,0,54,53,post_experimental,FinalForProlific,2026-02-15 17:29:41.459052,1,,,0.0,1,,0.0,4,4,1,16,xw98qnqc,,,,,1
113,u7z0ey0x,,0,54,53,post_experimental,FinalForProlific,2026-02-15 18:01:36.459052,1,,,0.0,1,,0.0,5,5,1,1,xw98qnqc,,,,,1
113,u7z0ey0x,,0,54,53,post_experimental,FinalForProlific,2026-02-15 18:01:36.459052,1,,,0.0,1,,0.0,5,3,1,2,xw98qnqc,,,,,1
113,u7z0ey0x,,0,54,53,post_experimental,FinalForProlific,2026-02-15 18:01:36.459052,1,,,0.0,1,,0.0,4,4,1,3,xw98qnqc,,,,,1
113,u7z0ey0x,,0,54,53,post_experimental,FinalForProlific,2026-02-15 18:01:36.459052,1,,,0.0,1,,0.0,3,3,1,4,xw98qnqc,,,,,1
113,u7z0ey0x,,0,54,53,post_experimental,FinalForProlific,2026-02-15 18:01:36.459052,1,,,0.0,1,,0.0,6,7,1,5,xw98qnqc,,,,,1
113,u7z0ey0x,,0,54,53,post_experimental,FinalForProlific,2026-02-15 18:01:36.459052,1,,,0.0,1,,0.0,4,4,1,6,xw98qnqc,,,,,1
113,u7z0ey0x,,0,54,53,post_experimental,FinalForProlific,2026-02-15 18:01:36.459052,1,,,0.0,1,,0.0,4,4,1,7,xw98qnqc,,,,,1
113,u7z0ey0x,,0,54,53,post_experimental,FinalForProlific,2026-02-15 18:01:36.459052,1,,,0.0,1,,0.0,5,5,1,8,xw98qnqc,,,,,1
113,u7z0ey0x,,0,54,53,post_experimental,FinalForProlific,2026-02-15 18:01:36.459052,1,,,0.0,1,,0.0,6,5,1,9,xw98qnqc,,,,,1
113,u7z0ey0x,,0,54,53,post_experimental,FinalForProlific,2026-02-15 18:01:36.459052,1,,,0.0,1,,0.0,5,4,1,10,xw98qnqc,,,,,1
113,u7z0ey0x,,0,54,53,post_experimental,FinalForProlific,2026-02-15 18:01:36.459052,1,,,0.0,1,,0.0,6,4,1,11,xw98qnqc,,,,,1
113,u7z0ey0x,,0,54,53,post_experimental,FinalForProlific,2026-02-15 18:01:36.459052,1,,,0.0,1,,0.0,4,4,1,12,xw98qnqc,,,,,1
113,u7z0ey0x,,0,54,53,post_experimental,FinalForProlific,2026-02-15 18:01:36.459052,1,,,0.0,1,,0.0,3,4,1,13,xw98qnqc,,,,,1
113,u7z0ey0x,,0,54,53,post_experimental,FinalForProlific,2026-02-15 18:01:36.459052,1,,,0.0,1,,0.0,6,4,1,14,xw98qnqc,,,,,1
113,u7z0ey0x,,0,54,53,post_experimental,FinalForProlific,2026-02-15 18:01:36.459052,1,,,0.0,1,,0.0,5,5,1,15,xw98qnqc,,,,,1
113,u7z0ey0x,,0,54,53,post_experimental,FinalForProlific,2026-02-15 18:01:36.459052,1,,,0.0,1,,0.0,4,4,1,16,xw98qnqc,,,,,1
114,ieg2gmt9,,0,54,53,post_experimental,FinalForProlific,2026-02-15 17:29:43.459052,1,,,0.0,1,,0.0,4,5,1,1,xw98qnqc,,,,,1
114,ieg2gmt9,,0,54,53,post_experimental,FinalForProlific,2026-02-15 17:29:43.459052,1,,,0.0,1,,0.0,4,3,1,2,xw98qnqc,,,,,1
114,ieg2gmt9,,0,54,53,post_experimental,FinalForProlific,2026-02-15 17:29:43.459052,1,,,0.0,1,,0.0,3,3,1,3,xw98qnqc,,,,,1
114,ieg2gmt9,,0,54,53,post_experimental,FinalForProlific,2026-02-15 17:29:43.459052,1,,,0.0,1,,0.0,4,4,1,4,xw98qnqc,,,,,1
114,ieg2gmt9,,0,54,53,post_experimental,FinalForProlific,2026-02-15 17:29:43.459052,1,,,0.0,1,,0.0,6,5,1,5,xw98qnqc,,,,,1
114,ieg2gmt9,,0,54,53,post_experimental,FinalForProlific,2026-02-15 17:29:43.459052,1,,,0.0,1,,0.0,3,3,1,6,xw98qnqc,,,,,1
114,ieg2gmt9,,0,54,53,post_experimental,FinalForProlific,2026-02-15 17:29:43.459052,1,,,0.0,1,,0.0,4,2,1,7,xw98qnqc,,,,,1
114,ieg2gmt9,,0,54,53,post_experimental,FinalForProlific,2026-02-15 17:29:43.459052,1,,,0.0,1,,0.0,6,4,1,8,xw98qnqc,,,,,1
114,ieg2gmt9,,0,54,53,post_experimental,FinalForProlific,2026-02-15 17:29:43.459052,1,,,0.0,1,,0.0,4,5,1,9,xw98qnqc,,,,,1
114,ieg2gmt9,,0,54,53,post_experimental,FinalForProlific,2026-02-15 17:29:43.459052,1,,,0.0,1,,0.0,4,4,1,10,xw98qnqc,,,,,1
114,ieg2gmt9,,0,54,53,post_experimental,FinalForProlific,2026-02-15 17:29:43.459052,1,,,0.0,1,,0.0,4,4,1,11,xw98qnqc,,,,,1
114,ieg2gmt9,,0,54,53,post_experimental,FinalForProlific,2026-02-15 17:29:43.459052,1,,,0.0,1,,0.0,5,4,1,12,xw98qnqc,,,,,1
114,ieg2gmt9,,0,54,53,post_experimental,FinalForProlific,2026-02-15 17:29:43.459052,1,,,0.0,1,,0.0,3,4,1,13,xw98qnqc,,,,,1
114,ieg2gmt9,,0,54,53,post_experimental,FinalForProlific,2026-02-15 17:29:43.459052,1,,,0.0,1,,0.0,3,4,1,14,xw98qnqc,,,,,1
114,ieg2gmt9,,0,54,53,post_experimental,FinalForProlific,2026-02-15 17:29:43.459052,1,,,0.0,1,,0.0,4,3,1,15,xw98qnqc,,,,,1
114,ieg2gmt9,,0,54,53,post_experimental,FinalForProlific,2026-02-15 17:29:43.459052,1,,,0.0,1,,0.0,4,4,1,16,xw98qnqc,,,,,1
115,w839o4k0,,0,54,53,post_experimental,FinalForProlific,2026-02-15 17:01:19.459052,1,,,0.0,1,,0.0,3,4,1,1,xw98qnqc,,,,,1
115,w839o4k0,,0,54,53,post_experimental,FinalForProlific,2026-02-15 17:01:19.459052,1,,,0.0,1,,0.0,1,2,1,2,xw98qnqc,,,,,1
115,w839o4k0,,0,54,53,post_experimental,FinalForProlific,2026-02-15 17:01:19.459052,1,,,0.0,1,,0.0,2,3,1,3,xw98qnqc,,,,,1
115,w839o4k0,,0,54,53,post_experimental,FinalForProlific,2026-02-15 17:01:19.459052,1,,,0.0,1,,0.0,3,4,1,4,xw98qnqc,,,,,1
115,w839o4k0,,0,54,53,post_experimental,FinalForProlific,2026-02-15 17:01:19.459052,1,,,0.0,1,,0.0,4,4,1,5,xw98qnqc,,,,,1
115,w839o4k0,,0,54,53,post_experimental,FinalForProlific,2026-02-15 17:01:19.459052,1,,,0.0,1,,0.0,1,3,1,6,xw98qnqc,,,,,1
115,w839o4k0,,0,54,53,post_experimental,FinalForProlific,2026-02-15 17:01:19.459052,1,,,0.0,1,,0.0,1,3,1,7,xw98qnqc,,,,,1
115,w839o4k0,,0,54,53,post_experimental,FinalForProlific,2026-02-15 17:01:19.459052,1,,,0.0,1,,0.0,4,4,1,8,xw98qnqc,,,,,1
115,w839o4k0,,0,54,53,post_experimental,FinalForProlific,2026-02-15 17:01:19.459052,1,,,0.0,1,,0.0,2,4,1,9,xw98qnqc,,,,,1
115,w839o4k0,,0,54,53,post_experimental,FinalForProlific,2026-02-15 17:01:19.459052,1,,,0.0,1,,0.0,2,3,1,10,xw98qnqc,,,,,1
115,w839o4k0,,0,54,53,post_experimental,FinalForProlific,2026-02-15 17:01:19.459052,1,,,0.0,1,,0.0,2,4,1,11,xw98qnqc,,,,,1
115,w839o4k0,,0,54,53,post_experimental,FinalForProlific,2026-02-15 17:01:19.459052,1,,,0.0,1,,0.0,3,3,1,12,xw98qnqc,,,,,1
115,w839o4k0,,0,54,53,post_experimental,FinalForProlific,2026-02-15 17:01:19.459052,1,,,0.0,1,,0.0,2,2,1,13,xw98qnqc,,,,,1
115,w839o4k0,,0,54,53,post_experimental,FinalForProlific,2026-02-15 17:01:19.459052,1,,,0.0,1,,0.0,3,4,1,14,xw98qnqc,,,,,1
115,w839o4k0,,0,54,53,post_experimental,FinalForProlific,2026-02-15 17:01:19.459052,1,,,0.0,1,,0.0,2,3,1,15,xw98qnqc,,,,,1
115,w839o4k0,,0,54,53,post_experimental,FinalForProlific,2026-02-15 17:01:19.459052,1,,,0.0,1,,0.0,3,5,1,16,xw98qnqc,,,,,1
116,x7bvnp58,,0,54,53,post_experimental,FinalForProlific,2026-02-15 17:49:26.459052,1,,,0.0,1,,0.0,5,4,1,1,xw98qnqc,,,,,1
116,x7bvnp58,,0,54,53,post_experimental,FinalForProlific,2026-02-15 17:49:26.459052,1,,,0.0,1,,0.0,3,3,1,2,xw98qnqc,,,,,1
116,x7bvnp58,,0,54,53,post_experimental,FinalForProlific,2026-02-15 17:49:26.459052,1,,,0.0,1,,0.0,3,4,1,3,xw98qnqc,,,,,1
116,x7bvnp58,,0,54,53,post_experimental,FinalForProlific,2026-02-15 17:49:26.459052,1,,,0.0,1,,0.0,5,4,1,4,xw98qnqc,,,,,1
116,x7bvnp58,,0,54,53,post_experimental,FinalForProlific,2026-02-15 17:49:26.459052,1,,,0.0,1,,0.0,4,4,1,5,xw98qnqc,,,,,1
116,x7bvnp58,,0,54,53,post_experimental,FinalForProlific,2026-02-15 17:49:26.459052,1,,,0.0,1,,0.0,3,3,1,6,xw98qnqc,,,,,1
116,x7bvnp58,,0,54,53,post_experimental,FinalForProlific,2026-02-15 17:49:26.459052,1,,,0.0,1,,0.0,4,4,1,7,xw98qnqc,,,,,1
116,x7bvnp58,,0,54,53,post_experimental,FinalForProlific,2026-02-15 17:49:26.459052,1,,,0.0,1,,0.0,6,5,1,8,xw98qnqc,,,,,1
116,x7bvnp58,,0,54,53,post_experimental,FinalForProlific,2026-02-15 17:49:26.459052,1,,,0.0,1,,0.0,4,5,1,9,xw98qnqc,,,,,1
116,x7bvnp58,,0,54,53,post_experimental,FinalForProlific,2026-02-15 17:49:26.459052,1,,,0.0,1,,0.0,5,5,1,10,xw98qnqc,,,,,1
116,x7bvnp58,,0,54,53,post_experimental,FinalForProlific,2026-02-15 17:49:26.459052,1,,,0.0,1,,0.0,4,4,1,11,xw98qnqc,,,,,1
116,x7bvnp58,,0,54,53,post_experimental,FinalForProlific,2026-02-15 17:49:26.459052,1,,,0.0,1,,0.0,5,6,1,12,xw98qnqc,,,,,1
116,x7bvnp58,,0,54,53,post_experimental,FinalForProlific,2026-02-15 17:49:26.459052,1,,,0.0,1,,0.0,4,4,1,13,xw98qnqc,,,,,1
116,x7bvnp58,,0,54,53,post_experimental,FinalForProlific,2026-02-15 17:49:26.459052,1,,,0.0,1,,0.0,5,4,1,14,xw98qnqc,,,,,1
116,x7bvnp58,,0,54,53,post_experimental,FinalForProlific,2026-02-15 17:49:26.459052,1,,,0.0,1,,0.0,5,5,1,15,xw98qnqc,,,,,1
116,x7bvnp58,,0,54,53,post_experimental,FinalForProlific,2026-02-15 17:49:26.459052,1,,,0.0,1,,0.0,4,2,1,16,xw98qnqc,,,,,1
117,gfw1zc6q,,0,54,53,post_experimental,FinalForProlific,2026-02-15 18:09:37.459052,1,,,0.0,1,,0.0,4,5,1,1,xw98qnqc,,,,,1
117,gfw1zc6q,,0,54,53,post_experimental,FinalForProlific,2026-02-15 18:09:37.459052,1,,,0.0,1,,0.0,3,3,1,2,xw98qnqc,,,,,1
117,gfw1zc6q,,0,54,53,post_experimental,FinalForProlific,2026-02-15 18:09:37.459052,1,,,0.0,1,,0.0,2,2,1,3,xw98qnqc,,,,,1
117,gfw1zc6q,,0,54,53,post_experimental,FinalForProlific,2026-02-15 18:09:37.459052,1,,,0.0,1,,0.0,4,3,1,4,xw98qnqc,,,,,1
117,gfw1zc6q,,0,54,53,post_experimental,FinalForProlific,2026-02-15 18:09:37.459052,1,,,0.0,1,,0.0,5,4,1,5,xw98qnqc,,,,,1
117,gfw1zc6q,,0,54,53,post_experimental,FinalForProlific,2026-02-15 18:09:37.459052,1,,,0.0,1,,0.0,1,1,1,6,xw98qnqc,,,,,1
117,gfw1zc6q,,0,54,53,post_experimental,FinalForProlific,2026-02-15 18:09:37.459052,1,,,0.0,1,,0.0,2,3,1,7,xw98qnqc,,,,,1
117,gfw1zc6q,,0,54,53,post_experimental,FinalForProlific,2026-02-15 18:09:37.459052,1,,,0.0,1,,0.0,4,4,1,8,xw98qnqc,,,,,1
117,gfw1zc6q,,0,54,53,post_experimental,FinalForProlific,2026-02-15 18:09:37.459052,1,,,0.0,1,,0.0,3,4,1,9,xw98qnqc,,,,,1
117,gfw1zc6q,,0,54,53,post_experimental,FinalForProlific,2026-02-15 18:09:37.459052,1,,,0.0,1,,0.0,2,3,1,10,xw98qnqc,,,,,1
117,gfw1zc6q,,0,54,53,post_experimental,FinalForProlific,2026-02-15 18:09:37.459052,1,,,0.0,1,,0.0,4,3,1,11,xw98qnqc,,,,,1
117,gfw1zc6q,,0,54,53,post_experimental,FinalForProlific,2026-02-15 18:09:37.459052,1,,,0.0,1,,0.0,5,5,1,12,xw98qnqc,,,,,1
117,gfw1zc6q,,0,54,53,post_experimental,FinalForProlific,2026-02-15 18:09:37.459052,1,,,0.0,1,,0.0,2,3,1,13,xw98qnqc,,,,,1
117,gfw1zc6q,,0,54,53,post_experimental,FinalForProlific,2026-02-15 18:09:37.459052,1,,,0.0,1,,0.0,4,5,1,14,xw98qnqc,,,,,1
117,gfw1zc6q,,0,54,53,post_experimental,FinalForProlific,2026-02-15 18:09:37.459052,1,,,0.0,1,,0.0,3,3,1,15,xw98qnqc,,,,,1
117,gfw1zc6q,,0,54,53,post_experimental,FinalForProlific,2026-02-15 18:09:37.459052,1,,,0.0,1,,0.0,4,4,1,16,xw98qnqc,,,,,1
118,m1agdhww,,0,54,53,post_experimental,FinalForProlific,2026-02-15 18:05:33.459052,1,,,0.0,1,,0.0,4,4,1,1,xw98qnqc,,,,,1
118,m1agdhww,,0,54,53,post_experimental,FinalForProlific,2026-02-15 18:05:33.459052,1,,,0.0,1,,0.0,2,1,1,2,xw98qnqc,,,,,1
118,m1agdhww,,0,54,53,post_experimental,FinalForProlific,2026-02-15 18:05:33.459052,1,,,0.0,1,,0.0,3,2,1,3,xw98qnqc,,,,,1
118,m1agdhww,,0,54,53,post_experimental,FinalForProlific,2026-02-15 18:05:33.459052,1,,,0.0,1,,0.0,5,5,1,4,xw98qnqc,,,,,1
118,m1agdhww,,0,54,53,post_experimental,FinalForProlific,2026-02-15 18:05:33.459052,1,,,0.0,1,,0.0,6,5,1,5,xw98qnqc,,,,,1
118,m1agdhww,,0,54,53,post_experimental,FinalForProlific,2026-02-15 18:05:33.459052,1,,,0.0,1,,0.0,3,2,1,6,xw98qnqc,,,,,1
118,m1agdhww,,0,54,53,post_experimental,FinalForProlific,2026-02-15 18:05:33.459052,1,,,0.0,1,,0.0,4,3,1,7,xw98qnqc,,,,,1
118,m1agdhww,,0,54,53,post_experimental,FinalForProlific,2026-02-15 18:05:33.459052,1,,,0.0,1,,0.0,4,5,1,8,xw98qnqc,,,,,1
118,m1agdhww,,0,54,53,post_experimental,FinalForProlific,2026-02-15 18:05:33.459052,1,,,0.0,1,,0.0,4,5,1,9,xw98qnqc,,,,,1
118,m1agdhww,,0,54,53,post_experimental,FinalForProlific,2026-02-15 18:05:33.459052,1,,,0.0,1,,0.0,5,4,1,10,xw98qnqc,,,,,1
118,m1agdhww,,0,54,53,post_experimental,FinalForProlific,2026-02-15 18:05:33.459052,1,,,0.0,1,,0.0,1,3,1,11,xw98qnqc,,,,,1
118,m1agdhww,,0,54,53,post_experimental,FinalForProlific,2026-02-15 18:05:33.459052,1,,,0.0,1,,0.0,5,4,1,12,xw98qnqc,,,,,1
118,m1agdhww,,0,54,53,post_experimental,FinalForProlific,2026-02-15 18:05:33.459052,1,,,0.0,1,,0.0,5,4,1,13,xw98qnqc,,,,,1
118,m1agdhww,,0,54,53,post_experimental,FinalForProlific,2026-02-15 18:05:33.459052,1,,,0.0,1,,0.0,5,4,1,14,xw98qnqc,,,,,1
118,m1agdhww,,0,54,53,post_experimental,FinalForProlific,2026-02-15 18:05:33.459052,1,,,0.0,1,,0.0,4,4,1,15,xw98qnqc,,,,,1
118,m1agdhww,,0,54,53,post_experimental,FinalForProlific,2026-02-15 18:05:33.459052,1,,,0.0,1,,0.0,3,3,1,16,xw98qnqc,,,,,1
119,0hoh72bz,,0,54,53,post_experimental,FinalForProlific,2026-02-15 18:23:13.459052,1,,,0.0,1,,0.0,4,4,1,1,xw98qnqc,,,,,1
119,0hoh72bz,,0,54,53,post_experimental,FinalForProlific,2026-02-15 18:23:13.459052,1,,,0.0,1,,0.0,5,2,1,2,xw98qnqc,,,,,1
119,0hoh72bz,,0,54,53,post_experimental,FinalForProlific,2026-02-15 18:23:13.459052,1,,,0.0,1,,0.0,3,3,1,3,xw98qnqc,,,,,1
119,0hoh72bz,,0,54,53,post_experimental,FinalForProlific,2026-02-15 18:23:13.459052,1,,,0.0,1,,0.0,5,4,1,4,xw98qnqc,,,,,1
119,0hoh72bz,,0,54,53,post_experimental,FinalForProlific,2026-02-15 18:23:13.459052,1,,,0.0,1,,0.0,5,4,1,5,xw98qnqc,,,,,1
119,0hoh72bz,,0,54,53,post_experimental,FinalForProlific,2026-02-15 18:23:13.459052,1,,,0.0,1,,0.0,1,3,1,6,xw98qnqc,,,,,1
119,0hoh72bz,,0,54,53,post_experimental,FinalForProlific,2026-02-15 18:23:13.459052,1,,,0.0,1,,0.0,2,2,1,7,xw98qnqc,,,,,1
119,0hoh72bz,,0,54,53,post_experimental,FinalForProlific,2026-02-15 18:23:13.459052,1,,,0.0,1,,0.0,3,4,1,8,xw98qnqc,,,,,1
119,0hoh72bz,,0,54,53,post_experimental,FinalForProlific,2026-02-15 18:23:13.459052,1,,,0.0,1,,0.0,5,5,1,9,xw98qnqc,,,,,1
119,0hoh72bz,,0,54,53,post_experimental,FinalForProlific,2026-02-15 18:23:13.459052,1,,,0.0,1,,0.0,4,5,1,10,xw98qnqc,,,,,1
119,0hoh72bz,,0,54,53,post_experimental,FinalForProlific,2026-02-15 18:23:13.459052,1,,,0.0,1,,0.0,4,2,1,11,xw98qnqc,,,,,1
119,0hoh72bz,,0,54,53,post_experimental,FinalForProlific,2026-02-15 18:23:13.459052,1,,,0.0,1,,0.0,4,4,1,12,xw98qnqc,,,,,1
119,0hoh72bz,,0,54,53,post_experimental,FinalForProlific,2026-02-15 18:23:13.459052,1,,,0.0,1,,0.0,3,4,1,13,xw98qnqc,,,,,1
119,0hoh72bz,,0,54,53,post_experimental,FinalForProlific,2026-02-15 18:23:13.459052,1,,,0.0,1,,0.0,4,5,1,14,xw98qnqc,,,,,1
119,0hoh72bz,,0,54,53,post_experimental,FinalForProlific,2026-02-15 18:23:13.459052,1,,,0.0,1,,0.0,2,3,1,15,xw98qnqc,,,,,1
119,0hoh72bz,,0,54,53,post_experimental,FinalForProlific,2026-02-15 18:23:13.459052,1,,,0.0,1,,0.0,3,3,1,16,xw98qnqc,,,,,1
120,matu0pe2,,0,54,53,post_experimental,FinalForProlific,2026-02-15 18:11:40.459052,1,,,0.0,1,,0.0,5,5,1,1,xw98qnqc,,,,,1
120,matu0pe2,,0,54,53,post_experimental,FinalForProlific,2026-02-15 18:11:40.459052,1,,,0.0,1,,0.0,2,2,1,2,xw98qnqc,,,,,1
120,matu0pe2,,0,54,53,post_experimental,FinalForProlific,2026-02-15 18:11:40.459052,1,,,0.0,1,,0.0,3,3,1,3,xw98qnqc,,,,,1
120,matu0pe2,,0,54,53,post_experimental,FinalForProlific,2026-02-15 18:11:40.459052,1,,,0.0,1,,0.0,2,4,1,4,xw98qnqc,,,,,1
120,matu0pe2,,0,54,53,post_experimental,FinalForProlific,2026-02-15 18:11:40.459052,1,,,0.0,1,,0.0,4,5,1,5,xw98qnqc,,,,,1
120,matu0pe2,,0,54,53,post_experimental,FinalForProlific,2026-02-15 18:11:40.459052,1,,,0.0,1,,0.0,3,5,1,6,xw98qnqc,,,,,1
120,matu0pe2,,0,54,53,post_experimental,FinalForProlific,2026-02-15 18:11:40.459052,1,,,0.0,1,,0.0,4,3,1,7,xw98qnqc,,,,,1
120,matu0pe2,,0,54,53,post_experimental,FinalForProlific,2026-02-15 18:11:40.459052,1,,,0.0,1,,0.0,5,4,1,8,xw98qnqc,,,,,1
120,matu0pe2,,0,54,53,post_experimental,FinalForProlific,2026-02-15 18:11:40.459052,1,,,0.0,1,,0.0,4,4,1,9,xw98qnqc,,,,,1
120,matu0pe2,,0,54,53,post_experimental,FinalForProlific,2026-02-15 18:11:40.459052,1,,,0.0,1,,0.0,4,4,1,10,xw98qnqc,,,,,1
120,matu0pe2,,0,54,53,post_experimental,FinalForProlific,2026-02-15 18:11:40.459052,1,,,0.0,1,,0.0,3,3,1,11,xw98qnqc,,,,,1
120,matu0pe2,,0,54,53,post_experimental,FinalForProlific,2026-02-15 18:11:40.459052,1,,,0.0,1,,0.0,3,3,1,12,xw98qnqc,,,,,1
120,matu0pe2,,0,54,53,post_experimental,FinalForProlific,2026-02-15 18:11:40.459052,1,,,0.0,1,,0.0,4,3,1,13,xw98qnqc,,,,,1
120,matu0pe2,,0,54,53,post_experimental,FinalForProlific,2026-02-15 18:11:40.459052,1,,,0.0,1,,0.0,4,4,1,14,xw98qnqc,,,,,1
120,matu0pe2,,0,54,53,post_experimental,FinalForProlific,2026-02-15 18:11:40.459052,1,,,0.0,1,,0.0,3,3,1,15,xw98qnqc,,,,,1
120,matu0pe2,,0,54,53,post_experimental,FinalForProlific,2026-02-15 18:11:40.459052,1,,,0.0,1,,0.0,4,5,1,16,xw98qnqc,,,,,1
121,96hpxyvf,,0,54,53,post_experimental,FinalForProlific,2026-02-15 18:22:45.459052,1,,,0.0,1,,0.0,3,4,1,1,xw98qnqc,,,,,1
121,96hpxyvf,,0,54,53,post_experimental,FinalForProlific,2026-02-15 18:22:45.459052,1,,,0.0,1,,0.0,4,4,1,2,xw98qnqc,,,,,1
121,96hpxyvf,,0,54,53,post_experimental,FinalForProlific,2026-02-15 18:22:45.459052,1,,,0.0,1,,0.0,2,2,1,3,xw98qnqc,,,,,1
121,96hpxyvf,,0,54,53,post_experimental,FinalForProlific,2026-02-15 18:22:45.459052,1,,,0.0,1,,0.0,4,4,1,4,xw98qnqc,,,,,1
121,96hpxyvf,,0,54,53,post_experimental,FinalForProlific,2026-02-15 18:22:45.459052,1,,,0.0,1,,0.0,4,5,1,5,xw98qnqc,,,,,1
121,96hpxyvf,,0,54,53,post_experimental,FinalForProlific,2026-02-15 18:22:45.459052,1,,,0.0,1,,0.0,3,3,1,6,xw98qnqc,,,,,1
121,96hpxyvf,,0,54,53,post_experimental,FinalForProlific,2026-02-15 18:22:45.459052,1,,,0.0,1,,0.0,2,3,1,7,xw98qnqc,,,,,1
121,96hpxyvf,,0,54,53,post_experimental,FinalForProlific,2026-02-15 18:22:45.459052,1,,,0.0,1,,0.0,4,4,1,8,xw98qnqc,,,,,1
121,96hpxyvf,,0,54,53,post_experimental,FinalForProlific,2026-02-15 18:22:45.459052,1,,,0.0,1,,0.0,4,5,1,9,xw98qnqc,,,,,1
121,96hpxyvf,,0,54,53,post_experimental,FinalForProlific,2026-02-15 18:22:45.459052,1,,,0.0,1,,0.0,4,4,1,10,xw98qnqc,,,,,1
121,96hpxyvf,,0,54,53,post_experimental,FinalForProlific,2026-02-15 18:22:45.459052,1,,,0.0,1,,0.0,2,3,1,11,xw98qnqc,,,,,1
121,96hpxyvf,,0,54,53,post_experimental,FinalForProlific,2026-02-15 18:22:45.459052,1,,,0.0,1,,0.0,6,4,1,12,xw98qnqc,,,,,1
121,96hpxyvf,,0,54,53,post_experimental,FinalForProlific,2026-02-15 18:22:45.459052,1,,,0.0,1,,0.0,3,3,1,13,xw98qnqc,,,,,1
121,96hpxyvf,,0,54,53,post_experimental,FinalForProlific,2026-02-15 18:22:45.459052,1,,,0.0,1,,0.0,4,4,1,14,xw98qnqc,,,,,1
121,96hpxyvf,,0,54,53,post_experimental,FinalForProlific,2026-02-15 18:22:45.459052,1,,,0.0,1,,0.0,3,3,1,15,xw98qnqc,,,,,1
121,96hpxyvf,,0,54,53,post_experimental,FinalForProlific,2026-02-15 18:22:45.459052,1,,,0.0,1,,0.0,3,4,1,16,xw98qnqc,,,,,1
122,fah9o7uj,,0,54,53,post_experimental,FinalForProlific,2026-02-15 17:43:56.459052,1,,,0.0,1,,0.0,5,4,1,1,xw98qnqc,,,,,1
122,fah9o7uj,,0,54,53,post_experimental,FinalForProlific,2026-02-15 17:43:56.459052,1,,,0.0,1,,0.0,3,2,1,2,xw98qnqc,,,,,1
122,fah9o7uj,,0,54,53,post_experimental,FinalForProlific,2026-02-15 17:43:56.459052,1,,,0.0,1,,0.0,5,4,1,3,xw98qnqc,,,,,1
122,fah9o7uj,,0,54,53,post_experimental,FinalForProlific,2026-02-15 17:43:56.459052,1,,,0.0,1,,0.0,5,4,1,4,xw98qnqc,,,,,1
122,fah9o7uj,,0,54,53,post_experimental,FinalForProlific,2026-02-15 17:43:56.459052,1,,,0.0,1,,0.0,4,5,1,5,xw98qnqc,,,,,1
122,fah9o7uj,,0,54,53,post_experimental,FinalForProlific,2026-02-15 17:43:56.459052,1,,,0.0,1,,0.0,1,3,1,6,xw98qnqc,,,,,1
122,fah9o7uj,,0,54,53,post_experimental,FinalForProlific,2026-02-15 17:43:56.459052,1,,,0.0,1,,0.0,3,2,1,7,xw98qnqc,,,,,1
122,fah9o7uj,,0,54,53,post_experimental,FinalForProlific,2026-02-15 17:43:56.459052,1,,,0.0,1,,0.0,5,5,1,8,xw98qnqc,,,,,1
122,fah9o7uj,,0,54,53,post_experimental,FinalForProlific,2026-02-15 17:43:56.459052,1,,,0.0,1,,0.0,5,4,1,9,xw98qnqc,,,,,1
122,fah9o7uj,,0,54,53,post_experimental,FinalForProlific,2026-02-15 17:43:56.459052,1,,,0.0,1,,0.0,3,3,1,10,xw98qnqc,,,,,1
122,fah9o7uj,,0,54,53,post_experimental,FinalForProlific,2026-02-15 17:43:56.459052,1,,,0.0,1,,0.0,6,3,1,11,xw98qnqc,,,,,1
122,fah9o7uj,,0,54,53,post_experimental,FinalForProlific,2026-02-15 17:43:56.459052,1,,,0.0,1,,0.0,5,3,1,12,xw98qnqc,,,,,1
122,fah9o7uj,,0,54,53,post_experimental,FinalForProlific,2026-02-15 17:43:56.459052,1,,,0.0,1,,0.0,5,4,1,13,xw98qnqc,,,,,1
122,fah9o7uj,,0,54,53,post_experimental,FinalForProlific,2026-02-15 17:43:56.459052,1,,,0.0,1,,0.0,3,4,1,14,xw98qnqc,,,,,1
122,fah9o7uj,,0,54,53,post_experimental,FinalForProlific,2026-02-15 17:43:56.459052,1,,,0.0,1,,0.0,3,3,1,15,xw98qnqc,,,,,1
122,fah9o7uj,,0,54,53,post_experimental,FinalForProlific,2026-02-15 17:43:56.459052,1,,,0.0,1,,0.0,5,5,1,16,xw98qnqc,,,,,1
123,ub5q114p,,0,54,53,post_experimental,FinalForProlific,2026-02-15 17:57:23.459052,1,,,0.0,1,,0.0,4,3,1,1,xw98qnqc,,,,,1
123,ub5q114p,,0,54,53,post_experimental,FinalForProlific,2026-02-15 17:57:23.459052,1,,,0.0,1,,0.0,3,4,1,2,xw98qnqc,,,,,1
123,ub5q114p,,0,54,53,post_experimental,FinalForProlific,2026-02-15 17:57:23.459052,1,,,0.0,1,,0.0,4,4,1,3,xw98qnqc,,,,,1
123,ub5q114p,,0,54,53,post_experimental,FinalForProlific,2026-02-15 17:57:23.459052,1,,,0.0,1,,0.0,4,4,1,4,xw98qnqc,,,,,1
123,ub5q114p,,0,54,53,post_experimental,FinalForProlific,2026-02-15 17:57:23.459052,1,,,0.0,1,,0.0,4,4,1,5,xw98qnqc,,,,,1
123,ub5q114p,,0,54,53,post_experimental,FinalForProlific,2026-02-15 17:57:23.459052,1,,,0.0,1,,0.0,5,3,1,6,xw98qnqc,,,,,1
123,ub5q114p,,0,54,53,post_experimental,FinalForProlific,2026-02-15 17:57:23.459052,1,,,0.0,1,,0.0,2,3,1,7,xw98qnqc,,,,,1
123,ub5q114p,,0,54,53,post_experimental,FinalForProlific,2026-02-15 17:57:23.459052,1,,,0.0,1,,0.0,6,6,1,8,xw98qnqc,,,,,1
123,ub5q114p,,0,54,53,post_experimental,FinalForProlific,2026-02-15 17:57:23.459052,1,,,0.0,1,,0.0,5,5,1,9,xw98qnqc,,,,,1
123,ub5q114p,,0,54,53,post_experimental,FinalForProlific,2026-02-15 17:57:23.459052,1,,,0.0,1,,0.0,4,4,1,10,xw98qnqc,,,,,1
123,ub5q114p,,0,54,53,post_experimental,FinalForProlific,2026-02-15 17:57:23.459052,1,,,0.0,1,,0.0,6,5,1,11,xw98qnqc,,,,,1
123,ub5q114p,,0,54,53,post_experimental,FinalForProlific,2026-02-15 17:57:23.459052,1,,,0.0,1,,0.0,5,5,1,12,xw98qnqc,,,,,1
123,ub5q114p,,0,54,53,post_experimental,FinalForProlific,2026-02-15 17:57:23.459052,1,,,0.0,1,,0.0,4,3,1,13,xw98qnqc,,,,,1
123,ub5q114p,,0,54,53,post_experimental,FinalForProlific,2026-02-15 17:57:23.459052,1,,,0.0,1,,0.0,4,4,1,14,xw98qnqc,,,,,1
123,ub5q114p,,0,54,53,post_experimental,FinalForProlific,2026-02-15 17:57:23.459052,1,,,0.0,1,,0.0,4,4,1,15,xw98qnqc,,,,,1
123,ub5q114p,,0,54,53,post_experimental,FinalForProlific,2026-02-15 17:57:23.459052,1,,,0.0,1,,0.0,3,4,1,16,xw98qnqc,,,,,1
124,ibc388nl,,0,54,53,post_experimental,FinalForProlific,2026-02-15 17:22:49.459052,1,,,0.0,1,,0.0,4,2,1,1,xw98qnqc,,,,,1
124,ibc388nl,,0,54,53,post_experimental,FinalForProlific,2026-02-15 17:22:49.459052,1,,,0.0,1,,0.0,3,4,1,2,xw98qnqc,,,,,1
124,ibc388nl,,0,54,53,post_experimental,FinalForProlific,2026-02-15 17:22:49.459052,1,,,0.0,1,,0.0,6,4,1,3,xw98qnqc,,,,,1
124,ibc388nl,,0,54,53,post_experimental,FinalForProlific,2026-02-15 17:22:49.459052,1,,,0.0,1,,0.0,5,5,1,4,xw98qnqc,,,,,1
124,ibc388nl,,0,54,53,post_experimental,FinalForProlific,2026-02-15 17:22:49.459052,1,,,0.0,1,,0.0,6,5,1,5,xw98qnqc,,,,,1
124,ibc388nl,,0,54,53,post_experimental,FinalForProlific,2026-02-15 17:22:49.459052,1,,,0.0,1,,0.0,3,3,1,6,xw98qnqc,,,,,1
124,ibc388nl,,0,54,53,post_experimental,FinalForProlific,2026-02-15 17:22:49.459052,1,,,0.0,1,,0.0,3,2,1,7,xw98qnqc,,,,,1
124,ibc388nl,,0,54,53,post_experimental,FinalForProlific,2026-02-15 17:22:49.459052,1,,,0.0,1,,0.0,7,6,1,8,xw98qnqc,,,,,1
124,ibc388nl,,0,54,53,post_experimental,FinalForProlific,2026-02-15 17:22:49.459052,1,,,0.0,1,,0.0,5,4,1,9,xw98qnqc,,,,,1
124,ibc388nl,,0,54,53,post_experimental,FinalForProlific,2026-02-15 17:22:49.459052,1,,,0.0,1,,0.0,6,5,1,10,xw98qnqc,,,,,1
124,ibc388nl,,0,54,53,post_experimental,FinalForProlific,2026-02-15 17:22:49.459052,1,,,0.0,1,,0.0,4,3,1,11,xw98qnqc,,,,,1
124,ibc388nl,,0,54,53,post_experimental,FinalForProlific,2026-02-15 17:22:49.459052,1,,,0.0,1,,0.0,5,5,1,12,xw98qnqc,,,,,1
124,ibc388nl,,0,54,53,post_experimental,FinalForProlific,2026-02-15 17:22:49.459052,1,,,0.0,1,,0.0,4,4,1,13,xw98qnqc,,,,,1
124,ibc388nl,,0,54,53,post_experimental,FinalForProlific,2026-02-15 17:22:49.459052,1,,,0.0,1,,0.0,4,3,1,14,xw98qnqc,,,,,1
124,ibc388nl,,0,54,53,post_experimental,FinalForProlific,2026-02-15 17:22:49.459052,1,,,0.0,1,,0.0,5,6,1,15,xw98qnqc,,,,,1
124,ibc388nl,,0,54,53,post_experimental,FinalForProlific,2026-02-15 17:22:49.459052,1,,,0.0,1,,0.0,6,3,1,16,xw98qnqc,,,,,1
125,atlpqibn,,0,54,53,post_experimental,FinalForProlific,2026-02-15 17:39:09.459052,1,,,0.0,1,,0.0,6,5,1,1,xw98qnqc,,,,,1
125,atlpqibn,,0,54,53,post_experimental,FinalForProlific,2026-02-15 17:39:09.459052,1,,,0.0,1,,0.0,4,4,1,2,xw98qnqc,,,,,1
125,atlpqibn,,0,54,53,post_experimental,FinalForProlific,2026-02-15 17:39:09.459052,1,,,0.0,1,,0.0,5,3,1,3,xw98qnqc,,,,,1
125,atlpqibn,,0,54,53,post_experimental,FinalForProlific,2026-02-15 17:39:09.459052,1,,,0.0,1,,0.0,6,6,1,4,xw98qnqc,,,,,1
125,atlpqibn,,0,54,53,post_experimental,FinalForProlific,2026-02-15 17:39:09.459052,1,,,0.0,1,,0.0,6,6,1,5,xw98qnqc,,,,,1
125,atlpqibn,,0,54,53,post_experimental,FinalForProlific,2026-02-15 17:39:09.459052,1,,,0.0,1,,0.0,5,3,1,6,xw98qnqc,,,,,1
125,atlpqibn,,0,54,53,post_experimental,FinalForProlific,2026-02-15 17:39:09.459052,1,,,0.0,1,,0.0,3,2,1,7,xw98qnqc,,,,,1
125,atlpqibn,,0,54,53,post_experimental,FinalForProlific,2026-02-15 17:39:09.459052,1,,,0.0,1,,0.0,7,5,1,8,xw98qnqc,,,,,1
125,atlpqibn,,0,54,53,post_experimental,FinalForProlific,2026-02-15 17:39:09.459052,1,,,0.0,1,,0.0,6,4,1,9,xw98qnqc,,,,,1
125,atlpqibn,,0,54,53,post_experimental,FinalForProlific,2026-02-15 17:39:09.459052,1,,,0.0,1,,0.0,6,5,1,10,xw98qnqc,,,,,1
125,atlpqibn,,0,54,53,post_experimental,FinalForProlific,2026-02-15 17:39:09.459052,1,,,0.0,1,,0.0,5,4,1,11,xw98qnqc,,,,,1
125,atlpqibn,,0,54,53,post_experimental,FinalForProlific,2026-02-15 17:39:09.459052,1,,,0.0,1,,0.0,4,3,1,12,xw98qnqc,,,,,1
125,atlpqibn,,0,54,53,post_experimental,FinalForProlific,2026-02-15 17:39:09.459052,1,,,0.0,1,,0.0,7,5,1,13,xw98qnqc,,,,,1
125,atlpqibn,,0,54,53,post_experimental,FinalForProlific,2026-02-15 17:39:09.459052,1,,,0.0,1,,0.0,6,6,1,14,xw98qnqc,,,,,1
125,atlpqibn,,0,54,53,post_experimental,FinalForProlific,2026-02-15 17:39:09.459052,1,,,0.0,1,,0.0,4,4,1,15,xw98qnqc,,,,,1
125,atlpqibn,,0,54,53,post_experimental,FinalForProlific,2026-02-15 17:39:09.459052,1,,,0.0,1,,0.0,6,5,1,16,xw98qnqc,,,,,1
126,epjcijdb,,0,54,53,post_experimental,FinalForProlific,2026-02-15 18:20:28.459052,1,,,0.0,1,,0.0,5,5,1,1,xw98qnqc,,,,,1
126,epjcijdb,,0,54,53,post_experimental,FinalForProlific,2026-02-15 18:20:28.459052,1,,,0.0,1,,0.0,3,4,1,2,xw98qnqc,,,,,1
126,epjcijdb,,0,54,53,post_experimental,FinalForProlific,2026-02-15 18:20:28.459052,1,,,0.0,1,,0.0,2,3,1,3,xw98qnqc,,,,,1
126,epjcijdb,,0,54,53,post_experimental,FinalForProlific,2026-02-15 18:20:28.459052,1,,,0.0,1,,0.0,4,4,1,4,xw98qnqc,,,,,1
126,epjcijdb,,0,54,53,post_experimental,FinalForProlific,2026-02-15 18:20:28.459052,1,,,0.0,1,,0.0,4,4,1,5,xw98qnqc,,,,,1
126,epjcijdb,,0,54,53,post_experimental,FinalForProlific,2026-02-15 18:20:28.459052,1,,,0.0,1,,0.0,2,3,1,6,xw98qnqc,,,,,1
126,epjcijdb,,0,54,53,post_experimental,FinalForProlific,2026-02-15 18:20:28.459052,1,,,0.0,1,,0.0,2,4,1,7,xw98qnqc,,,,,1
126,epjcijdb,,0,54,53,post_experimental,FinalForProlific,2026-02-15 18:20:28.459052,1,,,0.0,1,,0.0,3,3,1,8,xw98qnqc,,,,,1
126,epjcijdb,,0,54,53,post_experimental,FinalForProlific,2026-02-15 18:20:28.459052,1,,,0.0,1,,0.0,4,4,1,9,xw98qnqc,,,,,1
126,epjcijdb,,0,54,53,post_experimental,FinalForProlific,2026-02-15 18:20:28.459052,1,,,0.0,1,,0.0,4,4,1,10,xw98qnqc,,,,,1
126,epjcijdb,,0,54,53,post_experimental,FinalForProlific,2026-02-15 18:20:28.459052,1,,,0.0,1,,0.0,1,2,1,11,xw98qnqc,,,,,1
126,epjcijdb,,0,54,53,post_experimental,FinalForProlific,2026-02-15 18:20:28.459052,1,,,0.0,1,,0.0,2,3,1,12,xw98qnqc,,,,,1
126,epjcijdb,,0,54,53,post_experimental,FinalForProlific,2026-02-15 18:20:28.459052,1,,,0.0,1,,0.0,3,4,1,13,xw98qnqc,,,,,1
126,epjcijdb,,0,54,53,post_experimental,FinalForProlific,2026-02-15 18:20:28.459052,1,,,0.0,1,,0.0,5,5,1,14,xw98qnqc,,,,,1
126,epjcijdb,,0,54,53,post_experimental,FinalForProlific,2026-02-15 18:20:28.459052,1,,,0.0,1,,0.0,3,5,1,15,xw98qnqc,,,,,1
126,epjcijdb,,0,54,53,post_experimental,FinalForProlific,2026-02-15 18:20:28.459052,1,,,0.0,1,,0.0,4,4,1,16,xw98qnqc,,,,,1
127,vlfqckyb,,0,54,53,post_experimental,FinalForProlific,2026-02-15 17:08:27.459052,1,,,0.0,1,,0.0,5,4,1,1,xw98qnqc,,,,,1
127,vlfqckyb,,0,54,53,post_experimental,FinalForProlific,2026-02-15 17:08:27.459052,1,,,0.0,1,,0.0,3,3,1,2,xw98qnqc,,,,,1
127,vlfqckyb,,0,54,53,post_experimental,FinalForProlific,2026-02-15 17:08:27.459052,1,,,0.0,1,,0.0,5,4,1,3,xw98qnqc,,,,,1
127,vlfqckyb,,0,54,53,post_experimental,FinalForProlific,2026-02-15 17:08:27.459052,1,,,0.0,1,,0.0,5,4,1,4,xw98qnqc,,,,,1
127,vlfqckyb,,0,54,53,post_experimental,FinalForProlific,2026-02-15 17:08:27.459052,1,,,0.0,1,,0.0,4,4,1,5,xw98qnqc,,,,,1
127,vlfqckyb,,0,54,53,post_experimental,FinalForProlific,2026-02-15 17:08:27.459052,1,,,0.0,1,,0.0,3,3,1,6,xw98qnqc,,,,,1
127,vlfqckyb,,0,54,53,post_experimental,FinalForProlific,2026-02-15 17:08:27.459052,1,,,0.0,1,,0.0,3,2,1,7,xw98qnqc,,,,,1
127,vlfqckyb,,0,54,53,post_experimental,FinalForProlific,2026-02-15 17:08:27.459052,1,,,0.0,1,,0.0,5,4,1,8,xw98qnqc,,,,,1
127,vlfqckyb,,0,54,53,post_experimental,FinalForProlific,2026-02-15 17:08:27.459052,1,,,0.0,1,,0.0,6,5,1,9,xw98qnqc,,,,,1
127,vlfqckyb,,0,54,53,post_experimental,FinalForProlific,2026-02-15 17:08:27.459052,1,,,0.0,1,,0.0,4,5,1,10,xw98qnqc,,,,,1
127,vlfqckyb,,0,54,53,post_experimental,FinalForProlific,2026-02-15 17:08:27.459052,1,,,0.0,1,,0.0,3,2,1,11,xw98qnqc,,,,,1
127,vlfqckyb,,0,54,53,post_experimental,FinalForProlific,2026-02-15 17:08:27.459052,1,,,0.0,1,,0.0,5,4,1,12,xw98qnqc,,,,,1
127,vlfqckyb,,0,54,53,post_experimental,FinalForProlific,2026-02-15 17:08:27.459052,1,,,0.0,1,,0.0,4,3,1,13,xw98qnqc,,,,,1
127,vlfqckyb,,0,54,53,post_experimental,FinalForProlific,2026-02-15 17:08:27.459052,1,,,0.0,1,,0.0,5,3,1,14,xw98qnqc,,,,,1
127,vlfqckyb,,0,54,53,post_experimental,FinalForProlific,2026-02-15 17:08:27.459052,1,,,0.0,1,,0.0,5,5,1,15,xw98qnqc,,,,,1
127,vlfqckyb,,0,54,53,post_experimental,FinalForProlific,2026-02-15 17:08:27.459052,1,,,0.0,1,,0.0,6,4,1,16,xw98qnqc,,,,,1
128,u5uki979,,0,54,53,post_experimental,FinalForProlific,2026-02-15 17:59:25.459052,1,,,0.0,1,,0.0,4,4,1,1,xw98qnqc,,,,,1
128,u5uki979,,0,54,53,post_experimental,FinalForProlific,2026-02-15 17:59:25.459052,1,,,0.0,1,,0.0,5,4,1,2,xw98qnqc,,,,,1
128,u5uki979,,0,54,53,post_experimental,FinalForProlific,2026-02-15 17:59:25.459052,1,,,0.0,1,,0.0,4,4,1,3,xw98qnqc,,,,,1
128,u5uki979,,0,54,53,post_experimental,FinalForProlific,2026-02-15 17:59:25.459052,1,,,0.0,1,,0.0,6,4,1,4,xw98qnqc,,,,,1
128,u5uki979,,0,54,53,post_experimental,FinalForProlific,2026-02-15 17:59:25.459052,1,,,0.0,1,,0.0,6,5,1,5,xw98qnqc,,,,,1
128,u5uki979,,0,54,53,post_experimental,FinalForProlific,2026-02-15 17:59:25.459052,1,,,0.0,1,,0.0,3,2,1,6,xw98qnqc,,,,,1
128,u5uki979,,0,54,53,post_experimental,FinalForProlific,2026-02-15 17:59:25.459052,1,,,0.0,1,,0.0,3,2,1,7,xw98qnqc,,,,,1
128,u5uki979,,0,54,53,post_experimental,FinalForProlific,2026-02-15 17:59:25.459052,1,,,0.0,1,,0.0,4,4,1,8,xw98qnqc,,,,,1
128,u5uki979,,0,54,53,post_experimental,FinalForProlific,2026-02-15 17:59:25.459052,1,,,0.0,1,,0.0,5,5,1,9,xw98qnqc,,,,,1
128,u5uki979,,0,54,53,post_experimental,FinalForProlific,2026-02-15 17:59:25.459052,1,,,0.0,1,,0.0,4,3,1,10,xw98qnqc,,,,,1
128,u5uki979,,0,54,53,post_experimental,FinalForProlific,2026-02-15 17:59:25.459052,1,,,0.0,1,,0.0,5,5,1,11,xw98qnqc,,,,,1
128,u5uki979,,0,54,53,post_experimental,FinalForProlific,2026-02-15 17:59:25.459052,1,,,0.0,1,,0.0,5,5,1,12,xw98qnqc,,,,,1
128,u5uki979,,0,54,53,post_experimental,FinalForProlific,2026-02-15 17:59:25.459052,1,,,0.0,1,,0.0,5,4,1,13,xw98qnqc,,,,,1
128,u5uki979,,0,54,53,post_experimental,FinalForProlific,2026-02-15 17:59:25.459052,1,,,0.0,1,,0.0,5,5,1,14,xw98qnqc,,,,,1
128,u5uki979,,0,54,53,post_experimental,FinalForProlific,2026-02-15 17:59:25.459052,1,,,0.0,1,,0.0,4,5,1,15,xw98qnqc,,,,,1
128,u5uki979,,0,54,53,post_experimental,FinalForProlific,2026-02-15 17:59:25.459052,1,,,0.0,1,,0.0,5,5,1,16,xw98qnqc,,,,,1
129,trjn5uhr,,0,54,53,post_experimental,FinalForProlific,2026-02-15 17:43:43.459052,1,,,0.0,1,,0.0,4,4,1,1,xw98qnqc,,,,,1
129,trjn5uhr,,0,54,53,post_experimental,FinalForProlific,2026-02-15 17:43:43.459052,1,,,0.0,1,,0.0,3,5,1,2,xw98qnqc,,,,,1
129,trjn5uhr,,0,54,53,post_experimental,FinalForProlific,2026-02-15 17:43:43.459052,1,,,0.0,1,,0.0,3,2,1,3,xw98qnqc,,,,,1
129,trjn5uhr,,0,54,53,post_experimental,FinalForProlific,2026-02-15 17:43:43.459052,1,,,0.0,1,,0.0,5,6,1,4,xw98qnqc,,,,,1
129,trjn5uhr,,0,54,53,post_experimental,FinalForProlific,2026-02-15 17:43:43.459052,1,,,0.0,1,,0.0,5,5,1,5,xw98qnqc,,,,,1
129,trjn5uhr,,0,54,53,post_experimental,FinalForProlific,2026-02-15 17:43:43.459052,1,,,0.0,1,,0.0,1,3,1,6,xw98qnqc,,,,,1
129,trjn5uhr,,0,54,53,post_experimental,FinalForProlific,2026-02-15 17:43:43.459052,1,,,0.0,1,,0.0,2,2,1,7,xw98qnqc,,,,,1
129,trjn5uhr,,0,54,53,post_experimental,FinalForProlific,2026-02-15 17:43:43.459052,1,,,0.0,1,,0.0,5,6,1,8,xw98qnqc,,,,,1
129,trjn5uhr,,0,54,53,post_experimental,FinalForProlific,2026-02-15 17:43:43.459052,1,,,0.0,1,,0.0,4,3,1,9,xw98qnqc,,,,,1
129,trjn5uhr,,0,54,53,post_experimental,FinalForProlific,2026-02-15 17:43:43.459052,1,,,0.0,1,,0.0,5,5,1,10,xw98qnqc,,,,,1
129,trjn5uhr,,0,54,53,post_experimental,FinalForProlific,2026-02-15 17:43:43.459052,1,,,0.0,1,,0.0,2,3,1,11,xw98qnqc,,,,,1
129,trjn5uhr,,0,54,53,post_experimental,FinalForProlific,2026-02-15 17:43:43.459052,1,,,0.0,1,,0.0,4,3,1,12,xw98qnqc,,,,,1
129,trjn5uhr,,0,54,53,post_experimental,FinalForProlific,2026-02-15 17:43:43.459052,1,,,0.0,1,,0.0,4,4,1,13,xw98qnqc,,,,,1
129,trjn5uhr,,0,54,53,post_experimental,FinalForProlific,2026-02-15 17:43:43.459052,1,,,0.0,1,,0.0,5,5,1,14,xw98qnqc,,,,,1
129,trjn5uhr,,0,54,53,post_experimental,FinalForProlific,2026-02-15 17:43:43.459052,1,,,0.0,1,,0.0,3,5,1,15,xw98qnqc,,,,,1
129,trjn5uhr,,0,54,53,post_experimental,FinalForProlific,2026-02-15 17:43:43.459052,1,,,0.0,1,,0.0,3,3,1,16,xw98qnqc,,,,,1
130,tlf9w8b1,,0,54,53,post_experimental,FinalForProlific,2026-02-15 17:24:10.459052,1,,,0.0,1,,0.0,1,2,1,1,xw98qnqc,,,,,1
130,tlf9w8b1,,0,54,53,post_experimental,FinalForProlific,2026-02-15 17:24:10.459052,1,,,0.0,1,,0.0,1,2,1,2,xw98qnqc,,,,,1
130,tlf9w8b1,,0,54,53,post_experimental,FinalForProlific,2026-02-15 17:24:10.459052,1,,,0.0,1,,0.0,2,2,1,3,xw98qnqc,,,,,1
130,tlf9w8b1,,0,54,53,post_experimental,FinalForProlific,2026-02-15 17:24:10.459052,1,,,0.0,1,,0.0,2,3,1,4,xw98qnqc,,,,,1
130,tlf9w8b1,,0,54,53,post_experimental,FinalForProlific,2026-02-15 17:24:10.459052,1,,,0.0,1,,0.0,3,3,1,5,xw98qnqc,,,,,1
130,tlf9w8b1,,0,54,53,post_experimental,FinalForProlific,2026-02-15 17:24:10.459052,1,,,0.0,1,,0.0,1,3,1,6,xw98qnqc,,,,,1
130,tlf9w8b1,,0,54,53,post_experimental,FinalForProlific,2026-02-15 17:24:10.459052,1,,,0.0,1,,0.0,2,3,1,7,xw98qnqc,,,,,1
130,tlf9w8b1,,0,54,53,post_experimental,FinalForProlific,2026-02-15 17:24:10.459052,1,,,0.0,1,,0.0,3,2,1,8,xw98qnqc,,,,,1
130,tlf9w8b1,,0,54,53,post_experimental,FinalForProlific,2026-02-15 17:24:10.459052,1,,,0.0,1,,0.0,3,3,1,9,xw98qnqc,,,,,1
130,tlf9w8b1,,0,54,53,post_experimental,FinalForProlific,2026-02-15 17:24:10.459052,1,,,0.0,1,,0.0,1,3,1,10,xw98qnqc,,,,,1
130,tlf9w8b1,,0,54,53,post_experimental,FinalForProlific,2026-02-15 17:24:10.459052,1,,,0.0,1,,0.0,1,2,1,11,xw98qnqc,,,,,1
130,tlf9w8b1,,0,54,53,post_experimental,FinalForProlific,2026-02-15 17:24:10.459052,1,,,0.0,1,,0.0,3,5,1,12,xw98qnqc,,,,,1
130,tlf9w8b1,,0,54,53,post_experimental,FinalForProlific,2026-02-15 17:24:10.459052,1,,,0.0,1,,0.0,1,2,1,13,xw98qnqc,,,,,1
130,tlf9w8b1,,0,54,53,post_experimental,FinalForProlific,2026-02-15 17:24:10.459052,1,,,0.0,1,,0.0,2,4,1,14,xw98qnqc,,,,,1
130,tlf9w8b1,,0,54,53,post_experimental,FinalForProlific,2026-02-15 17:24:10.459052,1,,,0.0,1,,0.0,2,2,1,15,xw98qnqc,,,,,1
130,tlf9w8b1,,0,54,53,post_experimental,FinalForProlific,2026-02-15 17:24:10.459052,1,,,0.0,1,,0.0,2,2,1,16,xw98qnqc,,,,,1
131,pj4xlkvz,,0,54,53,post_experimental,FinalForProlific,2026-02-15 18:08:16.459052,1,,,0.0,1,,0.0,5,3,1,1,xw98qnqc,,,,,1
131,pj4xlkvz,,0,54,53,post_experimental,FinalForProlific,2026-02-15 18:08:16.459052,1,,,0.0,1,,0.0,4,3,1,2,xw98qnqc,,,,,1
131,pj4xlkvz,,0,54,53,post_experimental,FinalForProlific,2026-02-15 18:08:16.459052,1,,,0.0,1,,0.0,4,4,1,3,xw98qnqc,,,,,1
131,pj4xlkvz,,0,54,53,post_experimental,FinalForProlific,2026-02-15 18:08:16.459052,1,,,0.0,1,,0.0,6,5,1,4,xw98qnqc,,,,,1
131,pj4xlkvz,,0,54,53,post_experimental,FinalForProlific,2026-02-15 18:08:16.459052,1,,,0.0,1,,0.0,5,5,1,5,xw98qnqc,,,,,1
131,pj4xlkvz,,0,54,53,post_experimental,FinalForProlific,2026-02-15 18:08:16.459052,1,,,0.0,1,,0.0,4,3,1,6,xw98qnqc,,,,,1
131,pj4xlkvz,,0,54,53,post_experimental,FinalForProlific,2026-02-15 18:08:16.459052,1,,,0.0,1,,0.0,4,4,1,7,xw98qnqc,,,,,1
131,pj4xlkvz,,0,54,53,post_experimental,FinalForProlific,2026-02-15 18:08:16.459052,1,,,0.0,1,,0.0,5,6,1,8,xw98qnqc,,,,,1
131,pj4xlkvz,,0,54,53,post_experimental,FinalForProlific,2026-02-15 18:08:16.459052,1,,,0.0,1,,0.0,6,6,1,9,xw98qnqc,,,,,1
131,pj4xlkvz,,0,54,53,post_experimental,FinalForProlific,2026-02-15 18:08:16.459052,1,,,0.0,1,,0.0,6,5,1,10,xw98qnqc,,,,,1
131,pj4xlkvz,,0,54,53,post_experimental,FinalForProlific,2026-02-15 18:08:16.459052,1,,,0.0,1,,0.0,4,4,1,11,xw98qnqc,,,,,1
131,pj4xlkvz,,0,54,53,post_experimental,FinalForProlific,2026-02-15 18:08:16.459052,1,,,0.0,1,,0.0,4,3,1,12,xw98qnqc,,,,,1
131,pj4xlkvz,,0,54,53,post_experimental,FinalForProlific,2026-02-15 18:08:16.459052,1,,,0.0,1,,0.0,5,4,1,13,xw98qnqc,,,,,1
131,pj4xlkvz,,0,54,53,post_experimental,FinalForProlific,2026-02-15 18:08:16.459052,1,,,0.0,1,,0.0,4,4,1,14,xw98qnqc,,,,,1
131,pj4xlkvz,,0,54,53,post_experimental,FinalForProlific,2026-02-15 18:08:16.459052,1,,,0.0,1,,0.0,3,3,1,15,xw98qnqc,,,,,1
131,pj4xlkvz,,0,54,53,post_experimental,FinalForProlific,2026-02-15 18:08:16.459052,1,,,0.0,1,,0.0,5,5,1,16,xw98qnqc,,,,,1
132,kww9ta99,,0,54,53,post_experimental,FinalForProlific,2026-02-15 18:17:54.459052,1,,,0.0,1,,0.0,5,4,1,1,xw98qnqc,,,,,1
132,kww9ta99,,0,54,53,post_experimental,FinalForProlific,2026-02-15 18:17:54.459052,1,,,0.0,1,,0.0,5,4,1,2,xw98qnqc,,,,,1
132,kww9ta99,,0,54,53,post_experimental,FinalForProlific,2026-02-15 18:17:54.459052,1,,,0.0,1,,0.0,3,3,1,3,xw98qnqc,,,,,1
132,kww9ta99,,0,54,53,post_experimental,FinalForProlific,2026-02-15 18:17:54.459052,1,,,0.0,1,,0.0,7,7,1,4,xw98qnqc,,,,,1
132,kww9ta99,,0,54,53,post_experimental,FinalForProlific,2026-02-15 18:17:54.459052,1,,,0.0,1,,0.0,6,6,1,5,xw98qnqc,,,,,1
132,kww9ta99,,0,54,53,post_experimental,FinalForProlific,2026-02-15 18:17:54.459052,1,,,0.0,1,,0.0,3,2,1,6,xw98qnqc,,,,,1
132,kww9ta99,,0,54,53,post_experimental,FinalForProlific,2026-02-15 18:17:54.459052,1,,,0.0,1,,0.0,3,4,1,7,xw98qnqc,,,,,1
132,kww9ta99,,0,54,53,post_experimental,FinalForProlific,2026-02-15 18:17:54.459052,1,,,0.0,1,,0.0,5,6,1,8,xw98qnqc,,,,,1
132,kww9ta99,,0,54,53,post_experimental,FinalForProlific,2026-02-15 18:17:54.459052,1,,,0.0,1,,0.0,4,4,1,9,xw98qnqc,,,,,1
132,kww9ta99,,0,54,53,post_experimental,FinalForProlific,2026-02-15 18:17:54.459052,1,,,0.0,1,,0.0,4,6,1,10,xw98qnqc,,,,,1
132,kww9ta99,,0,54,53,post_experimental,FinalForProlific,2026-02-15 18:17:54.459052,1,,,0.0,1,,0.0,2,3,1,11,xw98qnqc,,,,,1
132,kww9ta99,,0,54,53,post_experimental,FinalForProlific,2026-02-15 18:17:54.459052,1,,,0.0,1,,0.0,6,6,1,12,xw98qnqc,,,,,1
132,kww9ta99,,0,54,53,post_experimental,FinalForProlific,2026-02-15 18:17:54.459052,1,,,0.0,1,,0.0,3,3,1,13,xw98qnqc,,,,,1
132,kww9ta99,,0,54,53,post_experimental,FinalForProlific,2026-02-15 18:17:54.459052,1,,,0.0,1,,0.0,3,4,1,14,xw98qnqc,,,,,1
132,kww9ta99,,0,54,53,post_experimental,FinalForProlific,2026-02-15 18:17:54.459052,1,,,0.0,1,,0.0,3,2,1,15,xw98qnqc,,,,,1
132,kww9ta99,,0,54,53,post_experimental,FinalForProlific,2026-02-15 18:17:54.459052,1,,,0.0,1,,0.0,6,6,1,16,xw98qnqc,,,,,1
133,ynm305pz,,0,54,53,post_experimental,FinalForProlific,2026-02-15 17:40:37.459052,1,,,0.0,1,,0.0,5,5,1,1,xw98qnqc,,,,,1
133,ynm305pz,,0,54,53,post_experimental,FinalForProlific,2026-02-15 17:40:37.459052,1,,,0.0,1,,0.0,3,4,1,2,xw98qnqc,,,,,1
133,ynm305pz,,0,54,53,post_experimental,FinalForProlific,2026-02-15 17:40:37.459052,1,,,0.0,1,,0.0,4,6,1,3,xw98qnqc,,,,,1
133,ynm305pz,,0,54,53,post_experimental,FinalForProlific,2026-02-15 17:40:37.459052,1,,,0.0,1,,0.0,5,4,1,4,xw98qnqc,,,,,1
133,ynm305pz,,0,54,53,post_experimental,FinalForProlific,2026-02-15 17:40:37.459052,1,,,0.0,1,,0.0,7,5,1,5,xw98qnqc,,,,,1
133,ynm305pz,,0,54,53,post_experimental,FinalForProlific,2026-02-15 17:40:37.459052,1,,,0.0,1,,0.0,3,3,1,6,xw98qnqc,,,,,1
133,ynm305pz,,0,54,53,post_experimental,FinalForProlific,2026-02-15 17:40:37.459052,1,,,0.0,1,,0.0,3,2,1,7,xw98qnqc,,,,,1
133,ynm305pz,,0,54,53,post_experimental,FinalForProlific,2026-02-15 17:40:37.459052,1,,,0.0,1,,0.0,6,6,1,8,xw98qnqc,,,,,1
133,ynm305pz,,0,54,53,post_experimental,FinalForProlific,2026-02-15 17:40:37.459052,1,,,0.0,1,,0.0,5,5,1,9,xw98qnqc,,,,,1
133,ynm305pz,,0,54,53,post_experimental,FinalForProlific,2026-02-15 17:40:37.459052,1,,,0.0,1,,0.0,5,5,1,10,xw98qnqc,,,,,1
133,ynm305pz,,0,54,53,post_experimental,FinalForProlific,2026-02-15 17:40:37.459052,1,,,0.0,1,,0.0,3,3,1,11,xw98qnqc,,,,,1
133,ynm305pz,,0,54,53,post_experimental,FinalForProlific,2026-02-15 17:40:37.459052,1,,,0.0,1,,0.0,6,4,1,12,xw98qnqc,,,,,1
133,ynm305pz,,0,54,53,post_experimental,FinalForProlific,2026-02-15 17:40:37.459052,1,,,0.0,1,,0.0,4,4,1,13,xw98qnqc,,,,,1
133,ynm305pz,,0,54,53,post_experimental,FinalForProlific,2026-02-15 17:40:37.459052,1,,,0.0,1,,0.0,4,4,1,14,xw98qnqc,,,,,1
133,ynm305pz,,0,54,53,post_experimental,FinalForProlific,2026-02-15 17:40:37.459052,1,,,0.0,1,,0.0,6,4,1,15,xw98qnqc,,,,,1
133,ynm305pz,,0,54,53,post_experimental,FinalForProlific,2026-02-15 17:40:37.459052,1,,,0.0,1,,0.0,4,4,1,16,xw98qnqc,,,,,1
134,91ueeli8,,0,54,53,post_experimental,FinalForProlific,2026-02-15 18:05:21.459052,1,,,0.0,1,,0.0,6,4,1,1,xw98qnqc,,,,,1
134,91ueeli8,,0,54,53,post_experimental,FinalForProlific,2026-02-15 18:05:21.459052,1,,,0.0,1,,0.0,3,3,1,2,xw98qnqc,,,,,1
134,91ueeli8,,0,54,53,post_experimental,FinalForProlific,2026-02-15 18:05:21.459052,1,,,0.0,1,,0.0,4,4,1,3,xw98qnqc,,,,,1
134,91ueeli8,,0,54,53,post_experimental,FinalForProlific,2026-02-15 18:05:21.459052,1,,,0.0,1,,0.0,6,4,1,4,xw98qnqc,,,,,1
134,91ueeli8,,0,54,53,post_experimental,FinalForProlific,2026-02-15 18:05:21.459052,1,,,0.0,1,,0.0,5,5,1,5,xw98qnqc,,,,,1
134,91ueeli8,,0,54,53,post_experimental,FinalForProlific,2026-02-15 18:05:21.459052,1,,,0.0,1,,0.0,5,3,1,6,xw98qnqc,,,,,1
134,91ueeli8,,0,54,53,post_experimental,FinalForProlific,2026-02-15 18:05:21.459052,1,,,0.0,1,,0.0,3,2,1,7,xw98qnqc,,,,,1
134,91ueeli8,,0,54,53,post_experimental,FinalForProlific,2026-02-15 18:05:21.459052,1,,,0.0,1,,0.0,6,5,1,8,xw98qnqc,,,,,1
134,91ueeli8,,0,54,53,post_experimental,FinalForProlific,2026-02-15 18:05:21.459052,1,,,0.0,1,,0.0,6,7,1,9,xw98qnqc,,,,,1
134,91ueeli8,,0,54,53,post_experimental,FinalForProlific,2026-02-15 18:05:21.459052,1,,,0.0,1,,0.0,5,5,1,10,xw98qnqc,,,,,1
134,91ueeli8,,0,54,53,post_experimental,FinalForProlific,2026-02-15 18:05:21.459052,1,,,0.0,1,,0.0,6,5,1,11,xw98qnqc,,,,,1
134,91ueeli8,,0,54,53,post_experimental,FinalForProlific,2026-02-15 18:05:21.459052,1,,,0.0,1,,0.0,6,5,1,12,xw98qnqc,,,,,1
134,91ueeli8,,0,54,53,post_experimental,FinalForProlific,2026-02-15 18:05:21.459052,1,,,0.0,1,,0.0,3,3,1,13,xw98qnqc,,,,,1
134,91ueeli8,,0,54,53,post_experimental,FinalForProlific,2026-02-15 18:05:21.459052,1,,,0.0,1,,0.0,4,5,1,14,xw98qnqc,,,,,1
134,91ueeli8,,0,54,53,post_experimental,FinalForProlific,2026-02-15 18:05:21.459052,1,,,0.0,1,,0.0,4,4,1,15,xw98qnqc,,,,,1
134,91ueeli8,,0,54,53,post_experimental,FinalForProlific,2026-02-15 18:05:21.459052,1,,,0.0,1,,0.0,5,3,1,16,xw98qnqc,,,,,1
135,tzurdnj6,,0,54,53,post_experimental,FinalForProlific,2026-02-15 17:08:28.459052,1,,,0.0,1,,0.0,4,5,1,1,xw98qnqc,,,,,1
135,tzurdnj6,,0,54,53,post_experimental,FinalForProlific,2026-02-15 17:08:28.459052,1,,,0.0,1,,0.0,5,4,1,2,xw98qnqc,,,,,1
135,tzurdnj6,,0,54,53,post_experimental,FinalForProlific,2026-02-15 17:08:28.459052,1,,,0.0,1,,0.0,3,4,1,3,xw98qnqc,,,,,1
135,tzurdnj6,,0,54,53,post_experimental,FinalForProlific,2026-02-15 17:08:28.459052,1,,,0.0,1,,0.0,5,4,1,4,xw98qnqc,,,,,1
135,tzurdnj6,,0,54,53,post_experimental,FinalForProlific,2026-02-15 17:08:28.459052,1,,,0.0,1,,0.0,6,6,1,5,xw98qnqc,,,,,1
135,tzurdnj6,,0,54,53,post_experimental,FinalForProlific,2026-02-15 17:08:28.459052,1,,,0.0,1,,0.0,1,3,1,6,xw98qnqc,,,,,1
135,tzurdnj6,,0,54,53,post_experimental,FinalForProlific,2026-02-15 17:08:28.459052,1,,,0.0,1,,0.0,3,4,1,7,xw98qnqc,,,,,1
135,tzurdnj6,,0,54,53,post_experimental,FinalForProlific,2026-02-15 17:08:28.459052,1,,,0.0,1,,0.0,5,4,1,8,xw98qnqc,,,,,1
135,tzurdnj6,,0,54,53,post_experimental,FinalForProlific,2026-02-15 17:08:28.459052,1,,,0.0,1,,0.0,6,5,1,9,xw98qnqc,,,,,1
135,tzurdnj6,,0,54,53,post_experimental,FinalForProlific,2026-02-15 17:08:28.459052,1,,,0.0,1,,0.0,5,4,1,10,xw98qnqc,,,,,1
135,tzurdnj6,,0,54,53,post_experimental,FinalForProlific,2026-02-15 17:08:28.459052,1,,,0.0,1,,0.0,4,5,1,11,xw98qnqc,,,,,1
135,tzurdnj6,,0,54,53,post_experimental,FinalForProlific,2026-02-15 17:08:28.459052,1,,,0.0,1,,0.0,5,5,1,12,xw98qnqc,,,,,1
135,tzurdnj6,,0,54,53,post_experimental,FinalForProlific,2026-02-15 17:08:28.459052,1,,,0.0,1,,0.0,4,5,1,13,xw98qnqc,,,,,1
135,tzurdnj6,,0,54,53,post_experimental,FinalForProlific,2026-02-15 17:08:28.459052,1,,,0.0,1,,0.0,5,5,1,14,xw98qnqc,,,,,1
135,tzurdnj6,,0,54,53,post_experimental,FinalForProlific,2026-02-15 17:08:28.459052,1,,,0.0,1,,0.0,5,4,1,15,xw98qnqc,,,,,1
135,tzurdnj6,,0,54,53,post_experimental,FinalForProlific,2026-02-15 17:08:28.459052,1,,,0.0,1,,0.0,4,5,1,16,xw98qnqc,,,,,1
136,6tgvj59j,,0,54,53,post_experimental,FinalForProlific,2026-02-15 17:29:08.459052,1,,,0.0,1,,0.0,4,5,1,1,xw98qnqc,,,,,1
136,6tgvj59j,,0,54,53,post_experimental,FinalForProlific,2026-02-15 17:29:08.459052,1,,,0.0,1,,0.0,3,2,1,2,xw98qnqc,,,,,1
136,6tgvj59j,,0,54,53,post_experimental,FinalForProlific,2026-02-15 17:29:08.459052,1,,,0.0,1,,0.0,1,3,1,3,xw98qnqc,,,,,1
136,6tgvj59j,,0,54,53,post_experimental,FinalForProlific,2026-02-15 17:29:08.459052,1,,,0.0,1,,0.0,3,4,1,4,xw98qnqc,,,,,1
136,6tgvj59j,,0,54,53,post_experimental,FinalForProlific,2026-02-15 17:29:08.459052,1,,,0.0,1,,0.0,5,4,1,5,xw98qnqc,,,,,1
136,6tgvj59j,,0,54,53,post_experimental,FinalForProlific,2026-02-15 17:29:08.459052,1,,,0.0,1,,0.0,2,4,1,6,xw98qnqc,,,,,1
136,6tgvj59j,,0,54,53,post_experimental,FinalForProlific,2026-02-15 17:29:08.459052,1,,,0.0,1,,0.0,1,2,1,7,xw98qnqc,,,,,1
136,6tgvj59j,,0,54,53,post_experimental,FinalForProlific,2026-02-15 17:29:08.459052,1,,,0.0,1,,0.0,3,4,1,8,xw98qnqc,,,,,1
136,6tgvj59j,,0,54,53,post_experimental,FinalForProlific,2026-02-15 17:29:08.459052,1,,,0.0,1,,0.0,4,4,1,9,xw98qnqc,,,,,1
136,6tgvj59j,,0,54,53,post_experimental,FinalForProlific,2026-02-15 17:29:08.459052,1,,,0.0,1,,0.0,2,2,1,10,xw98qnqc,,,,,1
136,6tgvj59j,,0,54,53,post_experimental,FinalForProlific,2026-02-15 17:29:08.459052,1,,,0.0,1,,0.0,2,3,1,11,xw98qnqc,,,,,1
136,6tgvj59j,,0,54,53,post_experimental,FinalForProlific,2026-02-15 17:29:08.459052,1,,,0.0,1,,0.0,4,4,1,12,xw98qnqc,,,,,1
136,6tgvj59j,,0,54,53,post_experimental,FinalForProlific,2026-02-15 17:29:08.459052,1,,,0.0,1,,0.0,3,3,1,13,xw98qnqc,,,,,1
136,6tgvj59j,,0,54,53,post_experimental,FinalForProlific,2026-02-15 17:29:08.459052,1,,,0.0,1,,0.0,1,4,1,14,xw98qnqc,,,,,1
136,6tgvj59j,,0,54,53,post_experimental,FinalForProlific,2026-02-15 17:29:08.459052,1,,,0.0,1,,0.0,2,3,1,15,xw98qnqc,,,,,1
136,6tgvj59j,,0,54,53,post_experimental,FinalForProlific,2026-02-15 17:29:08.459052,1,,,0.0,1,,0.0,2,1,1,16,xw98qnqc,,,,,1
137,ii664b8e,,0,54,53,post_experimental,FinalForProlific,2026-02-15 17:54:16.459052,1,,,0.0,1,,0.0,6,5,1,1,xw98qnqc,,,,,1
137,ii664b8e,,0,54,53,post_experimental,FinalForProlific,2026-02-15 17:54:16.459052,1,,,0.0,1,,0.0,4,4,1,2,xw98qnqc,,,,,1
137,ii664b8e,,0,54,53,post_experimental,FinalForProlific,2026-02-15 17:54:16.459052,1,,,0.0,1,,0.0,4,3,1,3,xw98qnqc,,,,,1
137,ii664b8e,,0,54,53,post_experimental,FinalForProlific,2026-02-15 17:54:16.459052,1,,,0.0,1,,0.0,6,6,1,4,xw98qnqc,,,,,1
137,ii664b8e,,0,54,53,post_experimental,FinalForProlific,2026-02-15 17:54:16.459052,1,,,0.0,1,,0.0,7,6,1,5,xw98qnqc,,,,,1
137,ii664b8e,,0,54,53,post_experimental,FinalForProlific,2026-02-15 17:54:16.459052,1,,,0.0,1,,0.0,6,5,1,6,xw98qnqc,,,,,1
137,ii664b8e,,0,54,53,post_experimental,FinalForProlific,2026-02-15 17:54:16.459052,1,,,0.0,1,,0.0,5,4,1,7,xw98qnqc,,,,,1
137,ii664b8e,,0,54,53,post_experimental,FinalForProlific,2026-02-15 17:54:16.459052,1,,,0.0,1,,0.0,6,5,1,8,xw98qnqc,,,,,1
137,ii664b8e,,0,54,53,post_experimental,FinalForProlific,2026-02-15 17:54:16.459052,1,,,0.0,1,,0.0,6,6,1,9,xw98qnqc,,,,,1
137,ii664b8e,,0,54,53,post_experimental,FinalForProlific,2026-02-15 17:54:16.459052,1,,,0.0,1,,0.0,6,5,1,10,xw98qnqc,,,,,1
137,ii664b8e,,0,54,53,post_experimental,FinalForProlific,2026-02-15 17:54:16.459052,1,,,0.0,1,,0.0,6,5,1,11,xw98qnqc,,,,,1
137,ii664b8e,,0,54,53,post_experimental,FinalForProlific,2026-02-15 17:54:16.459052,1,,,0.0,1,,0.0,6,4,1,12,xw98qnqc,,,,,1
137,ii664b8e,,0,54,53,post_experimental,FinalForProlific,2026-02-15 17:54:16.459052,1,,,0.0,1,,0.0,5,4,1,13,xw98qnqc,,,,,1
137,ii664b8e,,0,54,53,post_experimental,FinalForProlific,2026-02-15 17:54:16.459052,1,,,0.0,1,,0.0,5,4,1,14,xw98qnqc,,,,,1
137,ii664b8e,,0,54,53,post_experimental,FinalForProlific,2026-02-15 17:54:16.459052,1,,,0.0,1,,0.0,3,4,1,15,xw98qnqc,,,,,1
137,ii664b8e,,0,54,53,post_experimental,FinalForProlific,2026-02-15 17:54:16.459052,1,,,0.0,1,,0.0,3,4,1,16,xw98qnqc,,,,,1
138,zxfhwbki,,0,54,53,post_experimental,FinalForProlific,2026-02-15 17:18:13.459052,1,,,0.0,1,,0.0,2,2,1,1,xw98qnqc,,,,,1
138,zxfhwbki,,0,54,53,post_experimental,FinalForProlific,2026-02-15 17:18:13.459052,1,,,0.0,1,,0.0,2,2,1,2,xw98qnqc,,,,,1
138,zxfhwbki,,0,54,53,post_experimental,FinalForProlific,2026-02-15 17:18:13.459052,1,,,0.0,1,,0.0,2,3,1,3,xw98qnqc,,,,,1
138,zxfhwbki,,0,54,53,post_experimental,FinalForProlific,2026-02-15 17:18:13.459052,1,,,0.0,1,,0.0,4,5,1,4,xw98qnqc,,,,,1
138,zxfhwbki,,0,54,53,post_experimental,FinalForProlific,2026-02-15 17:18:13.459052,1,,,0.0,1,,0.0,3,3,1,5,xw98qnqc,,,,,1
138,zxfhwbki,,0,54,53,post_experimental,FinalForProlific,2026-02-15 17:18:13.459052,1,,,0.0,1,,0.0,2,2,1,6,xw98qnqc,,,,,1
138,zxfhwbki,,0,54,53,post_experimental,FinalForProlific,2026-02-15 17:18:13.459052,1,,,0.0,1,,0.0,2,3,1,7,xw98qnqc,,,,,1
138,zxfhwbki,,0,54,53,post_experimental,FinalForProlific,2026-02-15 17:18:13.459052,1,,,0.0,1,,0.0,5,3,1,8,xw98qnqc,,,,,1
138,zxfhwbki,,0,54,53,post_experimental,FinalForProlific,2026-02-15 17:18:13.459052,1,,,0.0,1,,0.0,4,5,1,9,xw98qnqc,,,,,1
138,zxfhwbki,,0,54,53,post_experimental,FinalForProlific,2026-02-15 17:18:13.459052,1,,,0.0,1,,0.0,2,3,1,10,xw98qnqc,,,,,1
138,zxfhwbki,,0,54,53,post_experimental,FinalForProlific,2026-02-15 17:18:13.459052,1,,,0.0,1,,0.0,5,4,1,11,xw98qnqc,,,,,1
138,zxfhwbki,,0,54,53,post_experimental,FinalForProlific,2026-02-15 17:18:13.459052,1,,,0.0,1,,0.0,3,3,1,12,xw98qnqc,,,,,1
138,zxfhwbki,,0,54,53,post_experimental,FinalForProlific,2026-02-15 17:18:13.459052,1,,,0.0,1,,0.0,2,3,1,13,xw98qnqc,,,,,1
138,zxfhwbki,,0,54,53,post_experimental,FinalForProlific,2026-02-15 17:18:13.459052,1,,,0.0,1,,0.0,4,3,1,14,xw98qnqc,,,,,1
138,zxfhwbki,,0,54,53,post_experimental,FinalForProlific,2026-02-15 17:18:13.459052,1,,,0.0,1,,0.0,4,3,1,15,xw98qnqc,,,,,1
138,zxfhwbki,,0,54,53,post_experimental,FinalForProlific,2026-02-15 17:18:13.459052,1,,,0.0,1,,0.0,4,3,1,16,xw98qnqc,,,,,1
139,x2oeczm6,,0,54,53,post_experimental,FinalForProlific,2026-02-15 17:17:14.459052,1,,,0.0,1,,0.0,4,3,1,1,xw98qnqc,,,,,1
139,x2oeczm6,,0,54,53,post_experimental,FinalForProlific,2026-02-15 17:17:14.459052,1,,,0.0,1,,0.0,2,2,1,2,xw98qnqc,,,,,1
139,x2oeczm6,,0,54,53,post_experimental,FinalForProlific,2026-02-15 17:17:14.459052,1,,,0.0,1,,0.0,1,1,1,3,xw98qnqc,,,,,1
139,x2oeczm6,,0,54,53,post_experimental,FinalForProlific,2026-02-15 17:17:14.459052,1,,,0.0,1,,0.0,5,5,1,4,xw98qnqc,,,,,1
139,x2oeczm6,,0,54,53,post_experimental,FinalForProlific,2026-02-15 17:17:14.459052,1,,,0.0,1,,0.0,4,5,1,5,xw98qnqc,,,,,1
139,x2oeczm6,,0,54,53,post_experimental,FinalForProlific,2026-02-15 17:17:14.459052,1,,,0.0,1,,0.0,4,4,1,6,xw98qnqc,,,,,1
139,x2oeczm6,,0,54,53,post_experimental,FinalForProlific,2026-02-15 17:17:14.459052,1,,,0.0,1,,0.0,2,3,1,7,xw98qnqc,,,,,1
139,x2oeczm6,,0,54,53,post_experimental,FinalForProlific,2026-02-15 17:17:14.459052,1,,,0.0,1,,0.0,6,5,1,8,xw98qnqc,,,,,1
139,x2oeczm6,,0,54,53,post_experimental,FinalForProlific,2026-02-15 17:17:14.459052,1,,,0.0,1,,0.0,4,5,1,9,xw98qnqc,,,,,1
139,x2oeczm6,,0,54,53,post_experimental,FinalForProlific,2026-02-15 17:17:14.459052,1,,,0.0,1,,0.0,4,3,1,10,xw98qnqc,,,,,1
139,x2oeczm6,,0,54,53,post_experimental,FinalForProlific,2026-02-15 17:17:14.459052,1,,,0.0,1,,0.0,4,4,1,11,xw98qnqc,,,,,1
139,x2oeczm6,,0,54,53,post_experimental,FinalForProlific,2026-02-15 17:17:14.459052,1,,,0.0,1,,0.0,4,4,1,12,xw98qnqc,,,,,1
139,x2oeczm6,,0,54,53,post_experimental,FinalForProlific,2026-02-15 17:17:14.459052,1,,,0.0,1,,0.0,3,3,1,13,xw98qnqc,,,,,1
139,x2oeczm6,,0,54,53,post_experimental,FinalForProlific,2026-02-15 17:17:14.459052,1,,,0.0,1,,0.0,2,3,1,14,xw98qnqc,,,,,1
139,x2oeczm6,,0,54,53,post_experimental,FinalForProlific,2026-02-15 17:17:14.459052,1,,,0.0,1,,0.0,4,2,1,15,xw98qnqc,,,,,1
139,x2oeczm6,,0,54,53,post_experimental,FinalForProlific,2026-02-15 17:17:14.459052,1,,,0.0,1,,0.0,4,3,1,16,xw98qnqc,,,,,1
140,rlhla3gx,,0,54,53,post_experimental,FinalForProlific,2026-02-15 17:40:25.459052,1,,,0.0,1,,0.0,5,5,1,1,xw98qnqc,,,,,1
140,rlhla3gx,,0,54,53,post_experimental,FinalForProlific,2026-02-15 17:40:25.459052,1,,,0.0,1,,0.0,4,4,1,2,xw98qnqc,,,,,1
140,rlhla3gx,,0,54,53,post_experimental,FinalForProlific,2026-02-15 17:40:25.459052,1,,,0.0,1,,0.0,3,4,1,3,xw98qnqc,,,,,1
140,rlhla3gx,,0,54,53,post_experimental,FinalForProlific,2026-02-15 17:40:25.459052,1,,,0.0,1,,0.0,5,4,1,4,xw98qnqc,,,,,1
140,rlhla3gx,,0,54,53,post_experimental,FinalForProlific,2026-02-15 17:40:25.459052,1,,,0.0,1,,0.0,6,6,1,5,xw98qnqc,,,,,1
140,rlhla3gx,,0,54,53,post_experimental,FinalForProlific,2026-02-15 17:40:25.459052,1,,,0.0,1,,0.0,3,3,1,6,xw98qnqc,,,,,1
140,rlhla3gx,,0,54,53,post_experimental,FinalForProlific,2026-02-15 17:40:25.459052,1,,,0.0,1,,0.0,3,3,1,7,xw98qnqc,,,,,1
140,rlhla3gx,,0,54,53,post_experimental,FinalForProlific,2026-02-15 17:40:25.459052,1,,,0.0,1,,0.0,5,4,1,8,xw98qnqc,,,,,1
140,rlhla3gx,,0,54,53,post_experimental,FinalForProlific,2026-02-15 17:40:25.459052,1,,,0.0,1,,0.0,5,4,1,9,xw98qnqc,,,,,1
140,rlhla3gx,,0,54,53,post_experimental,FinalForProlific,2026-02-15 17:40:25.459052,1,,,0.0,1,,0.0,7,6,1,10,xw98qnqc,,,,,1
140,rlhla3gx,,0,54,53,post_experimental,FinalForProlific,2026-02-15 17:40:25.459052,1,,,0.0,1,,0.0,5,3,1,11,xw98qnqc,,,,,1
140,rlhla3gx,,0,54,53,post_experimental,FinalForProlific,2026-02-15 17:40:25.459052,1,,,0.0,1,,0.0,5,6,1,12,xw98qnqc,,,,,1
140,rlhla3gx,,0,54,53,post_experimental,FinalForProlific,2026-02-15 17:40:25.459052,1,,,0.0,1,,0.0,5,4,1,13,xw98qnqc,,,,,1
140,rlhla3gx,,0,54,53,post_experimental,FinalForProlific,2026-02-15 17:40:25.459052,1,,,0.0,1,,0.0,4,5,1,14,xw98qnqc,,,,,1
140,rlhla3gx,,0,54,53,post_experimental,FinalForProlific,2026-02-15 17:40:25.459052,1,,,0.0,1,,0.0,4,4,1,15,xw98qnqc,,,,,1
140,rlhla3gx,,0,54,53,post_experimental,FinalForProlific,2026-02-15 17:40:25.459052,1,,,0.0,1,,0.0,6,4,1,16,xw98qnqc,,,,,1
141,hjnrdby5,,0,54,53,post_experimental,FinalForProlific,2026-02-15 18:01:59.459052,1,,,0.0,1,,0.0,4,5,1,1,xw98qnqc,,,,,1
141,hjnrdby5,,0,54,53,post_experimental,FinalForProlific,2026-02-15 18:01:59.459052,1,,,0.0,1,,0.0,3,2,1,2,xw98qnqc,,,,,1
141,hjnrdby5,,0,54,53,post_experimental,FinalForProlific,2026-02-15 18:01:59.459052,1,,,0.0,1,,0.0,3,3,1,3,xw98qnqc,,,,,1
141,hjnrdby5,,0,54,53,post_experimental,FinalForProlific,2026-02-15 18:01:59.459052,1,,,0.0,1,,0.0,4,4,1,4,xw98qnqc,,,,,1
141,hjnrdby5,,0,54,53,post_experimental,FinalForProlific,2026-02-15 18:01:59.459052,1,,,0.0,1,,0.0,5,4,1,5,xw98qnqc,,,,,1
141,hjnrdby5,,0,54,53,post_experimental,FinalForProlific,2026-02-15 18:01:59.459052,1,,,0.0,1,,0.0,3,3,1,6,xw98qnqc,,,,,1
141,hjnrdby5,,0,54,53,post_experimental,FinalForProlific,2026-02-15 18:01:59.459052,1,,,0.0,1,,0.0,3,3,1,7,xw98qnqc,,,,,1
141,hjnrdby5,,0,54,53,post_experimental,FinalForProlific,2026-02-15 18:01:59.459052,1,,,0.0,1,,0.0,5,4,1,8,xw98qnqc,,,,,1
141,hjnrdby5,,0,54,53,post_experimental,FinalForProlific,2026-02-15 18:01:59.459052,1,,,0.0,1,,0.0,5,4,1,9,xw98qnqc,,,,,1
141,hjnrdby5,,0,54,53,post_experimental,FinalForProlific,2026-02-15 18:01:59.459052,1,,,0.0,1,,0.0,3,3,1,10,xw98qnqc,,,,,1
141,hjnrdby5,,0,54,53,post_experimental,FinalForProlific,2026-02-15 18:01:59.459052,1,,,0.0,1,,0.0,2,2,1,11,xw98qnqc,,,,,1
141,hjnrdby5,,0,54,53,post_experimental,FinalForProlific,2026-02-15 18:01:59.459052,1,,,0.0,1,,0.0,5,5,1,12,xw98qnqc,,,,,1
141,hjnrdby5,,0,54,53,post_experimental,FinalForProlific,2026-02-15 18:01:59.459052,1,,,0.0,1,,0.0,3,2,1,13,xw98qnqc,,,,,1
141,hjnrdby5,,0,54,53,post_experimental,FinalForProlific,2026-02-15 18:01:59.459052,1,,,0.0,1,,0.0,2,2,1,14,xw98qnqc,,,,,1
141,hjnrdby5,,0,54,53,post_experimental,FinalForProlific,2026-02-15 18:01:59.459052,1,,,0.0,1,,0.0,3,2,1,15,xw98qnqc,,,,,1
141,hjnrdby5,,0,54,53,post_experimental,FinalForProlific,2026-02-15 18:01:59.459052,1,,,0.0,1,,0.0,3,3,1,16,xw98qnqc,,,,,1
142,z9lrpqtu,,0,54,53,post_experimental,FinalForProlific,2026-02-15 17:29:07.459052,1,,,0.0,1,,0.0,3,4,1,1,xw98qnqc,,,,,1
142,z9lrpqtu,,0,54,53,post_experimental,FinalForProlific,2026-02-15 17:29:07.459052,1,,,0.0,1,,0.0,6,5,1,2,xw98qnqc,,,,,1
142,z9lrpqtu,,0,54,53,post_experimental,FinalForProlific,2026-02-15 17:29:07.459052,1,,,0.0,1,,0.0,1,1,1,3,xw98qnqc,,,,,1
142,z9lrpqtu,,0,54,53,post_experimental,FinalForProlific,2026-02-15 17:29:07.459052,1,,,0.0,1,,0.0,1,2,1,4,xw98qnqc,,,,,1
142,z9lrpqtu,,0,54,53,post_experimental,FinalForProlific,2026-02-15 17:29:07.459052,1,,,0.0,1,,0.0,5,5,1,5,xw98qnqc,,,,,1
142,z9lrpqtu,,0,54,53,post_experimental,FinalForProlific,2026-02-15 17:29:07.459052,1,,,0.0,1,,0.0,1,1,1,6,xw98qnqc,,,,,1
142,z9lrpqtu,,0,54,53,post_experimental,FinalForProlific,2026-02-15 17:29:07.459052,1,,,0.0,1,,0.0,1,2,1,7,xw98qnqc,,,,,1
142,z9lrpqtu,,0,54,53,post_experimental,FinalForProlific,2026-02-15 17:29:07.459052,1,,,0.0,1,,0.0,2,4,1,8,xw98qnqc,,,,,1
142,z9lrpqtu,,0,54,53,post_experimental,FinalForProlific,2026-02-15 17:29:07.459052,1,,,0.0,1,,0.0,4,4,1,9,xw98qnqc,,,,,1
142,z9lrpqtu,,0,54,53,post_experimental,FinalForProlific,2026-02-15 17:29:07.459052,1,,,0.0,1,,0.0,4,3,1,10,xw98qnqc,,,,,1
142,z9lrpqtu,,0,54,53,post_experimental,FinalForProlific,2026-02-15 17:29:07.459052,1,,,0.0,1,,0.0,2,4,1,11,xw98qnqc,,,,,1
142,z9lrpqtu,,0,54,53,post_experimental,FinalForProlific,2026-02-15 17:29:07.459052,1,,,0.0,1,,0.0,3,4,1,12,xw98qnqc,,,,,1
142,z9lrpqtu,,0,54,53,post_experimental,FinalForProlific,2026-02-15 17:29:07.459052,1,,,0.0,1,,0.0,3,2,1,13,xw98qnqc,,,,,1
142,z9lrpqtu,,0,54,53,post_experimental,FinalForProlific,2026-02-15 17:29:07.459052,1,,,0.0,1,,0.0,3,4,1,14,xw98qnqc,,,,,1
142,z9lrpqtu,,0,54,53,post_experimental,FinalForProlific,2026-02-15 17:29:07.459052,1,,,0.0,1,,0.0,4,4,1,15,xw98qnqc,,,,,1
142,z9lrpqtu,,0,54,53,post_experimental,FinalForProlific,2026-02-15 17:29:07.459052,1,,,0.0,1,,0.0,3,2,1,16,xw98qnqc,,,,,1
143,baisih4i,,0,54,53,post_experimental,FinalForProlific,2026-02-15 18:18:50.459052,1,,,0.0,1,,0.0,3,3,1,1,xw98qnqc,,,,,1
143,baisih4i,,0,54,53,post_experimental,FinalForProlific,2026-02-15 18:18:50.459052,1,,,0.0,1,,0.0,3,4,1,2,xw98qnqc,,,,,1
143,baisih4i,,0,54,53,post_experimental,FinalForProlific,2026-02-15 18:18:50.459052,1,,,0.0,1,,0.0,3,2,1,3,xw98qnqc,,,,,1
143,baisih4i,,0,54,53,post_experimental,FinalForProlific,2026-02-15 18:18:50.459052,1,,,0.0,1,,0.0,4,4,1,4,xw98qnqc,,,,,1
143,baisih4i,,0,54,53,post_experimental,FinalForProlific,2026-02-15 18:18:50.459052,1,,,0.0,1,,0.0,7,6,1,5,xw98qnqc,,,,,1
143,baisih4i,,0,54,53,post_experimental,FinalForProlific,2026-02-15 18:18:50.459052,1,,,0.0,1,,0.0,3,3,1,6,xw98qnqc,,,,,1
143,baisih4i,,0,54,53,post_experimental,FinalForProlific,2026-02-15 18:18:50.459052,1,,,0.0,1,,0.0,2,1,1,7,xw98qnqc,,,,,1
143,baisih4i,,0,54,53,post_experimental,FinalForProlific,2026-02-15 18:18:50.459052,1,,,0.0,1,,0.0,3,5,1,8,xw98qnqc,,,,,1
143,baisih4i,,0,54,53,post_experimental,FinalForProlific,2026-02-15 18:18:50.459052,1,,,0.0,1,,0.0,4,4,1,9,xw98qnqc,,,,,1
143,baisih4i,,0,54,53,post_experimental,FinalForProlific,2026-02-15 18:18:50.459052,1,,,0.0,1,,0.0,5,4,1,10,xw98qnqc,,,,,1
143,baisih4i,,0,54,53,post_experimental,FinalForProlific,2026-02-15 18:18:50.459052,1,,,0.0,1,,0.0,2,3,1,11,xw98qnqc,,,,,1
143,baisih4i,,0,54,53,post_experimental,FinalForProlific,2026-02-15 18:18:50.459052,1,,,0.0,1,,0.0,5,4,1,12,xw98qnqc,,,,,1
143,baisih4i,,0,54,53,post_experimental,FinalForProlific,2026-02-15 18:18:50.459052,1,,,0.0,1,,0.0,4,5,1,13,xw98qnqc,,,,,1
143,baisih4i,,0,54,53,post_experimental,FinalForProlific,2026-02-15 18:18:50.459052,1,,,0.0,1,,0.0,4,4,1,14,xw98qnqc,,,,,1
143,baisih4i,,0,54,53,post_experimental,FinalForProlific,2026-02-15 18:18:50.459052,1,,,0.0,1,,0.0,3,3,1,15,xw98qnqc,,,,,1
143,baisih4i,,0,54,53,post_experimental,FinalForProlific,2026-02-15 18:18:50.459052,1,,,0.0,1,,0.0,4,5,1,16,xw98qnqc,,,,,1
144,rtfzfdq1,,0,54,53,post_experimental,FinalForProlific,2026-02-15 17:13:46.459052,1,,,0.0,1,,0.0,4,4,1,1,xw98qnqc,,,,,1
144,rtfzfdq1,,0,54,53,post_experimental,FinalForProlific,2026-02-15 17:13:46.459052,1,,,0.0,1,,0.0,2,3,1,2,xw98qnqc,,,,,1
144,rtfzfdq1,,0,54,53,post_experimental,FinalForProlific,2026-02-15 17:13:46.459052,1,,,0.0,1,,0.0,4,5,1,3,xw98qnqc,,,,,1
144,rtfzfdq1,,0,54,53,post_experimental,FinalForProlific,2026-02-15 17:13:46.459052,1,,,0.0,1,,0.0,3,5,1,4,xw98qnqc,,,,,1
144,rtfzfdq1,,0,54,53,post_experimental,FinalForProlific,2026-02-15 17:13:46.459052,1,,,0.0,1,,0.0,5,6,1,5,xw98qnqc,,,,,1
144,rtfzfdq1,,0,54,53,post_experimental,FinalForProlific,2026-02-15 17:13:46.459052,1,,,0.0,1,,0.0,3,1,1,6,xw98qnqc,,,,,1
144,rtfzfdq1,,0,54,53,post_experimental,FinalForProlific,2026-02-15 17:13:46.459052,1,,,0.0,1,,0.0,1,1,1,7,xw98qnqc,,,,,1
144,rtfzfdq1,,0,54,53,post_experimental,FinalForProlific,2026-02-15 17:13:46.459052,1,,,0.0,1,,0.0,6,5,1,8,xw98qnqc,,,,,1
144,rtfzfdq1,,0,54,53,post_experimental,FinalForProlific,2026-02-15 17:13:46.459052,1,,,0.0,1,,0.0,5,6,1,9,xw98qnqc,,,,,1
144,rtfzfdq1,,0,54,53,post_experimental,FinalForProlific,2026-02-15 17:13:46.459052,1,,,0.0,1,,0.0,2,3,1,10,xw98qnqc,,,,,1
144,rtfzfdq1,,0,54,53,post_experimental,FinalForProlific,2026-02-15 17:13:46.459052,1,,,0.0,1,,0.0,2,2,1,11,xw98qnqc,,,,,1
144,rtfzfdq1,,0,54,53,post_experimental,FinalForProlific,2026-02-15 17:13:46.459052,1,,,0.0,1,,0.0,5,5,1,12,xw98qnqc,,,,,1
144,rtfzfdq1,,0,54,53,post_experimental,FinalForProlific,2026-02-15 17:13:46.459052,1,,,0.0,1,,0.0,5,5,1,13,xw98qnqc,,,,,1
144,rtfzfdq1,,0,54,53,post_experimental,FinalForProlific,2026-02-15 17:13:46.459052,1,,,0.0,1,,0.0,3,3,1,14,xw98qnqc,,,,,1
144,rtfzfdq1,,0,54,53,post_experimental,FinalForProlific,2026-02-15 17:13:46.459052,1,,,0.0,1,,0.0,4,3,1,15,xw98qnqc,,,,,1
144,rtfzfdq1,,0,54,53,post_experimental,FinalForProlific,2026-02-15 17:13:46.459052,1,,,0.0,1,,0.0,3,3,1,16,xw98qnqc,,,,,1
145,zfrx6fne,,0,54,53,post_experimental,FinalForProlific,2026-02-15 18:14:01.459052,1,,,0.0,1,,0.0,3,3,1,1,xw98qnqc,,,,,1
145,zfrx6fne,,0,54,53,post_experimental,FinalForProlific,2026-02-15 18:14:01.459052,1,,,0.0,1,,0.0,4,2,1,2,xw98qnqc,,,,,1
145,zfrx6fne,,0,54,53,post_experimental,FinalForProlific,2026-02-15 18:14:01.459052,1,,,0.0,1,,0.0,4,4,1,3,xw98qnqc,,,,,1
145,zfrx6fne,,0,54,53,post_experimental,FinalForProlific,2026-02-15 18:14:01.459052,1,,,0.0,1,,0.0,4,5,1,4,xw98qnqc,,,,,1
145,zfrx6fne,,0,54,53,post_experimental,FinalForProlific,2026-02-15 18:14:01.459052,1,,,0.0,1,,0.0,5,5,1,5,xw98qnqc,,,,,1
145,zfrx6fne,,0,54,53,post_experimental,FinalForProlific,2026-02-15 18:14:01.459052,1,,,0.0,1,,0.0,4,4,1,6,xw98qnqc,,,,,1
145,zfrx6fne,,0,54,53,post_experimental,FinalForProlific,2026-02-15 18:14:01.459052,1,,,0.0,1,,0.0,2,3,1,7,xw98qnqc,,,,,1
145,zfrx6fne,,0,54,53,post_experimental,FinalForProlific,2026-02-15 18:14:01.459052,1,,,0.0,1,,0.0,4,5,1,8,xw98qnqc,,,,,1
145,zfrx6fne,,0,54,53,post_experimental,FinalForProlific,2026-02-15 18:14:01.459052,1,,,0.0,1,,0.0,4,4,1,9,xw98qnqc,,,,,1
145,zfrx6fne,,0,54,53,post_experimental,FinalForProlific,2026-02-15 18:14:01.459052,1,,,0.0,1,,0.0,4,5,1,10,xw98qnqc,,,,,1
145,zfrx6fne,,0,54,53,post_experimental,FinalForProlific,2026-02-15 18:14:01.459052,1,,,0.0,1,,0.0,4,4,1,11,xw98qnqc,,,,,1
145,zfrx6fne,,0,54,53,post_experimental,FinalForProlific,2026-02-15 18:14:01.459052,1,,,0.0,1,,0.0,2,5,1,12,xw98qnqc,,,,,1
145,zfrx6fne,,0,54,53,post_experimental,FinalForProlific,2026-02-15 18:14:01.459052,1,,,0.0,1,,0.0,2,3,1,13,xw98qnqc,,,,,1
145,zfrx6fne,,0,54,53,post_experimental,FinalForProlific,2026-02-15 18:14:01.459052,1,,,0.0,1,,0.0,3,5,1,14,xw98qnqc,,,,,1
145,zfrx6fne,,0,54,53,post_experimental,FinalForProlific,2026-02-15 18:14:01.459052,1,,,0.0,1,,0.0,4,5,1,15,xw98qnqc,,,,,1
145,zfrx6fne,,0,54,53,post_experimental,FinalForProlific,2026-02-15 18:14:01.459052,1,,,0.0,1,,0.0,4,4,1,16,xw98qnqc,,,,,1
146,fylf9vwm,,0,54,53,post_experimental,FinalForProlific,2026-02-15 17:23:54.459052,1,,,0.0,1,,0.0,3,2,1,1,xw98qnqc,,,,,1
146,fylf9vwm,,0,54,53,post_experimental,FinalForProlific,2026-02-15 17:23:54.459052,1,,,0.0,1,,0.0,2,3,1,2,xw98qnqc,,,,,1
146,fylf9vwm,,0,54,53,post_experimental,FinalForProlific,2026-02-15 17:23:54.459052,1,,,0.0,1,,0.0,2,3,1,3,xw98qnqc,,,,,1
146,fylf9vwm,,0,54,53,post_experimental,FinalForProlific,2026-02-15 17:23:54.459052,1,,,0.0,1,,0.0,4,5,1,4,xw98qnqc,,,,,1
146,fylf9vwm,,0,54,53,post_experimental,FinalForProlific,2026-02-15 17:23:54.459052,1,,,0.0,1,,0.0,2,4,1,5,xw98qnqc,,,,,1
146,fylf9vwm,,0,54,53,post_experimental,FinalForProlific,2026-02-15 17:23:54.459052,1,,,0.0,1,,0.0,3,4,1,6,xw98qnqc,,,,,1
146,fylf9vwm,,0,54,53,post_experimental,FinalForProlific,2026-02-15 17:23:54.459052,1,,,0.0,1,,0.0,1,2,1,7,xw98qnqc,,,,,1
146,fylf9vwm,,0,54,53,post_experimental,FinalForProlific,2026-02-15 17:23:54.459052,1,,,0.0,1,,0.0,3,3,1,8,xw98qnqc,,,,,1
146,fylf9vwm,,0,54,53,post_experimental,FinalForProlific,2026-02-15 17:23:54.459052,1,,,0.0,1,,0.0,4,4,1,9,xw98qnqc,,,,,1
146,fylf9vwm,,0,54,53,post_experimental,FinalForProlific,2026-02-15 17:23:54.459052,1,,,0.0,1,,0.0,3,4,1,10,xw98qnqc,,,,,1
146,fylf9vwm,,0,54,53,post_experimental,FinalForProlific,2026-02-15 17:23:54.459052,1,,,0.0,1,,0.0,4,5,1,11,xw98qnqc,,,,,1
146,fylf9vwm,,0,54,53,post_experimental,FinalForProlific,2026-02-15 17:23:54.459052,1,,,0.0,1,,0.0,3,3,1,12,xw98qnqc,,,,,1
146,fylf9vwm,,0,54,53,post_experimental,FinalForProlific,2026-02-15 17:23:54.459052,1,,,0.0,1,,0.0,4,4,1,13,xw98qnqc,,,,,1
146,fylf9vwm,,0,54,53,post_experimental,FinalForProlific,2026-02-15 17:23:54.459052,1,,,0.0,1,,0.0,3,3,1,14,xw98qnqc,,,,,1
146,fylf9vwm,,0,54,53,post_experimental,FinalForProlific,2026-02-15 17:23:54.459052,1,,,0.0,1,,0.0,3,3,1,15,xw98qnqc,,,,,1
146,fylf9vwm,,0,54,53,post_experimental,FinalForProlific,2026-02-15 17:23:54.459052,1,,,0.0,1,,0.0,5,4,1,16,xw98qnqc,,,,,1
147,f1odmgv3,,0,54,53,post_experimental,FinalForProlific,2026-02-15 17:02:01.459052,1,,,0.0,1,,0.0,4,4,1,1,xw98qnqc,,,,,1
147,f1odmgv3,,0,54,53,post_experimental,FinalForProlific,2026-02-15 17:02:01.459052,1,,,0.0,1,,0.0,2,2,1,2,xw98qnqc,,,,,1
147,f1odmgv3,,0,54,53,post_experimental,FinalForProlific,2026-02-15 17:02:01.459052,1,,,0.0,1,,0.0,1,2,1,3,xw98qnqc,,,,,1
147,f1odmgv3,,0,54,53,post_experimental,FinalForProlific,2026-02-15 17:02:01.459052,1,,,0.0,1,,0.0,5,4,1,4,xw98qnqc,,,,,1
147,f1odmgv3,,0,54,53,post_experimental,FinalForProlific,2026-02-15 17:02:01.459052,1,,,0.0,1,,0.0,4,3,1,5,xw98qnqc,,,,,1
147,f1odmgv3,,0,54,53,post_experimental,FinalForProlific,2026-02-15 17:02:01.459052,1,,,0.0,1,,0.0,1,2,1,6,xw98qnqc,,,,,1
147,f1odmgv3,,0,54,53,post_experimental,FinalForProlific,2026-02-15 17:02:01.459052,1,,,0.0,1,,0.0,1,3,1,7,xw98qnqc,,,,,1
147,f1odmgv3,,0,54,53,post_experimental,FinalForProlific,2026-02-15 17:02:01.459052,1,,,0.0,1,,0.0,3,3,1,8,xw98qnqc,,,,,1
147,f1odmgv3,,0,54,53,post_experimental,FinalForProlific,2026-02-15 17:02:01.459052,1,,,0.0,1,,0.0,3,4,1,9,xw98qnqc,,,,,1
147,f1odmgv3,,0,54,53,post_experimental,FinalForProlific,2026-02-15 17:02:01.459052,1,,,0.0,1,,0.0,3,4,1,10,xw98qnqc,,,,,1
147,f1odmgv3,,0,54,53,post_experimental,FinalForProlific,2026-02-15 17:02:01.459052,1,,,0.0,1,,0.0,4,3,1,11,xw98qnqc,,,,,1
147,f1odmgv3,,0,54,53,post_experimental,FinalForProlific,2026-02-15 17:02:01.459052,1,,,0.0,1,,0.0,2,3,1,12,xw98qnqc,,,,,1
147,f1odmgv3,,0,54,53,post_experimental,FinalForProlific,2026-02-15 17:02:01.459052,1,,,0.0,1,,0.0,2,2,1,13,xw98qnqc,,,,,1
147,f1odmgv3,,0,54,53,post_experimental,FinalForProlific,2026-02-15 17:02:01.459052,1,,,0.0,1,,0.0,2,4,1,14,xw98qnqc,,,,,1
147,f1odmgv3,,0,54,53,post_experimental,FinalForProlific,2026-02-15 17:02:01.459052,1,,,0.0,1,,0.0,2,2,1,15,xw98qnqc,,,,,1
147,f1odmgv3,,0,54,53,post_experimental,FinalForProlific,2026-02-15 17:02:01.459052,1,,,0.0,1,,0.0,2,2,1,16,xw98qnqc,,,,,1
148,oavtu2ji,,0,54,53,post_experimental,FinalForProlific,2026-02-15 17:50:40.459052,1,,,0.0,1,,0.0,5,4,1,1,xw98qnqc,,,,,1
148,oavtu2ji,,0,54,53,post_experimental,FinalForProlific,2026-02-15 17:50:40.459052,1,,,0.0,1,,0.0,2,2,1,2,xw98qnqc,,,,,1
148,oavtu2ji,,0,54,53,post_experimental,FinalForProlific,2026-02-15 17:50:40.459052,1,,,0.0,1,,0.0,4,5,1,3,xw98qnqc,,,,,1
148,oavtu2ji,,0,54,53,post_experimental,FinalForProlific,2026-02-15 17:50:40.459052,1,,,0.0,1,,0.0,5,5,1,4,xw98qnqc,,,,,1
148,oavtu2ji,,0,54,53,post_experimental,FinalForProlific,2026-02-15 17:50:40.459052,1,,,0.0,1,,0.0,4,4,1,5,xw98qnqc,,,,,1
148,oavtu2ji,,0,54,53,post_experimental,FinalForProlific,2026-02-15 17:50:40.459052,1,,,0.0,1,,0.0,2,2,1,6,xw98qnqc,,,,,1
148,oavtu2ji,,0,54,53,post_experimental,FinalForProlific,2026-02-15 17:50:40.459052,1,,,0.0,1,,0.0,1,2,1,7,xw98qnqc,,,,,1
148,oavtu2ji,,0,54,53,post_experimental,FinalForProlific,2026-02-15 17:50:40.459052,1,,,0.0,1,,0.0,5,4,1,8,xw98qnqc,,,,,1
148,oavtu2ji,,0,54,53,post_experimental,FinalForProlific,2026-02-15 17:50:40.459052,1,,,0.0,1,,0.0,4,5,1,9,xw98qnqc,,,,,1
148,oavtu2ji,,0,54,53,post_experimental,FinalForProlific,2026-02-15 17:50:40.459052,1,,,0.0,1,,0.0,2,4,1,10,xw98qnqc,,,,,1
148,oavtu2ji,,0,54,53,post_experimental,FinalForProlific,2026-02-15 17:50:40.459052,1,,,0.0,1,,0.0,2,3,1,11,xw98qnqc,,,,,1
148,oavtu2ji,,0,54,53,post_experimental,FinalForProlific,2026-02-15 17:50:40.459052,1,,,0.0,1,,0.0,3,3,1,12,xw98qnqc,,,,,1
148,oavtu2ji,,0,54,53,post_experimental,FinalForProlific,2026-02-15 17:50:40.459052,1,,,0.0,1,,0.0,4,4,1,13,xw98qnqc,,,,,1
148,oavtu2ji,,0,54,53,post_experimental,FinalForProlific,2026-02-15 17:50:40.459052,1,,,0.0,1,,0.0,2,3,1,14,xw98qnqc,,,,,1
148,oavtu2ji,,0,54,53,post_experimental,FinalForProlific,2026-02-15 17:50:40.459052,1,,,0.0,1,,0.0,4,3,1,15,xw98qnqc,,,,,1
148,oavtu2ji,,0,54,53,post_experimental,FinalForProlific,2026-02-15 17:50:40.459052,1,,,0.0,1,,0.0,3,3,1,16,xw98qnqc,,,,,1
149,1pc7fa41,,0,54,53,post_experimental,FinalForProlific,2026-02-15 17:55:24.459052,1,,,0.0,1,,0.0,5,4,1,1,xw98qnqc,,,,,1
149,1pc7fa41,,0,54,53,post_experimental,FinalForProlific,2026-02-15 17:55:24.459052,1,,,0.0,1,,0.0,2,3,1,2,xw98qnqc,,,,,1
149,1pc7fa41,,0,54,53,post_experimental,FinalForProlific,2026-02-15 17:55:24.459052,1,,,0.0,1,,0.0,4,4,1,3,xw98qnqc,,,,,1
149,1pc7fa41,,0,54,53,post_experimental,FinalForProlific,2026-02-15 17:55:24.459052,1,,,0.0,1,,0.0,4,4,1,4,xw98qnqc,,,,,1
149,1pc7fa41,,0,54,53,post_experimental,FinalForProlific,2026-02-15 17:55:24.459052,1,,,0.0,1,,0.0,6,6,1,5,xw98qnqc,,,,,1
149,1pc7fa41,,0,54,53,post_experimental,FinalForProlific,2026-02-15 17:55:24.459052,1,,,0.0,1,,0.0,4,2,1,6,xw98qnqc,,,,,1
149,1pc7fa41,,0,54,53,post_experimental,FinalForProlific,2026-02-15 17:55:24.459052,1,,,0.0,1,,0.0,2,2,1,7,xw98qnqc,,,,,1
149,1pc7fa41,,0,54,53,post_experimental,FinalForProlific,2026-02-15 17:55:24.459052,1,,,0.0,1,,0.0,5,5,1,8,xw98qnqc,,,,,1
149,1pc7fa41,,0,54,53,post_experimental,FinalForProlific,2026-02-15 17:55:24.459052,1,,,0.0,1,,0.0,4,5,1,9,xw98qnqc,,,,,1
149,1pc7fa41,,0,54,53,post_experimental,FinalForProlific,2026-02-15 17:55:24.459052,1,,,0.0,1,,0.0,4,3,1,10,xw98qnqc,,,,,1
149,1pc7fa41,,0,54,53,post_experimental,FinalForProlific,2026-02-15 17:55:24.459052,1,,,0.0,1,,0.0,2,3,1,11,xw98qnqc,,,,,1
149,1pc7fa41,,0,54,53,post_experimental,FinalForProlific,2026-02-15 17:55:24.459052,1,,,0.0,1,,0.0,4,4,1,12,xw98qnqc,,,,,1
149,1pc7fa41,,0,54,53,post_experimental,FinalForProlific,2026-02-15 17:55:24.459052,1,,,0.0,1,,0.0,5,4,1,13,xw98qnqc,,,,,1
149,1pc7fa41,,0,54,53,post_experimental,FinalForProlific,2026-02-15 17:55:24.459052,1,,,0.0,1,,0.0,4,5,1,14,xw98qnqc,,,,,1
149,1pc7fa41,,0,54,53,post_experimental,FinalForProlific,2026-02-15 17:55:24.459052,1,,,0.0,1,,0.0,5,5,1,15,xw98qnqc,,,,,1
149,1pc7fa41,,0,54,53,post_experimental,FinalForProlific,2026-02-15 17:55:24.459052,1,,,0.0,1,,0.0,5,4,1,16,xw98qnqc,,,,,1
150,gd10du5i,,0,54,53,post_experimental,FinalForProlific,2026-02-15 17:17:04.459052,1,,,0.0,1,,0.0,4,4,1,1,xw98qnqc,,,,,1
150,gd10du5i,,0,54,53,post_experimental,FinalForProlific,2026-02-15 17:17:04.459052,1,,,0.0,1,,0.0,3,3,1,2,xw98qnqc,,,,,1
150,gd10du5i,,0,54,53,post_experimental,FinalForProlific,2026-02-15 17:17:04.459052,1,,,0.0,1,,0.0,3,3,1,3,xw98qnqc,,,,,1
150,gd10du5i,,0,54,53,post_experimental,FinalForProlific,2026-02-15 17:17:04.459052,1,,,0.0,1,,0.0,5,4,1,4,xw98qnqc,,,,,1
150,gd10du5i,,0,54,53,post_experimental,FinalForProlific,2026-02-15 17:17:04.459052,1,,,0.0,1,,0.0,3,4,1,5,xw98qnqc,,,,,1
150,gd10du5i,,0,54,53,post_experimental,FinalForProlific,2026-02-15 17:17:04.459052,1,,,0.0,1,,0.0,3,3,1,6,xw98qnqc,,,,,1
150,gd10du5i,,0,54,53,post_experimental,FinalForProlific,2026-02-15 17:17:04.459052,1,,,0.0,1,,0.0,2,3,1,7,xw98qnqc,,,,,1
150,gd10du5i,,0,54,53,post_experimental,FinalForProlific,2026-02-15 17:17:04.459052,1,,,0.0,1,,0.0,6,5,1,8,xw98qnqc,,,,,1
150,gd10du5i,,0,54,53,post_experimental,FinalForProlific,2026-02-15 17:17:04.459052,1,,,0.0,1,,0.0,5,3,1,9,xw98qnqc,,,,,1
150,gd10du5i,,0,54,53,post_experimental,FinalForProlific,2026-02-15 17:17:04.459052,1,,,0.0,1,,0.0,5,4,1,10,xw98qnqc,,,,,1
150,gd10du5i,,0,54,53,post_experimental,FinalForProlific,2026-02-15 17:17:04.459052,1,,,0.0,1,,0.0,5,5,1,11,xw98qnqc,,,,,1
150,gd10du5i,,0,54,53,post_experimental,FinalForProlific,2026-02-15 17:17:04.459052,1,,,0.0,1,,0.0,3,4,1,12,xw98qnqc,,,,,1
150,gd10du5i,,0,54,53,post_experimental,FinalForProlific,2026-02-15 17:17:04.459052,1,,,0.0,1,,0.0,4,4,1,13,xw98qnqc,,,,,1
150,gd10du5i,,0,54,53,post_experimental,FinalForProlific,2026-02-15 17:17:04.459052,1,,,0.0,1,,0.0,5,5,1,14,xw98qnqc,,,,,1
150,gd10du5i,,0,54,53,post_experimental,FinalForProlific,2026-02-15 17:17:04.459052,1,,,0.0,1,,0.0,4,5,1,15,xw98qnqc,,,,,1
150,gd10du5i,,0,54,53,post_experimental,FinalForProlific,2026-02-15 17:17:04.459052,1,,,0.0,1,,0.0,5,5,1,16,xw98qnqc,,,,,1
151,ixdu6xzt,,0,54,53,post_experimental,FinalForProlific,2026-02-15 18:04:09.459052,1,,,0.0,1,,0.0,5,4,1,1,xw98qnqc,,,,,1
151,ixdu6xzt,,0,54,53,post_experimental,FinalForProlific,2026-02-15 18:04:09.459052,1,,,0.0,1,,0.0,4,3,1,2,xw98qnqc,,,,,1
151,ixdu6xzt,,0,54,53,post_experimental,FinalForProlific,2026-02-15 18:04:09.459052,1,,,0.0,1,,0.0,3,3,1,3,xw98qnqc,,,,,1
151,ixdu6xzt,,0,54,53,post_experimental,FinalForProlific,2026-02-15 18:04:09.459052,1,,,0.0,1,,0.0,6,6,1,4,xw98qnqc,,,,,1
151,ixdu6xzt,,0,54,53,post_experimental,FinalForProlific,2026-02-15 18:04:09.459052,1,,,0.0,1,,0.0,6,5,1,5,xw98qnqc,,,,,1
151,ixdu6xzt,,0,54,53,post_experimental,FinalForProlific,2026-02-15 18:04:09.459052,1,,,0.0,1,,0.0,3,4,1,6,xw98qnqc,,,,,1
151,ixdu6xzt,,0,54,53,post_experimental,FinalForProlific,2026-02-15 18:04:09.459052,1,,,0.0,1,,0.0,2,3,1,7,xw98qnqc,,,,,1
151,ixdu6xzt,,0,54,53,post_experimental,FinalForProlific,2026-02-15 18:04:09.459052,1,,,0.0,1,,0.0,6,5,1,8,xw98qnqc,,,,,1
151,ixdu6xzt,,0,54,53,post_experimental,FinalForProlific,2026-02-15 18:04:09.459052,1,,,0.0,1,,0.0,4,4,1,9,xw98qnqc,,,,,1
151,ixdu6xzt,,0,54,53,post_experimental,FinalForProlific,2026-02-15 18:04:09.459052,1,,,0.0,1,,0.0,5,5,1,10,xw98qnqc,,,,,1
151,ixdu6xzt,,0,54,53,post_experimental,FinalForProlific,2026-02-15 18:04:09.459052,1,,,0.0,1,,0.0,4,4,1,11,xw98qnqc,,,,,1
151,ixdu6xzt,,0,54,53,post_experimental,FinalForProlific,2026-02-15 18:04:09.459052,1,,,0.0,1,,0.0,5,4,1,12,xw98qnqc,,,,,1
151,ixdu6xzt,,0,54,53,post_experimental,FinalForProlific,2026-02-15 18:04:09.459052,1,,,0.0,1,,0.0,6,4,1,13,xw98qnqc,,,,,1
151,ixdu6xzt,,0,54,53,post_experimental,FinalForProlific,2026-02-15 18:04:09.459052,1,,,0.0,1,,0.0,4,4,1,14,xw98qnqc,,,,,1
151,ixdu6xzt,,0,54,53,post_experimental,FinalForProlific,2026-02-15 18:04:09.459052,1,,,0.0,1,,0.0,3,2,1,15,xw98qnqc,,,,,1
151,ixdu6xzt,,0,54,53,post_experimental,FinalForProlific,2026-02-15 18:04:09.459052,1,,,0.0,1,,0.0,5,5,1,16,xw98qnqc,,,,,1
152,a7rllgfu,,0,54,53,post_experimental,FinalForProlific,2026-02-15 17:59:07.459052,1,,,0.0,1,,0.0,5,3,1,1,xw98qnqc,,,,,1
152,a7rllgfu,,0,54,53,post_experimental,FinalForProlific,2026-02-15 17:59:07.459052,1,,,0.0,1,,0.0,3,4,1,2,xw98qnqc,,,,,1
152,a7rllgfu,,0,54,53,post_experimental,FinalForProlific,2026-02-15 17:59:07.459052,1,,,0.0,1,,0.0,1,1,1,3,xw98qnqc,,,,,1
152,a7rllgfu,,0,54,53,post_experimental,FinalForProlific,2026-02-15 17:59:07.459052,1,,,0.0,1,,0.0,6,5,1,4,xw98qnqc,,,,,1
152,a7rllgfu,,0,54,53,post_experimental,FinalForProlific,2026-02-15 17:59:07.459052,1,,,0.0,1,,0.0,5,5,1,5,xw98qnqc,,,,,1
152,a7rllgfu,,0,54,53,post_experimental,FinalForProlific,2026-02-15 17:59:07.459052,1,,,0.0,1,,0.0,2,3,1,6,xw98qnqc,,,,,1
152,a7rllgfu,,0,54,53,post_experimental,FinalForProlific,2026-02-15 17:59:07.459052,1,,,0.0,1,,0.0,3,1,1,7,xw98qnqc,,,,,1
152,a7rllgfu,,0,54,53,post_experimental,FinalForProlific,2026-02-15 17:59:07.459052,1,,,0.0,1,,0.0,6,5,1,8,xw98qnqc,,,,,1
152,a7rllgfu,,0,54,53,post_experimental,FinalForProlific,2026-02-15 17:59:07.459052,1,,,0.0,1,,0.0,5,4,1,9,xw98qnqc,,,,,1
152,a7rllgfu,,0,54,53,post_experimental,FinalForProlific,2026-02-15 17:59:07.459052,1,,,0.0,1,,0.0,3,3,1,10,xw98qnqc,,,,,1
152,a7rllgfu,,0,54,53,post_experimental,FinalForProlific,2026-02-15 17:59:07.459052,1,,,0.0,1,,0.0,4,4,1,11,xw98qnqc,,,,,1
152,a7rllgfu,,0,54,53,post_experimental,FinalForProlific,2026-02-15 17:59:07.459052,1,,,0.0,1,,0.0,3,4,1,12,xw98qnqc,,,,,1
152,a7rllgfu,,0,54,53,post_experimental,FinalForProlific,2026-02-15 17:59:07.459052,1,,,0.0,1,,0.0,4,4,1,13,xw98qnqc,,,,,1
152,a7rllgfu,,0,54,53,post_experimental,FinalForProlific,2026-02-15 17:59:07.459052,1,,,0.0,1,,0.0,3,2,1,14,xw98qnqc,,,,,1
152,a7rllgfu,,0,54,53,post_experimental,FinalForProlific,2026-02-15 17:59:07.459052,1,,,0.0,1,,0.0,4,4,1,15,xw98qnqc,,,,,1
152,a7rllgfu,,0,54,53,post_experimental,FinalForProlific,2026-02-15 17:59:07.459052,1,,,0.0,1,,0.0,6,5,1,16,xw98qnqc,,,,,1
153,s5v0px0u,,0,54,53,post_experimental,FinalForProlific,2026-02-15 17:36:46.459052,1,,,0.0,1,,0.0,5,5,1,1,xw98qnqc,,,,,1
153,s5v0px0u,,0,54,53,post_experimental,FinalForProlific,2026-02-15 17:36:46.459052,1,,,0.0,1,,0.0,4,2,1,2,xw98qnqc,,,,,1
153,s5v0px0u,,0,54,53,post_experimental,FinalForProlific,2026-02-15 17:36:46.459052,1,,,0.0,1,,0.0,3,3,1,3,xw98qnqc,,,,,1
153,s5v0px0u,,0,54,53,post_experimental,FinalForProlific,2026-02-15 17:36:46.459052,1,,,0.0,1,,0.0,5,5,1,4,xw98qnqc,,,,,1
153,s5v0px0u,,0,54,53,post_experimental,FinalForProlific,2026-02-15 17:36:46.459052,1,,,0.0,1,,0.0,6,5,1,5,xw98qnqc,,,,,1
153,s5v0px0u,,0,54,53,post_experimental,FinalForProlific,2026-02-15 17:36:46.459052,1,,,0.0,1,,0.0,4,3,1,6,xw98qnqc,,,,,1
153,s5v0px0u,,0,54,53,post_experimental,FinalForProlific,2026-02-15 17:36:46.459052,1,,,0.0,1,,0.0,4,2,1,7,xw98qnqc,,,,,1
153,s5v0px0u,,0,54,53,post_experimental,FinalForProlific,2026-02-15 17:36:46.459052,1,,,0.0,1,,0.0,5,4,1,8,xw98qnqc,,,,,1
153,s5v0px0u,,0,54,53,post_experimental,FinalForProlific,2026-02-15 17:36:46.459052,1,,,0.0,1,,0.0,5,5,1,9,xw98qnqc,,,,,1
153,s5v0px0u,,0,54,53,post_experimental,FinalForProlific,2026-02-15 17:36:46.459052,1,,,0.0,1,,0.0,4,4,1,10,xw98qnqc,,,,,1
153,s5v0px0u,,0,54,53,post_experimental,FinalForProlific,2026-02-15 17:36:46.459052,1,,,0.0,1,,0.0,3,5,1,11,xw98qnqc,,,,,1
153,s5v0px0u,,0,54,53,post_experimental,FinalForProlific,2026-02-15 17:36:46.459052,1,,,0.0,1,,0.0,4,3,1,12,xw98qnqc,,,,,1
153,s5v0px0u,,0,54,53,post_experimental,FinalForProlific,2026-02-15 17:36:46.459052,1,,,0.0,1,,0.0,5,4,1,13,xw98qnqc,,,,,1
153,s5v0px0u,,0,54,53,post_experimental,FinalForProlific,2026-02-15 17:36:46.459052,1,,,0.0,1,,0.0,7,5,1,14,xw98qnqc,,,,,1
153,s5v0px0u,,0,54,53,post_experimental,FinalForProlific,2026-02-15 17:36:46.459052,1,,,0.0,1,,0.0,4,4,1,15,xw98qnqc,,,,,1
153,s5v0px0u,,0,54,53,post_experimental,FinalForProlific,2026-02-15 17:36:46.459052,1,,,0.0,1,,0.0,5,4,1,16,xw98qnqc,,,,,1
154,g8cdbyej,,0,54,53,post_experimental,FinalForProlific,2026-02-15 18:16:54.459052,1,,,0.0,1,,0.0,5,5,1,1,xw98qnqc,,,,,1
154,g8cdbyej,,0,54,53,post_experimental,FinalForProlific,2026-02-15 18:16:54.459052,1,,,0.0,1,,0.0,5,4,1,2,xw98qnqc,,,,,1
154,g8cdbyej,,0,54,53,post_experimental,FinalForProlific,2026-02-15 18:16:54.459052,1,,,0.0,1,,0.0,6,6,1,3,xw98qnqc,,,,,1
154,g8cdbyej,,0,54,53,post_experimental,FinalForProlific,2026-02-15 18:16:54.459052,1,,,0.0,1,,0.0,6,5,1,4,xw98qnqc,,,,,1
154,g8cdbyej,,0,54,53,post_experimental,FinalForProlific,2026-02-15 18:16:54.459052,1,,,0.0,1,,0.0,7,6,1,5,xw98qnqc,,,,,1
154,g8cdbyej,,0,54,53,post_experimental,FinalForProlific,2026-02-15 18:16:54.459052,1,,,0.0,1,,0.0,5,3,1,6,xw98qnqc,,,,,1
154,g8cdbyej,,0,54,53,post_experimental,FinalForProlific,2026-02-15 18:16:54.459052,1,,,0.0,1,,0.0,3,2,1,7,xw98qnqc,,,,,1
154,g8cdbyej,,0,54,53,post_experimental,FinalForProlific,2026-02-15 18:16:54.459052,1,,,0.0,1,,0.0,6,6,1,8,xw98qnqc,,,,,1
154,g8cdbyej,,0,54,53,post_experimental,FinalForProlific,2026-02-15 18:16:54.459052,1,,,0.0,1,,0.0,7,7,1,9,xw98qnqc,,,,,1
154,g8cdbyej,,0,54,53,post_experimental,FinalForProlific,2026-02-15 18:16:54.459052,1,,,0.0,1,,0.0,4,3,1,10,xw98qnqc,,,,,1
154,g8cdbyej,,0,54,53,post_experimental,FinalForProlific,2026-02-15 18:16:54.459052,1,,,0.0,1,,0.0,5,5,1,11,xw98qnqc,,,,,1
154,g8cdbyej,,0,54,53,post_experimental,FinalForProlific,2026-02-15 18:16:54.459052,1,,,0.0,1,,0.0,5,4,1,12,xw98qnqc,,,,,1
154,g8cdbyej,,0,54,53,post_experimental,FinalForProlific,2026-02-15 18:16:54.459052,1,,,0.0,1,,0.0,5,4,1,13,xw98qnqc,,,,,1
154,g8cdbyej,,0,54,53,post_experimental,FinalForProlific,2026-02-15 18:16:54.459052,1,,,0.0,1,,0.0,5,4,1,14,xw98qnqc,,,,,1
154,g8cdbyej,,0,54,53,post_experimental,FinalForProlific,2026-02-15 18:16:54.459052,1,,,0.0,1,,0.0,5,4,1,15,xw98qnqc,,,,,1
154,g8cdbyej,,0,54,53,post_experimental,FinalForProlific,2026-02-15 18:16:54.459052,1,,,0.0,1,,0.0,7,4,1,16,xw98qnqc,,,,,1
155,2xyqsgjg,,0,54,53,post_experimental,FinalForProlific,2026-02-15 17:25:22.459052,1,,,0.0,1,,0.0,3,3,1,1,xw98qnqc,,,,,1
155,2xyqsgjg,,0,54,53,post_experimental,FinalForProlific,2026-02-15 17:25:22.459052,1,,,0.0,1,,0.0,4,5,1,2,xw98qnqc,,,,,1
155,2xyqsgjg,,0,54,53,post_experimental,FinalForProlific,2026-02-15 17:25:22.459052,1,,,0.0,1,,0.0,3,3,1,3,xw98qnqc,,,,,1
155,2xyqsgjg,,0,54,53,post_experimental,FinalForProlific,2026-02-15 17:25:22.459052,1,,,0.0,1,,0.0,4,5,1,4,xw98qnqc,,,,,1
155,2xyqsgjg,,0,54,53,post_experimental,FinalForProlific,2026-02-15 17:25:22.459052,1,,,0.0,1,,0.0,4,5,1,5,xw98qnqc,,,,,1
155,2xyqsgjg,,0,54,53,post_experimental,FinalForProlific,2026-02-15 17:25:22.459052,1,,,0.0,1,,0.0,3,2,1,6,xw98qnqc,,,,,1
155,2xyqsgjg,,0,54,53,post_experimental,FinalForProlific,2026-02-15 17:25:22.459052,1,,,0.0,1,,0.0,3,3,1,7,xw98qnqc,,,,,1
155,2xyqsgjg,,0,54,53,post_experimental,FinalForProlific,2026-02-15 17:25:22.459052,1,,,0.0,1,,0.0,5,5,1,8,xw98qnqc,,,,,1
155,2xyqsgjg,,0,54,53,post_experimental,FinalForProlific,2026-02-15 17:25:22.459052,1,,,0.0,1,,0.0,5,5,1,9,xw98qnqc,,,,,1
155,2xyqsgjg,,0,54,53,post_experimental,FinalForProlific,2026-02-15 17:25:22.459052,1,,,0.0,1,,0.0,3,6,1,10,xw98qnqc,,,,,1
155,2xyqsgjg,,0,54,53,post_experimental,FinalForProlific,2026-02-15 17:25:22.459052,1,,,0.0,1,,0.0,3,2,1,11,xw98qnqc,,,,,1
155,2xyqsgjg,,0,54,53,post_experimental,FinalForProlific,2026-02-15 17:25:22.459052,1,,,0.0,1,,0.0,2,2,1,12,xw98qnqc,,,,,1
155,2xyqsgjg,,0,54,53,post_experimental,FinalForProlific,2026-02-15 17:25:22.459052,1,,,0.0,1,,0.0,2,4,1,13,xw98qnqc,,,,,1
155,2xyqsgjg,,0,54,53,post_experimental,FinalForProlific,2026-02-15 17:25:22.459052,1,,,0.0,1,,0.0,2,2,1,14,xw98qnqc,,,,,1
155,2xyqsgjg,,0,54,53,post_experimental,FinalForProlific,2026-02-15 17:25:22.459052,1,,,0.0,1,,0.0,3,2,1,15,xw98qnqc,,,,,1
155,2xyqsgjg,,0,54,53,post_experimental,FinalForProlific,2026-02-15 17:25:22.459052,1,,,0.0,1,,0.0,4,4,1,16,xw98qnqc,,,,,1
156,emslx2k5,,0,54,53,post_experimental,FinalForProlific,2026-02-15 17:58:18.459052,1,,,0.0,1,,0.0,5,5,1,1,xw98qnqc,,,,,1
156,emslx2k5,,0,54,53,post_experimental,FinalForProlific,2026-02-15 17:58:18.459052,1,,,0.0,1,,0.0,4,4,1,2,xw98qnqc,,,,,1
156,emslx2k5,,0,54,53,post_experimental,FinalForProlific,2026-02-15 17:58:18.459052,1,,,0.0,1,,0.0,3,2,1,3,xw98qnqc,,,,,1
156,emslx2k5,,0,54,53,post_experimental,FinalForProlific,2026-02-15 17:58:18.459052,1,,,0.0,1,,0.0,5,4,1,4,xw98qnqc,,,,,1
156,emslx2k5,,0,54,53,post_experimental,FinalForProlific,2026-02-15 17:58:18.459052,1,,,0.0,1,,0.0,4,5,1,5,xw98qnqc,,,,,1
156,emslx2k5,,0,54,53,post_experimental,FinalForProlific,2026-02-15 17:58:18.459052,1,,,0.0,1,,0.0,3,4,1,6,xw98qnqc,,,,,1
156,emslx2k5,,0,54,53,post_experimental,FinalForProlific,2026-02-15 17:58:18.459052,1,,,0.0,1,,0.0,2,4,1,7,xw98qnqc,,,,,1
156,emslx2k5,,0,54,53,post_experimental,FinalForProlific,2026-02-15 17:58:18.459052,1,,,0.0,1,,0.0,6,5,1,8,xw98qnqc,,,,,1
156,emslx2k5,,0,54,53,post_experimental,FinalForProlific,2026-02-15 17:58:18.459052,1,,,0.0,1,,0.0,5,5,1,9,xw98qnqc,,,,,1
156,emslx2k5,,0,54,53,post_experimental,FinalForProlific,2026-02-15 17:58:18.459052,1,,,0.0,1,,0.0,4,6,1,10,xw98qnqc,,,,,1
156,emslx2k5,,0,54,53,post_experimental,FinalForProlific,2026-02-15 17:58:18.459052,1,,,0.0,1,,0.0,4,4,1,11,xw98qnqc,,,,,1
156,emslx2k5,,0,54,53,post_experimental,FinalForProlific,2026-02-15 17:58:18.459052,1,,,0.0,1,,0.0,4,4,1,12,xw98qnqc,,,,,1
156,emslx2k5,,0,54,53,post_experimental,FinalForProlific,2026-02-15 17:58:18.459052,1,,,0.0,1,,0.0,4,3,1,13,xw98qnqc,,,,,1
156,emslx2k5,,0,54,53,post_experimental,FinalForProlific,2026-02-15 17:58:18.459052,1,,,0.0,1,,0.0,2,4,1,14,xw98qnqc,,,,,1
156,emslx2k5,,0,54,53,post_experimental,FinalForProlific,2026-02-15 17:58:18.459052,1,,,0.0,1,,0.0,4,3,1,15,xw98qnqc,,,,,1
156,emslx2k5,,0,54,53,post_experimental,FinalForProlific,2026-02-15 17:58:18.459052,1,,,0.0,1,,0.0,4,5,1,16,xw98qnqc,,,,,1
157,coouv9qs,,0,54,53,post_experimental,FinalForProlific,2026-02-15 18:16:33.459052,1,,,0.0,1,,0.0,5,4,1,1,xw98qnqc,,,,,1
157,coouv9qs,,0,54,53,post_experimental,FinalForProlific,2026-02-15 18:16:33.459052,1,,,0.0,1,,0.0,3,3,1,2,xw98qnqc,,,,,1
157,coouv9qs,,0,54,53,post_experimental,FinalForProlific,2026-02-15 18:16:33.459052,1,,,0.0,1,,0.0,2,3,1,3,xw98qnqc,,,,,1
157,coouv9qs,,0,54,53,post_experimental,FinalForProlific,2026-02-15 18:16:33.459052,1,,,0.0,1,,0.0,5,6,1,4,xw98qnqc,,,,,1
157,coouv9qs,,0,54,53,post_experimental,FinalForProlific,2026-02-15 18:16:33.459052,1,,,0.0,1,,0.0,6,6,1,5,xw98qnqc,,,,,1
157,coouv9qs,,0,54,53,post_experimental,FinalForProlific,2026-02-15 18:16:33.459052,1,,,0.0,1,,0.0,4,4,1,6,xw98qnqc,,,,,1
157,coouv9qs,,0,54,53,post_experimental,FinalForProlific,2026-02-15 18:16:33.459052,1,,,0.0,1,,0.0,4,2,1,7,xw98qnqc,,,,,1
157,coouv9qs,,0,54,53,post_experimental,FinalForProlific,2026-02-15 18:16:33.459052,1,,,0.0,1,,0.0,5,5,1,8,xw98qnqc,,,,,1
157,coouv9qs,,0,54,53,post_experimental,FinalForProlific,2026-02-15 18:16:33.459052,1,,,0.0,1,,0.0,3,3,1,9,xw98qnqc,,,,,1
157,coouv9qs,,0,54,53,post_experimental,FinalForProlific,2026-02-15 18:16:33.459052,1,,,0.0,1,,0.0,4,5,1,10,xw98qnqc,,,,,1
157,coouv9qs,,0,54,53,post_experimental,FinalForProlific,2026-02-15 18:16:33.459052,1,,,0.0,1,,0.0,4,3,1,11,xw98qnqc,,,,,1
157,coouv9qs,,0,54,53,post_experimental,FinalForProlific,2026-02-15 18:16:33.459052,1,,,0.0,1,,0.0,4,4,1,12,xw98qnqc,,,,,1
157,coouv9qs,,0,54,53,post_experimental,FinalForProlific,2026-02-15 18:16:33.459052,1,,,0.0,1,,0.0,4,4,1,13,xw98qnqc,,,,,1
157,coouv9qs,,0,54,53,post_experimental,FinalForProlific,2026-02-15 18:16:33.459052,1,,,0.0,1,,0.0,4,3,1,14,xw98qnqc,,,,,1
157,coouv9qs,,0,54,53,post_experimental,FinalForProlific,2026-02-15 18:16:33.459052,1,,,0.0,1,,0.0,2,1,1,15,xw98qnqc,,,,,1
157,coouv9qs,,0,54,53,post_experimental,FinalForProlific,2026-02-15 18:16:33.459052,1,,,0.0,1,,0.0,3,3,1,16,xw98qnqc,,,,,1
158,bi0tk5h7,,0,54,53,post_experimental,FinalForProlific,2026-02-15 17:52:58.459052,1,,,0.0,1,,0.0,3,4,1,1,xw98qnqc,,,,,1
158,bi0tk5h7,,0,54,53,post_experimental,FinalForProlific,2026-02-15 17:52:58.459052,1,,,0.0,1,,0.0,1,3,1,2,xw98qnqc,,,,,1
158,bi0tk5h7,,0,54,53,post_experimental,FinalForProlific,2026-02-15 17:52:58.459052,1,,,0.0,1,,0.0,1,1,1,3,xw98qnqc,,,,,1
158,bi0tk5h7,,0,54,53,post_experimental,FinalForProlific,2026-02-15 17:52:58.459052,1,,,0.0,1,,0.0,5,5,1,4,xw98qnqc,,,,,1
158,bi0tk5h7,,0,54,53,post_experimental,FinalForProlific,2026-02-15 17:52:58.459052,1,,,0.0,1,,0.0,3,4,1,5,xw98qnqc,,,,,1
158,bi0tk5h7,,0,54,53,post_experimental,FinalForProlific,2026-02-15 17:52:58.459052,1,,,0.0,1,,0.0,1,2,1,6,xw98qnqc,,,,,1
158,bi0tk5h7,,0,54,53,post_experimental,FinalForProlific,2026-02-15 17:52:58.459052,1,,,0.0,1,,0.0,1,2,1,7,xw98qnqc,,,,,1
158,bi0tk5h7,,0,54,53,post_experimental,FinalForProlific,2026-02-15 17:52:58.459052,1,,,0.0,1,,0.0,4,5,1,8,xw98qnqc,,,,,1
158,bi0tk5h7,,0,54,53,post_experimental,FinalForProlific,2026-02-15 17:52:58.459052,1,,,0.0,1,,0.0,3,4,1,9,xw98qnqc,,,,,1
158,bi0tk5h7,,0,54,53,post_experimental,FinalForProlific,2026-02-15 17:52:58.459052,1,,,0.0,1,,0.0,3,5,1,10,xw98qnqc,,,,,1
158,bi0tk5h7,,0,54,53,post_experimental,FinalForProlific,2026-02-15 17:52:58.459052,1,,,0.0,1,,0.0,2,4,1,11,xw98qnqc,,,,,1
158,bi0tk5h7,,0,54,53,post_experimental,FinalForProlific,2026-02-15 17:52:58.459052,1,,,0.0,1,,0.0,3,5,1,12,xw98qnqc,,,,,1
158,bi0tk5h7,,0,54,53,post_experimental,FinalForProlific,2026-02-15 17:52:58.459052,1,,,0.0,1,,0.0,3,4,1,13,xw98qnqc,,,,,1
158,bi0tk5h7,,0,54,53,post_experimental,FinalForProlific,2026-02-15 17:52:58.459052,1,,,0.0,1,,0.0,2,2,1,14,xw98qnqc,,,,,1
158,bi0tk5h7,,0,54,53,post_experimental,FinalForProlific,2026-02-15 17:52:58.459052,1,,,0.0,1,,0.0,1,3,1,15,xw98qnqc,,,,,1
158,bi0tk5h7,,0,54,53,post_experimental,FinalForProlific,2026-02-15 17:52:58.459052,1,,,0.0,1,,0.0,3,5,1,16,xw98qnqc,,,,,1
159,scte9ad7,,0,54,53,post_experimental,FinalForProlific,2026-02-15 18:11:40.459052,1,,,0.0,1,,0.0,5,6,1,1,xw98qnqc,,,,,1
159,scte9ad7,,0,54,53,post_experimental,FinalForProlific,2026-02-15 18:11:40.459052,1,,,0.0,1,,0.0,4,3,1,2,xw98qnqc,,,,,1
159,scte9ad7,,0,54,53,post_experimental,FinalForProlific,2026-02-15 18:11:40.459052,1,,,0.0,1,,0.0,3,3,1,3,xw98qnqc,,,,,1
159,scte9ad7,,0,54,53,post_experimental,FinalForProlific,2026-02-15 18:11:40.459052,1,,,0.0,1,,0.0,5,4,1,4,xw98qnqc,,,,,1
159,scte9ad7,,0,54,53,post_experimental,FinalForProlific,2026-02-15 18:11:40.459052,1,,,0.0,1,,0.0,5,3,1,5,xw98qnqc,,,,,1
159,scte9ad7,,0,54,53,post_experimental,FinalForProlific,2026-02-15 18:11:40.459052,1,,,0.0,1,,0.0,4,4,1,6,xw98qnqc,,,,,1
159,scte9ad7,,0,54,53,post_experimental,FinalForProlific,2026-02-15 18:11:40.459052,1,,,0.0,1,,0.0,3,3,1,7,xw98qnqc,,,,,1
159,scte9ad7,,0,54,53,post_experimental,FinalForProlific,2026-02-15 18:11:40.459052,1,,,0.0,1,,0.0,6,5,1,8,xw98qnqc,,,,,1
159,scte9ad7,,0,54,53,post_experimental,FinalForProlific,2026-02-15 18:11:40.459052,1,,,0.0,1,,0.0,5,6,1,9,xw98qnqc,,,,,1
159,scte9ad7,,0,54,53,post_experimental,FinalForProlific,2026-02-15 18:11:40.459052,1,,,0.0,1,,0.0,4,5,1,10,xw98qnqc,,,,,1
159,scte9ad7,,0,54,53,post_experimental,FinalForProlific,2026-02-15 18:11:40.459052,1,,,0.0,1,,0.0,4,4,1,11,xw98qnqc,,,,,1
159,scte9ad7,,0,54,53,post_experimental,FinalForProlific,2026-02-15 18:11:40.459052,1,,,0.0,1,,0.0,3,5,1,12,xw98qnqc,,,,,1
159,scte9ad7,,0,54,53,post_experimental,FinalForProlific,2026-02-15 18:11:40.459052,1,,,0.0,1,,0.0,4,3,1,13,xw98qnqc,,,,,1
159,scte9ad7,,0,54,53,post_experimental,FinalForProlific,2026-02-15 18:11:40.459052,1,,,0.0,1,,0.0,4,5,1,14,xw98qnqc,,,,,1
159,scte9ad7,,0,54,53,post_experimental,FinalForProlific,2026-02-15 18:11:40.459052,1,,,0.0,1,,0.0,3,3,1,15,xw98qnqc,,,,,1
159,scte9ad7,,0,54,53,post_experimental,FinalForProlific,2026-02-15 18:11:40.459052,1,,,0.0,1,,0.0,4,5,1,16,xw98qnqc,,,,,1
160,i48h8tkd,,0,54,53,post_experimental,FinalForProlific,2026-02-15 17:33:34.459052,1,,,0.0,1,,0.0,4,3,1,1,xw98qnqc,,,,,1
160,i48h8tkd,,0,54,53,post_experimental,FinalForProlific,2026-02-15 17:33:34.459052,1,,,0.0,1,,0.0,4,4,1,2,xw98qnqc,,,,,1
160,i48h8tkd,,0,54,53,post_experimental,FinalForProlific,2026-02-15 17:33:34.459052,1,,,0.0,1,,0.0,4,5,1,3,xw98qnqc,,,,,1
160,i48h8tkd,,0,54,53,post_experimental,FinalForProlific,2026-02-15 17:33:34.459052,1,,,0.0,1,,0.0,4,4,1,4,xw98qnqc,,,,,1
160,i48h8tkd,,0,54,53,post_experimental,FinalForProlific,2026-02-15 17:33:34.459052,1,,,0.0,1,,0.0,6,6,1,5,xw98qnqc,,,,,1
160,i48h8tkd,,0,54,53,post_experimental,FinalForProlific,2026-02-15 17:33:34.459052,1,,,0.0,1,,0.0,3,3,1,6,xw98qnqc,,,,,1
160,i48h8tkd,,0,54,53,post_experimental,FinalForProlific,2026-02-15 17:33:34.459052,1,,,0.0,1,,0.0,3,2,1,7,xw98qnqc,,,,,1
160,i48h8tkd,,0,54,53,post_experimental,FinalForProlific,2026-02-15 17:33:34.459052,1,,,0.0,1,,0.0,6,7,1,8,xw98qnqc,,,,,1
160,i48h8tkd,,0,54,53,post_experimental,FinalForProlific,2026-02-15 17:33:34.459052,1,,,0.0,1,,0.0,4,4,1,9,xw98qnqc,,,,,1
160,i48h8tkd,,0,54,53,post_experimental,FinalForProlific,2026-02-15 17:33:34.459052,1,,,0.0,1,,0.0,3,3,1,10,xw98qnqc,,,,,1
160,i48h8tkd,,0,54,53,post_experimental,FinalForProlific,2026-02-15 17:33:34.459052,1,,,0.0,1,,0.0,4,4,1,11,xw98qnqc,,,,,1
160,i48h8tkd,,0,54,53,post_experimental,FinalForProlific,2026-02-15 17:33:34.459052,1,,,0.0,1,,0.0,4,4,1,12,xw98qnqc,,,,,1
160,i48h8tkd,,0,54,53,post_experimental,FinalForProlific,2026-02-15 17:33:34.459052,1,,,0.0,1,,0.0,3,4,1,13,xw98qnqc,,,,,1
160,i48h8tkd,,0,54,53,post_experimental,FinalForProlific,2026-02-15 17:33:34.459052,1,,,0.0,1,,0.0,4,5,1,14,xw98qnqc,,,,,1
160,i48h8tkd,,0,54,53,post_experimental,FinalForProlific,2026-02-15 17:33:34.459052,1,,,0.0,1,,0.0,5,5,1,15,xw98qnqc,,,,,1
160,i48h8tkd,,0,54,53,post_experimental,FinalForProlific,2026-02-15 17:33:34.459052,1,,,0.0,1,,0.0,4,3,1,16,xw98qnqc,,,,,1
161,zvnrwlpg,,0,54,53,post_experimental,FinalForProlific,2026-02-15 17:54:32.459052,1,,,0.0,1,,0.0,5,5,1,1,xw98qnqc,,,,,1
161,zvnrwlpg,,0,54,53,post_experimental,FinalForProlific,2026-02-15 17:54:32.459052,1,,,0.0,1,,0.0,3,3,1,2,xw98qnqc,,,,,1
161,zvnrwlpg,,0,54,53,post_experimental,FinalForProlific,2026-02-15 17:54:32.459052,1,,,0.0,1,,0.0,3,1,1,3,xw98qnqc,,,,,1
161,zvnrwlpg,,0,54,53,post_experimental,FinalForProlific,2026-02-15 17:54:32.459052,1,,,0.0,1,,0.0,5,4,1,4,xw98qnqc,,,,,1
161,zvnrwlpg,,0,54,53,post_experimental,FinalForProlific,2026-02-15 17:54:32.459052,1,,,0.0,1,,0.0,5,4,1,5,xw98qnqc,,,,,1
161,zvnrwlpg,,0,54,53,post_experimental,FinalForProlific,2026-02-15 17:54:32.459052,1,,,0.0,1,,0.0,3,3,1,6,xw98qnqc,,,,,1
161,zvnrwlpg,,0,54,53,post_experimental,FinalForProlific,2026-02-15 17:54:32.459052,1,,,0.0,1,,0.0,2,1,1,7,xw98qnqc,,,,,1
161,zvnrwlpg,,0,54,53,post_experimental,FinalForProlific,2026-02-15 17:54:32.459052,1,,,0.0,1,,0.0,4,4,1,8,xw98qnqc,,,,,1
161,zvnrwlpg,,0,54,53,post_experimental,FinalForProlific,2026-02-15 17:54:32.459052,1,,,0.0,1,,0.0,4,5,1,9,xw98qnqc,,,,,1
161,zvnrwlpg,,0,54,53,post_experimental,FinalForProlific,2026-02-15 17:54:32.459052,1,,,0.0,1,,0.0,3,3,1,10,xw98qnqc,,,,,1
161,zvnrwlpg,,0,54,53,post_experimental,FinalForProlific,2026-02-15 17:54:32.459052,1,,,0.0,1,,0.0,5,5,1,11,xw98qnqc,,,,,1
161,zvnrwlpg,,0,54,53,post_experimental,FinalForProlific,2026-02-15 17:54:32.459052,1,,,0.0,1,,0.0,6,5,1,12,xw98qnqc,,,,,1
161,zvnrwlpg,,0,54,53,post_experimental,FinalForProlific,2026-02-15 17:54:32.459052,1,,,0.0,1,,0.0,5,5,1,13,xw98qnqc,,,,,1
161,zvnrwlpg,,0,54,53,post_experimental,FinalForProlific,2026-02-15 17:54:32.459052,1,,,0.0,1,,0.0,4,4,1,14,xw98qnqc,,,,,1
161,zvnrwlpg,,0,54,53,post_experimental,FinalForProlific,2026-02-15 17:54:32.459052,1,,,0.0,1,,0.0,4,3,1,15,xw98qnqc,,,,,1
161,zvnrwlpg,,0,54,53,post_experimental,FinalForProlific,2026-02-15 17:54:32.459052,1,,,0.0,1,,0.0,5,2,1,16,xw98qnqc,,,,,1
162,8gy6ov1t,,0,54,53,post_experimental,FinalForProlific,2026-02-15 17:59:09.459052,1,,,0.0,1,,0.0,2,3,1,1,xw98qnqc,,,,,1
162,8gy6ov1t,,0,54,53,post_experimental,FinalForProlific,2026-02-15 17:59:09.459052,1,,,0.0,1,,0.0,3,3,1,2,xw98qnqc,,,,,1
162,8gy6ov1t,,0,54,53,post_experimental,FinalForProlific,2026-02-15 17:59:09.459052,1,,,0.0,1,,0.0,3,3,1,3,xw98qnqc,,,,,1
162,8gy6ov1t,,0,54,53,post_experimental,FinalForProlific,2026-02-15 17:59:09.459052,1,,,0.0,1,,0.0,5,6,1,4,xw98qnqc,,,,,1
162,8gy6ov1t,,0,54,53,post_experimental,FinalForProlific,2026-02-15 17:59:09.459052,1,,,0.0,1,,0.0,5,5,1,5,xw98qnqc,,,,,1
162,8gy6ov1t,,0,54,53,post_experimental,FinalForProlific,2026-02-15 17:59:09.459052,1,,,0.0,1,,0.0,4,3,1,6,xw98qnqc,,,,,1
162,8gy6ov1t,,0,54,53,post_experimental,FinalForProlific,2026-02-15 17:59:09.459052,1,,,0.0,1,,0.0,3,2,1,7,xw98qnqc,,,,,1
162,8gy6ov1t,,0,54,53,post_experimental,FinalForProlific,2026-02-15 17:59:09.459052,1,,,0.0,1,,0.0,3,4,1,8,xw98qnqc,,,,,1
162,8gy6ov1t,,0,54,53,post_experimental,FinalForProlific,2026-02-15 17:59:09.459052,1,,,0.0,1,,0.0,4,4,1,9,xw98qnqc,,,,,1
162,8gy6ov1t,,0,54,53,post_experimental,FinalForProlific,2026-02-15 17:59:09.459052,1,,,0.0,1,,0.0,5,4,1,10,xw98qnqc,,,,,1
162,8gy6ov1t,,0,54,53,post_experimental,FinalForProlific,2026-02-15 17:59:09.459052,1,,,0.0,1,,0.0,2,3,1,11,xw98qnqc,,,,,1
162,8gy6ov1t,,0,54,53,post_experimental,FinalForProlific,2026-02-15 17:59:09.459052,1,,,0.0,1,,0.0,4,2,1,12,xw98qnqc,,,,,1
162,8gy6ov1t,,0,54,53,post_experimental,FinalForProlific,2026-02-15 17:59:09.459052,1,,,0.0,1,,0.0,3,4,1,13,xw98qnqc,,,,,1
162,8gy6ov1t,,0,54,53,post_experimental,FinalForProlific,2026-02-15 17:59:09.459052,1,,,0.0,1,,0.0,3,3,1,14,xw98qnqc,,,,,1
162,8gy6ov1t,,0,54,53,post_experimental,FinalForProlific,2026-02-15 17:59:09.459052,1,,,0.0,1,,0.0,4,3,1,15,xw98qnqc,,,,,1
162,8gy6ov1t,,0,54,53,post_experimental,FinalForProlific,2026-02-15 17:59:09.459052,1,,,0.0,1,,0.0,3,3,1,16,xw98qnqc,,,,,1
163,fi1re0z6,,0,54,53,post_experimental,FinalForProlific,2026-02-15 17:22:05.459052,1,,,0.0,1,,0.0,5,5,1,1,xw98qnqc,,,,,1
163,fi1re0z6,,0,54,53,post_experimental,FinalForProlific,2026-02-15 17:22:05.459052,1,,,0.0,1,,0.0,5,4,1,2,xw98qnqc,,,,,1
163,fi1re0z6,,0,54,53,post_experimental,FinalForProlific,2026-02-15 17:22:05.459052,1,,,0.0,1,,0.0,6,5,1,3,xw98qnqc,,,,,1
163,fi1re0z6,,0,54,53,post_experimental,FinalForProlific,2026-02-15 17:22:05.459052,1,,,0.0,1,,0.0,7,4,1,4,xw98qnqc,,,,,1
163,fi1re0z6,,0,54,53,post_experimental,FinalForProlific,2026-02-15 17:22:05.459052,1,,,0.0,1,,0.0,5,5,1,5,xw98qnqc,,,,,1
163,fi1re0z6,,0,54,53,post_experimental,FinalForProlific,2026-02-15 17:22:05.459052,1,,,0.0,1,,0.0,5,4,1,6,xw98qnqc,,,,,1
163,fi1re0z6,,0,54,53,post_experimental,FinalForProlific,2026-02-15 17:22:05.459052,1,,,0.0,1,,0.0,4,4,1,7,xw98qnqc,,,,,1
163,fi1re0z6,,0,54,53,post_experimental,FinalForProlific,2026-02-15 17:22:05.459052,1,,,0.0,1,,0.0,6,4,1,8,xw98qnqc,,,,,1
163,fi1re0z6,,0,54,53,post_experimental,FinalForProlific,2026-02-15 17:22:05.459052,1,,,0.0,1,,0.0,7,6,1,9,xw98qnqc,,,,,1
163,fi1re0z6,,0,54,53,post_experimental,FinalForProlific,2026-02-15 17:22:05.459052,1,,,0.0,1,,0.0,6,5,1,10,xw98qnqc,,,,,1
163,fi1re0z6,,0,54,53,post_experimental,FinalForProlific,2026-02-15 17:22:05.459052,1,,,0.0,1,,0.0,6,3,1,11,xw98qnqc,,,,,1
163,fi1re0z6,,0,54,53,post_experimental,FinalForProlific,2026-02-15 17:22:05.459052,1,,,0.0,1,,0.0,5,5,1,12,xw98qnqc,,,,,1
163,fi1re0z6,,0,54,53,post_experimental,FinalForProlific,2026-02-15 17:22:05.459052,1,,,0.0,1,,0.0,5,6,1,13,xw98qnqc,,,,,1
163,fi1re0z6,,0,54,53,post_experimental,FinalForProlific,2026-02-15 17:22:05.459052,1,,,0.0,1,,0.0,5,4,1,14,xw98qnqc,,,,,1
163,fi1re0z6,,0,54,53,post_experimental,FinalForProlific,2026-02-15 17:22:05.459052,1,,,0.0,1,,0.0,6,5,1,15,xw98qnqc,,,,,1
163,fi1re0z6,,0,54,53,post_experimental,FinalForProlific,2026-02-15 17:22:05.459052,1,,,0.0,1,,0.0,6,4,1,16,xw98qnqc,,,,,1
164,vef9s7e7,,0,54,53,post_experimental,FinalForProlific,2026-02-15 18:16:28.459052,1,,,0.0,1,,0.0,6,4,1,1,xw98qnqc,,,,,1
164,vef9s7e7,,0,54,53,post_experimental,FinalForProlific,2026-02-15 18:16:28.459052,1,,,0.0,1,,0.0,5,2,1,2,xw98qnqc,,,,,1
164,vef9s7e7,,0,54,53,post_experimental,FinalForProlific,2026-02-15 18:16:28.459052,1,,,0.0,1,,0.0,4,3,1,3,xw98qnqc,,,,,1
164,vef9s7e7,,0,54,53,post_experimental,FinalForProlific,2026-02-15 18:16:28.459052,1,,,0.0,1,,0.0,4,3,1,4,xw98qnqc,,,,,1
164,vef9s7e7,,0,54,53,post_experimental,FinalForProlific,2026-02-15 18:16:28.459052,1,,,0.0,1,,0.0,6,6,1,5,xw98qnqc,,,,,1
164,vef9s7e7,,0,54,53,post_experimental,FinalForProlific,2026-02-15 18:16:28.459052,1,,,0.0,1,,0.0,4,3,1,6,xw98qnqc,,,,,1
164,vef9s7e7,,0,54,53,post_experimental,FinalForProlific,2026-02-15 18:16:28.459052,1,,,0.0,1,,0.0,2,1,1,7,xw98qnqc,,,,,1
164,vef9s7e7,,0,54,53,post_experimental,FinalForProlific,2026-02-15 18:16:28.459052,1,,,0.0,1,,0.0,5,4,1,8,xw98qnqc,,,,,1
164,vef9s7e7,,0,54,53,post_experimental,FinalForProlific,2026-02-15 18:16:28.459052,1,,,0.0,1,,0.0,4,4,1,9,xw98qnqc,,,,,1
164,vef9s7e7,,0,54,53,post_experimental,FinalForProlific,2026-02-15 18:16:28.459052,1,,,0.0,1,,0.0,4,3,1,10,xw98qnqc,,,,,1
164,vef9s7e7,,0,54,53,post_experimental,FinalForProlific,2026-02-15 18:16:28.459052,1,,,0.0,1,,0.0,4,4,1,11,xw98qnqc,,,,,1
164,vef9s7e7,,0,54,53,post_experimental,FinalForProlific,2026-02-15 18:16:28.459052,1,,,0.0,1,,0.0,5,4,1,12,xw98qnqc,,,,,1
164,vef9s7e7,,0,54,53,post_experimental,FinalForProlific,2026-02-15 18:16:28.459052,1,,,0.0,1,,0.0,4,4,1,13,xw98qnqc,,,,,1
164,vef9s7e7,,0,54,53,post_experimental,FinalForProlific,2026-02-15 18:16:28.459052,1,,,0.0,1,,0.0,5,6,1,14,xw98qnqc,,,,,1
164,vef9s7e7,,0,54,53,post_experimental,FinalForProlific,2026-02-15 18:16:28.459052,1,,,0.0,1,,0.0,3,4,1,15,xw98qnqc,,,,,1
164,vef9s7e7,,0,54,53,post_experimental,FinalForProlific,2026-02-15 18:16:28.459052,1,,,0.0,1,,0.0,5,4,1,16,xw98qnqc,,,,,1
165,lvsqgct8,,0,54,53,post_experimental,FinalForProlific,2026-02-15 18:10:22.459052,1,,,0.0,1,,0.0,4,3,1,1,xw98qnqc,,,,,1
165,lvsqgct8,,0,54,53,post_experimental,FinalForProlific,2026-02-15 18:10:22.459052,1,,,0.0,1,,0.0,3,3,1,2,xw98qnqc,,,,,1
165,lvsqgct8,,0,54,53,post_experimental,FinalForProlific,2026-02-15 18:10:22.459052,1,,,0.0,1,,0.0,4,3,1,3,xw98qnqc,,,,,1
165,lvsqgct8,,0,54,53,post_experimental,FinalForProlific,2026-02-15 18:10:22.459052,1,,,0.0,1,,0.0,4,5,1,4,xw98qnqc,,,,,1
165,lvsqgct8,,0,54,53,post_experimental,FinalForProlific,2026-02-15 18:10:22.459052,1,,,0.0,1,,0.0,4,6,1,5,xw98qnqc,,,,,1
165,lvsqgct8,,0,54,53,post_experimental,FinalForProlific,2026-02-15 18:10:22.459052,1,,,0.0,1,,0.0,3,3,1,6,xw98qnqc,,,,,1
165,lvsqgct8,,0,54,53,post_experimental,FinalForProlific,2026-02-15 18:10:22.459052,1,,,0.0,1,,0.0,3,3,1,7,xw98qnqc,,,,,1
165,lvsqgct8,,0,54,53,post_experimental,FinalForProlific,2026-02-15 18:10:22.459052,1,,,0.0,1,,0.0,5,4,1,8,xw98qnqc,,,,,1
165,lvsqgct8,,0,54,53,post_experimental,FinalForProlific,2026-02-15 18:10:22.459052,1,,,0.0,1,,0.0,5,6,1,9,xw98qnqc,,,,,1
165,lvsqgct8,,0,54,53,post_experimental,FinalForProlific,2026-02-15 18:10:22.459052,1,,,0.0,1,,0.0,4,4,1,10,xw98qnqc,,,,,1
165,lvsqgct8,,0,54,53,post_experimental,FinalForProlific,2026-02-15 18:10:22.459052,1,,,0.0,1,,0.0,4,4,1,11,xw98qnqc,,,,,1
165,lvsqgct8,,0,54,53,post_experimental,FinalForProlific,2026-02-15 18:10:22.459052,1,,,0.0,1,,0.0,5,5,1,12,xw98qnqc,,,,,1
165,lvsqgct8,,0,54,53,post_experimental,FinalForProlific,2026-02-15 18:10:22.459052,1,,,0.0,1,,0.0,4,5,1,13,xw98qnqc,,,,,1
165,lvsqgct8,,0,54,53,post_experimental,FinalForProlific,2026-02-15 18:10:22.459052,1,,,0.0,1,,0.0,3,4,1,14,xw98qnqc,,,,,1
165,lvsqgct8,,0,54,53,post_experimental,FinalForProlific,2026-02-15 18:10:22.459052,1,,,0.0,1,,0.0,4,4,1,15,xw98qnqc,,,,,1
165,lvsqgct8,,0,54,53,post_experimental,FinalForProlific,2026-02-15 18:10:22.459052,1,,,0.0,1,,0.0,5,4,1,16,xw98qnqc,,,,,1
166,h9nlmobv,,0,54,53,post_experimental,FinalForProlific,2026-02-15 18:08:09.459052,1,,,0.0,1,,0.0,6,6,1,1,xw98qnqc,,,,,1
166,h9nlmobv,,0,54,53,post_experimental,FinalForProlific,2026-02-15 18:08:09.459052,1,,,0.0,1,,0.0,3,3,1,2,xw98qnqc,,,,,1
166,h9nlmobv,,0,54,53,post_experimental,FinalForProlific,2026-02-15 18:08:09.459052,1,,,0.0,1,,0.0,2,3,1,3,xw98qnqc,,,,,1
166,h9nlmobv,,0,54,53,post_experimental,FinalForProlific,2026-02-15 18:08:09.459052,1,,,0.0,1,,0.0,5,5,1,4,xw98qnqc,,,,,1
166,h9nlmobv,,0,54,53,post_experimental,FinalForProlific,2026-02-15 18:08:09.459052,1,,,0.0,1,,0.0,6,5,1,5,xw98qnqc,,,,,1
166,h9nlmobv,,0,54,53,post_experimental,FinalForProlific,2026-02-15 18:08:09.459052,1,,,0.0,1,,0.0,2,3,1,6,xw98qnqc,,,,,1
166,h9nlmobv,,0,54,53,post_experimental,FinalForProlific,2026-02-15 18:08:09.459052,1,,,0.0,1,,0.0,3,3,1,7,xw98qnqc,,,,,1
166,h9nlmobv,,0,54,53,post_experimental,FinalForProlific,2026-02-15 18:08:09.459052,1,,,0.0,1,,0.0,5,7,1,8,xw98qnqc,,,,,1
166,h9nlmobv,,0,54,53,post_experimental,FinalForProlific,2026-02-15 18:08:09.459052,1,,,0.0,1,,0.0,4,4,1,9,xw98qnqc,,,,,1
166,h9nlmobv,,0,54,53,post_experimental,FinalForProlific,2026-02-15 18:08:09.459052,1,,,0.0,1,,0.0,4,4,1,10,xw98qnqc,,,,,1
166,h9nlmobv,,0,54,53,post_experimental,FinalForProlific,2026-02-15 18:08:09.459052,1,,,0.0,1,,0.0,5,3,1,11,xw98qnqc,,,,,1
166,h9nlmobv,,0,54,53,post_experimental,FinalForProlific,2026-02-15 18:08:09.459052,1,,,0.0,1,,0.0,6,6,1,12,xw98qnqc,,,,,1
166,h9nlmobv,,0,54,53,post_experimental,FinalForProlific,2026-02-15 18:08:09.459052,1,,,0.0,1,,0.0,5,5,1,13,xw98qnqc,,,,,1
166,h9nlmobv,,0,54,53,post_experimental,FinalForProlific,2026-02-15 18:08:09.459052,1,,,0.0,1,,0.0,5,4,1,14,xw98qnqc,,,,,1
166,h9nlmobv,,0,54,53,post_experimental,FinalForProlific,2026-02-15 18:08:09.459052,1,,,0.0,1,,0.0,4,4,1,15,xw98qnqc,,,,,1
166,h9nlmobv,,0,54,53,post_experimental,FinalForProlific,2026-02-15 18:08:09.459052,1,,,0.0,1,,0.0,3,3,1,16,xw98qnqc,,,,,1
167,lm921ykz,,0,54,53,post_experimental,FinalForProlific,2026-02-15 18:13:40.459052,1,,,0.0,1,,0.0,2,2,1,1,xw98qnqc,,,,,1
167,lm921ykz,,0,54,53,post_experimental,FinalForProlific,2026-02-15 18:13:40.459052,1,,,0.0,1,,0.0,3,3,1,2,xw98qnqc,,,,,1
167,lm921ykz,,0,54,53,post_experimental,FinalForProlific,2026-02-15 18:13:40.459052,1,,,0.0,1,,0.0,1,3,1,3,xw98qnqc,,,,,1
167,lm921ykz,,0,54,53,post_experimental,FinalForProlific,2026-02-15 18:13:40.459052,1,,,0.0,1,,0.0,4,3,1,4,xw98qnqc,,,,,1
167,lm921ykz,,0,54,53,post_experimental,FinalForProlific,2026-02-15 18:13:40.459052,1,,,0.0,1,,0.0,6,6,1,5,xw98qnqc,,,,,1
167,lm921ykz,,0,54,53,post_experimental,FinalForProlific,2026-02-15 18:13:40.459052,1,,,0.0,1,,0.0,1,3,1,6,xw98qnqc,,,,,1
167,lm921ykz,,0,54,53,post_experimental,FinalForProlific,2026-02-15 18:13:40.459052,1,,,0.0,1,,0.0,3,2,1,7,xw98qnqc,,,,,1
167,lm921ykz,,0,54,53,post_experimental,FinalForProlific,2026-02-15 18:13:40.459052,1,,,0.0,1,,0.0,4,4,1,8,xw98qnqc,,,,,1
167,lm921ykz,,0,54,53,post_experimental,FinalForProlific,2026-02-15 18:13:40.459052,1,,,0.0,1,,0.0,5,3,1,9,xw98qnqc,,,,,1
167,lm921ykz,,0,54,53,post_experimental,FinalForProlific,2026-02-15 18:13:40.459052,1,,,0.0,1,,0.0,4,3,1,10,xw98qnqc,,,,,1
167,lm921ykz,,0,54,53,post_experimental,FinalForProlific,2026-02-15 18:13:40.459052,1,,,0.0,1,,0.0,4,1,1,11,xw98qnqc,,,,,1
167,lm921ykz,,0,54,53,post_experimental,FinalForProlific,2026-02-15 18:13:40.459052,1,,,0.0,1,,0.0,3,5,1,12,xw98qnqc,,,,,1
167,lm921ykz,,0,54,53,post_experimental,FinalForProlific,2026-02-15 18:13:40.459052,1,,,0.0,1,,0.0,4,3,1,13,xw98qnqc,,,,,1
167,lm921ykz,,0,54,53,post_experimental,FinalForProlific,2026-02-15 18:13:40.459052,1,,,0.0,1,,0.0,3,4,1,14,xw98qnqc,,,,,1
167,lm921ykz,,0,54,53,post_experimental,FinalForProlific,2026-02-15 18:13:40.459052,1,,,0.0,1,,0.0,3,3,1,15,xw98qnqc,,,,,1
167,lm921ykz,,0,54,53,post_experimental,FinalForProlific,2026-02-15 18:13:40.459052,1,,,0.0,1,,0.0,3,3,1,16,xw98qnqc,,,,,1
168,2p4pwqx9,,0,54,53,post_experimental,FinalForProlific,2026-02-15 17:08:22.459052,1,,,0.0,1,,0.0,5,4,1,1,xw98qnqc,,,,,1
168,2p4pwqx9,,0,54,53,post_experimental,FinalForProlific,2026-02-15 17:08:22.459052,1,,,0.0,1,,0.0,3,3,1,2,xw98qnqc,,,,,1
168,2p4pwqx9,,0,54,53,post_experimental,FinalForProlific,2026-02-15 17:08:22.459052,1,,,0.0,1,,0.0,4,2,1,3,xw98qnqc,,,,,1
168,2p4pwqx9,,0,54,53,post_experimental,FinalForProlific,2026-02-15 17:08:22.459052,1,,,0.0,1,,0.0,6,6,1,4,xw98qnqc,,,,,1
168,2p4pwqx9,,0,54,53,post_experimental,FinalForProlific,2026-02-15 17:08:22.459052,1,,,0.0,1,,0.0,5,5,1,5,xw98qnqc,,,,,1
168,2p4pwqx9,,0,54,53,post_experimental,FinalForProlific,2026-02-15 17:08:22.459052,1,,,0.0,1,,0.0,3,3,1,6,xw98qnqc,,,,,1
168,2p4pwqx9,,0,54,53,post_experimental,FinalForProlific,2026-02-15 17:08:22.459052,1,,,0.0,1,,0.0,4,4,1,7,xw98qnqc,,,,,1
168,2p4pwqx9,,0,54,53,post_experimental,FinalForProlific,2026-02-15 17:08:22.459052,1,,,0.0,1,,0.0,5,5,1,8,xw98qnqc,,,,,1
168,2p4pwqx9,,0,54,53,post_experimental,FinalForProlific,2026-02-15 17:08:22.459052,1,,,0.0,1,,0.0,5,4,1,9,xw98qnqc,,,,,1
168,2p4pwqx9,,0,54,53,post_experimental,FinalForProlific,2026-02-15 17:08:22.459052,1,,,0.0,1,,0.0,5,4,1,10,xw98qnqc,,,,,1
168,2p4pwqx9,,0,54,53,post_experimental,FinalForProlific,2026-02-15 17:08:22.459052,1,,,0.0,1,,0.0,4,3,1,11,xw98qnqc,,,,,1
168,2p4pwqx9,,0,54,53,post_experimental,FinalForProlific,2026-02-15 17:08:22.459052,1,,,0.0,1,,0.0,4,5,1,12,xw98qnqc,,,,,1
168,2p4pwqx9,,0,54,53,post_experimental,FinalForProlific,2026-02-15 17:08:22.459052,1,,,0.0,1,,0.0,3,3,1,13,xw98qnqc,,,,,1
168,2p4pwqx9,,0,54,53,post_experimental,FinalForProlific,2026-02-15 17:08:22.459052,1,,,0.0,1,,0.0,3,3,1,14,xw98qnqc,,,,,1
168,2p4pwqx9,,0,54,53,post_experimental,FinalForProlific,2026-02-15 17:08:22.459052,1,,,0.0,1,,0.0,4,4,1,15,xw98qnqc,,,,,1
168,2p4pwqx9,,0,54,53,post_experimental,FinalForProlific,2026-02-15 17:08:22.459052,1,,,0.0,1,,0.0,4,3,1,16,xw98qnqc,,,,,1
169,hmg6mtyi,,0,54,53,post_experimental,FinalForProlific,2026-02-15 18:20:23.459052,1,,,0.0,1,,0.0,5,4,1,1,xw98qnqc,,,,,1
169,hmg6mtyi,,0,54,53,post_experimental,FinalForProlific,2026-02-15 18:20:23.459052,1,,,0.0,1,,0.0,4,5,1,2,xw98qnqc,,,,,1
169,hmg6mtyi,,0,54,53,post_experimental,FinalForProlific,2026-02-15 18:20:23.459052,1,,,0.0,1,,0.0,4,4,1,3,xw98qnqc,,,,,1
169,hmg6mtyi,,0,54,53,post_experimental,FinalForProlific,2026-02-15 18:20:23.459052,1,,,0.0,1,,0.0,6,7,1,4,xw98qnqc,,,,,1
169,hmg6mtyi,,0,54,53,post_experimental,FinalForProlific,2026-02-15 18:20:23.459052,1,,,0.0,1,,0.0,6,5,1,5,xw98qnqc,,,,,1
169,hmg6mtyi,,0,54,53,post_experimental,FinalForProlific,2026-02-15 18:20:23.459052,1,,,0.0,1,,0.0,5,5,1,6,xw98qnqc,,,,,1
169,hmg6mtyi,,0,54,53,post_experimental,FinalForProlific,2026-02-15 18:20:23.459052,1,,,0.0,1,,0.0,4,3,1,7,xw98qnqc,,,,,1
169,hmg6mtyi,,0,54,53,post_experimental,FinalForProlific,2026-02-15 18:20:23.459052,1,,,0.0,1,,0.0,7,6,1,8,xw98qnqc,,,,,1
169,hmg6mtyi,,0,54,53,post_experimental,FinalForProlific,2026-02-15 18:20:23.459052,1,,,0.0,1,,0.0,6,6,1,9,xw98qnqc,,,,,1
169,hmg6mtyi,,0,54,53,post_experimental,FinalForProlific,2026-02-15 18:20:23.459052,1,,,0.0,1,,0.0,5,4,1,10,xw98qnqc,,,,,1
169,hmg6mtyi,,0,54,53,post_experimental,FinalForProlific,2026-02-15 18:20:23.459052,1,,,0.0,1,,0.0,4,3,1,11,xw98qnqc,,,,,1
169,hmg6mtyi,,0,54,53,post_experimental,FinalForProlific,2026-02-15 18:20:23.459052,1,,,0.0,1,,0.0,5,4,1,12,xw98qnqc,,,,,1
169,hmg6mtyi,,0,54,53,post_experimental,FinalForProlific,2026-02-15 18:20:23.459052,1,,,0.0,1,,0.0,6,3,1,13,xw98qnqc,,,,,1
169,hmg6mtyi,,0,54,53,post_experimental,FinalForProlific,2026-02-15 18:20:23.459052,1,,,0.0,1,,0.0,4,4,1,14,xw98qnqc,,,,,1
169,hmg6mtyi,,0,54,53,post_experimental,FinalForProlific,2026-02-15 18:20:23.459052,1,,,0.0,1,,0.0,6,4,1,15,xw98qnqc,,,,,1
169,hmg6mtyi,,0,54,53,post_experimental,FinalForProlific,2026-02-15 18:20:23.459052,1,,,0.0,1,,0.0,5,4,1,16,xw98qnqc,,,,,1
170,2250j1b0,,0,54,53,post_experimental,FinalForProlific,2026-02-15 17:16:14.459052,1,,,0.0,1,,0.0,2,3,1,1,xw98qnqc,,,,,1
170,2250j1b0,,0,54,53,post_experimental,FinalForProlific,2026-02-15 17:16:14.459052,1,,,0.0,1,,0.0,3,2,1,2,xw98qnqc,,,,,1
170,2250j1b0,,0,54,53,post_experimental,FinalForProlific,2026-02-15 17:16:14.459052,1,,,0.0,1,,0.0,3,3,1,3,xw98qnqc,,,,,1
170,2250j1b0,,0,54,53,post_experimental,FinalForProlific,2026-02-15 17:16:14.459052,1,,,0.0,1,,0.0,5,4,1,4,xw98qnqc,,,,,1
170,2250j1b0,,0,54,53,post_experimental,FinalForProlific,2026-02-15 17:16:14.459052,1,,,0.0,1,,0.0,5,4,1,5,xw98qnqc,,,,,1
170,2250j1b0,,0,54,53,post_experimental,FinalForProlific,2026-02-15 17:16:14.459052,1,,,0.0,1,,0.0,3,3,1,6,xw98qnqc,,,,,1
170,2250j1b0,,0,54,53,post_experimental,FinalForProlific,2026-02-15 17:16:14.459052,1,,,0.0,1,,0.0,3,3,1,7,xw98qnqc,,,,,1
170,2250j1b0,,0,54,53,post_experimental,FinalForProlific,2026-02-15 17:16:14.459052,1,,,0.0,1,,0.0,3,3,1,8,xw98qnqc,,,,,1
170,2250j1b0,,0,54,53,post_experimental,FinalForProlific,2026-02-15 17:16:14.459052,1,,,0.0,1,,0.0,3,4,1,9,xw98qnqc,,,,,1
170,2250j1b0,,0,54,53,post_experimental,FinalForProlific,2026-02-15 17:16:14.459052,1,,,0.0,1,,0.0,4,4,1,10,xw98qnqc,,,,,1
170,2250j1b0,,0,54,53,post_experimental,FinalForProlific,2026-02-15 17:16:14.459052,1,,,0.0,1,,0.0,3,3,1,11,xw98qnqc,,,,,1
170,2250j1b0,,0,54,53,post_experimental,FinalForProlific,2026-02-15 17:16:14.459052,1,,,0.0,1,,0.0,3,3,1,12,xw98qnqc,,,,,1
170,2250j1b0,,0,54,53,post_experimental,FinalForProlific,2026-02-15 17:16:14.459052,1,,,0.0,1,,0.0,4,4,1,13,xw98qnqc,,,,,1
170,2250j1b0,,0,54,53,post_experimental,FinalForProlific,2026-02-15 17:16:14.459052,1,,,0.0,1,,0.0,2,4,1,14,xw98qnqc,,,,,1
170,2250j1b0,,0,54,53,post_experimental,FinalForProlific,2026-02-15 17:16:14.459052,1,,,0.0,1,,0.0,5,5,1,15,xw98qnqc,,,,,1
170,2250j1b0,,0,54,53,post_experimental,FinalForProlific,2026-02-15 17:16:14.459052,1,,,0.0,1,,0.0,1,3,1,16,xw98qnqc,,,,,1
171,06xw38fa,,0,54,53,post_experimental,FinalForProlific,2026-02-15 18:17:20.459052,1,,,0.0,1,,0.0,3,4,1,1,xw98qnqc,,,,,1
171,06xw38fa,,0,54,53,post_experimental,FinalForProlific,2026-02-15 18:17:20.459052,1,,,0.0,1,,0.0,3,3,1,2,xw98qnqc,,,,,1
171,06xw38fa,,0,54,53,post_experimental,FinalForProlific,2026-02-15 18:17:20.459052,1,,,0.0,1,,0.0,4,2,1,3,xw98qnqc,,,,,1
171,06xw38fa,,0,54,53,post_experimental,FinalForProlific,2026-02-15 18:17:20.459052,1,,,0.0,1,,0.0,4,4,1,4,xw98qnqc,,,,,1
171,06xw38fa,,0,54,53,post_experimental,FinalForProlific,2026-02-15 18:17:20.459052,1,,,0.0,1,,0.0,4,4,1,5,xw98qnqc,,,,,1
171,06xw38fa,,0,54,53,post_experimental,FinalForProlific,2026-02-15 18:17:20.459052,1,,,0.0,1,,0.0,5,5,1,6,xw98qnqc,,,,,1
171,06xw38fa,,0,54,53,post_experimental,FinalForProlific,2026-02-15 18:17:20.459052,1,,,0.0,1,,0.0,2,3,1,7,xw98qnqc,,,,,1
171,06xw38fa,,0,54,53,post_experimental,FinalForProlific,2026-02-15 18:17:20.459052,1,,,0.0,1,,0.0,5,4,1,8,xw98qnqc,,,,,1
171,06xw38fa,,0,54,53,post_experimental,FinalForProlific,2026-02-15 18:17:20.459052,1,,,0.0,1,,0.0,4,5,1,9,xw98qnqc,,,,,1
171,06xw38fa,,0,54,53,post_experimental,FinalForProlific,2026-02-15 18:17:20.459052,1,,,0.0,1,,0.0,3,4,1,10,xw98qnqc,,,,,1
171,06xw38fa,,0,54,53,post_experimental,FinalForProlific,2026-02-15 18:17:20.459052,1,,,0.0,1,,0.0,3,3,1,11,xw98qnqc,,,,,1
171,06xw38fa,,0,54,53,post_experimental,FinalForProlific,2026-02-15 18:17:20.459052,1,,,0.0,1,,0.0,4,4,1,12,xw98qnqc,,,,,1
171,06xw38fa,,0,54,53,post_experimental,FinalForProlific,2026-02-15 18:17:20.459052,1,,,0.0,1,,0.0,3,4,1,13,xw98qnqc,,,,,1
171,06xw38fa,,0,54,53,post_experimental,FinalForProlific,2026-02-15 18:17:20.459052,1,,,0.0,1,,0.0,4,3,1,14,xw98qnqc,,,,,1
171,06xw38fa,,0,54,53,post_experimental,FinalForProlific,2026-02-15 18:17:20.459052,1,,,0.0,1,,0.0,4,4,1,15,xw98qnqc,,,,,1
171,06xw38fa,,0,54,53,post_experimental,FinalForProlific,2026-02-15 18:17:20.459052,1,,,0.0,1,,0.0,3,4,1,16,xw98qnqc,,,,,1
172,0mn50784,,0,54,53,post_experimental,FinalForProlific,2026-02-15 17:01:13.459052,1,,,0.0,1,,0.0,5,4,1,1,xw98qnqc,,,,,1
172,0mn50784,,0,54,53,post_experimental,FinalForProlific,2026-02-15 17:01:13.459052,1,,,0.0,1,,0.0,3,3,1,2,xw98qnqc,,,,,1
172,0mn50784,,0,54,53,post_experimental,FinalForProlific,2026-02-15 17:01:13.459052,1,,,0.0,1,,0.0,4,4,1,3,xw98qnqc,,,,,1
172,0mn50784,,0,54,53,post_experimental,FinalForProlific,2026-02-15 17:01:13.459052,1,,,0.0,1,,0.0,4,4,1,4,xw98qnqc,,,,,1
172,0mn50784,,0,54,53,post_experimental,FinalForProlific,2026-02-15 17:01:13.459052,1,,,0.0,1,,0.0,5,5,1,5,xw98qnqc,,,,,1
172,0mn50784,,0,54,53,post_experimental,FinalForProlific,2026-02-15 17:01:13.459052,1,,,0.0,1,,0.0,4,5,1,6,xw98qnqc,,,,,1
172,0mn50784,,0,54,53,post_experimental,FinalForProlific,2026-02-15 17:01:13.459052,1,,,0.0,1,,0.0,3,4,1,7,xw98qnqc,,,,,1
172,0mn50784,,0,54,53,post_experimental,FinalForProlific,2026-02-15 17:01:13.459052,1,,,0.0,1,,0.0,5,5,1,8,xw98qnqc,,,,,1
172,0mn50784,,0,54,53,post_experimental,FinalForProlific,2026-02-15 17:01:13.459052,1,,,0.0,1,,0.0,6,6,1,9,xw98qnqc,,,,,1
172,0mn50784,,0,54,53,post_experimental,FinalForProlific,2026-02-15 17:01:13.459052,1,,,0.0,1,,0.0,4,4,1,10,xw98qnqc,,,,,1
172,0mn50784,,0,54,53,post_experimental,FinalForProlific,2026-02-15 17:01:13.459052,1,,,0.0,1,,0.0,3,5,1,11,xw98qnqc,,,,,1
172,0mn50784,,0,54,53,post_experimental,FinalForProlific,2026-02-15 17:01:13.459052,1,,,0.0,1,,0.0,5,6,1,12,xw98qnqc,,,,,1
172,0mn50784,,0,54,53,post_experimental,FinalForProlific,2026-02-15 17:01:13.459052,1,,,0.0,1,,0.0,4,5,1,13,xw98qnqc,,,,,1
172,0mn50784,,0,54,53,post_experimental,FinalForProlific,2026-02-15 17:01:13.459052,1,,,0.0,1,,0.0,3,5,1,14,xw98qnqc,,,,,1
172,0mn50784,,0,54,53,post_experimental,FinalForProlific,2026-02-15 17:01:13.459052,1,,,0.0,1,,0.0,4,4,1,15,xw98qnqc,,,,,1
172,0mn50784,,0,54,53,post_experimental,FinalForProlific,2026-02-15 17:01:13.459052,1,,,0.0,1,,0.0,3,3,1,16,xw98qnqc,,,,,1
173,rhspj1tf,,0,54,53,post_experimental,FinalForProlific,2026-02-15 17:07:29.459052,1,,,0.0,1,,0.0,3,4,1,1,xw98qnqc,,,,,1
173,rhspj1tf,,0,54,53,post_experimental,FinalForProlific,2026-02-15 17:07:29.459052,1,,,0.0,1,,0.0,4,3,1,2,xw98qnqc,,,,,1
173,rhspj1tf,,0,54,53,post_experimental,FinalForProlific,2026-02-15 17:07:29.459052,1,,,0.0,1,,0.0,4,3,1,3,xw98qnqc,,,,,1
173,rhspj1tf,,0,54,53,post_experimental,FinalForProlific,2026-02-15 17:07:29.459052,1,,,0.0,1,,0.0,7,5,1,4,xw98qnqc,,,,,1
173,rhspj1tf,,0,54,53,post_experimental,FinalForProlific,2026-02-15 17:07:29.459052,1,,,0.0,1,,0.0,5,5,1,5,xw98qnqc,,,,,1
173,rhspj1tf,,0,54,53,post_experimental,FinalForProlific,2026-02-15 17:07:29.459052,1,,,0.0,1,,0.0,3,2,1,6,xw98qnqc,,,,,1
173,rhspj1tf,,0,54,53,post_experimental,FinalForProlific,2026-02-15 17:07:29.459052,1,,,0.0,1,,0.0,6,3,1,7,xw98qnqc,,,,,1
173,rhspj1tf,,0,54,53,post_experimental,FinalForProlific,2026-02-15 17:07:29.459052,1,,,0.0,1,,0.0,6,3,1,8,xw98qnqc,,,,,1
173,rhspj1tf,,0,54,53,post_experimental,FinalForProlific,2026-02-15 17:07:29.459052,1,,,0.0,1,,0.0,5,6,1,9,xw98qnqc,,,,,1
173,rhspj1tf,,0,54,53,post_experimental,FinalForProlific,2026-02-15 17:07:29.459052,1,,,0.0,1,,0.0,4,4,1,10,xw98qnqc,,,,,1
173,rhspj1tf,,0,54,53,post_experimental,FinalForProlific,2026-02-15 17:07:29.459052,1,,,0.0,1,,0.0,4,3,1,11,xw98qnqc,,,,,1
173,rhspj1tf,,0,54,53,post_experimental,FinalForProlific,2026-02-15 17:07:29.459052,1,,,0.0,1,,0.0,6,6,1,12,xw98qnqc,,,,,1
173,rhspj1tf,,0,54,53,post_experimental,FinalForProlific,2026-02-15 17:07:29.459052,1,,,0.0,1,,0.0,6,4,1,13,xw98qnqc,,,,,1
173,rhspj1tf,,0,54,53,post_experimental,FinalForProlific,2026-02-15 17:07:29.459052,1,,,0.0,1,,0.0,3,4,1,14,xw98qnqc,,,,,1
173,rhspj1tf,,0,54,53,post_experimental,FinalForProlific,2026-02-15 17:07:29.459052,1,,,0.0,1,,0.0,6,4,1,15,xw98qnqc,,,,,1
173,rhspj1tf,,0,54,53,post_experimental,FinalForProlific,2026-02-15 17:07:29.459052,1,,,0.0,1,,0.0,5,4,1,16,xw98qnqc,,,,,1
174,n1jc884d,,0,54,53,post_experimental,FinalForProlific,2026-02-15 18:18:24.459052,1,,,0.0,1,,0.0,4,4,1,1,xw98qnqc,,,,,1
174,n1jc884d,,0,54,53,post_experimental,FinalForProlific,2026-02-15 18:18:24.459052,1,,,0.0,1,,0.0,3,2,1,2,xw98qnqc,,,,,1
174,n1jc884d,,0,54,53,post_experimental,FinalForProlific,2026-02-15 18:18:24.459052,1,,,0.0,1,,0.0,3,3,1,3,xw98qnqc,,,,,1
174,n1jc884d,,0,54,53,post_experimental,FinalForProlific,2026-02-15 18:18:24.459052,1,,,0.0,1,,0.0,4,3,1,4,xw98qnqc,,,,,1
174,n1jc884d,,0,54,53,post_experimental,FinalForProlific,2026-02-15 18:18:24.459052,1,,,0.0,1,,0.0,4,6,1,5,xw98qnqc,,,,,1
174,n1jc884d,,0,54,53,post_experimental,FinalForProlific,2026-02-15 18:18:24.459052,1,,,0.0,1,,0.0,3,3,1,6,xw98qnqc,,,,,1
174,n1jc884d,,0,54,53,post_experimental,FinalForProlific,2026-02-15 18:18:24.459052,1,,,0.0,1,,0.0,3,3,1,7,xw98qnqc,,,,,1
174,n1jc884d,,0,54,53,post_experimental,FinalForProlific,2026-02-15 18:18:24.459052,1,,,0.0,1,,0.0,3,4,1,8,xw98qnqc,,,,,1
174,n1jc884d,,0,54,53,post_experimental,FinalForProlific,2026-02-15 18:18:24.459052,1,,,0.0,1,,0.0,4,4,1,9,xw98qnqc,,,,,1
174,n1jc884d,,0,54,53,post_experimental,FinalForProlific,2026-02-15 18:18:24.459052,1,,,0.0,1,,0.0,5,4,1,10,xw98qnqc,,,,,1
174,n1jc884d,,0,54,53,post_experimental,FinalForProlific,2026-02-15 18:18:24.459052,1,,,0.0,1,,0.0,4,3,1,11,xw98qnqc,,,,,1
174,n1jc884d,,0,54,53,post_experimental,FinalForProlific,2026-02-15 18:18:24.459052,1,,,0.0,1,,0.0,3,3,1,12,xw98qnqc,,,,,1
174,n1jc884d,,0,54,53,post_experimental,FinalForProlific,2026-02-15 18:18:24.459052,1,,,0.0,1,,0.0,4,3,1,13,xw98qnqc,,,,,1
174,n1jc884d,,0,54,53,post_experimental,FinalForProlific,2026-02-15 18:18:24.459052,1,,,0.0,1,,0.0,5,4,1,14,xw98qnqc,,,,,1
174,n1jc884d,,0,54,53,post_experimental,FinalForProlific,2026-02-15 18:18:24.459052,1,,,0.0,1,,0.0,3,3,1,15,xw98qnqc,,,,,1
174,n1jc884d,,0,54,53,post_experimental,FinalForProlific,2026-02-15 18:18:24.459052,1,,,0.0,1,,0.0,3,4,1,16,xw98qnqc,,,,,1
175,r6nga14t,,0,54,53,post_experimental,FinalForProlific,2026-02-15 17:37:26.459052,1,,,0.0,1,,0.0,5,4,1,1,xw98qnqc,,,,,1
175,r6nga14t,,0,54,53,post_experimental,FinalForProlific,2026-02-15 17:37:26.459052,1,,,0.0,1,,0.0,4,3,1,2,xw98qnqc,,,,,1
175,r6nga14t,,0,54,53,post_experimental,FinalForProlific,2026-02-15 17:37:26.459052,1,,,0.0,1,,0.0,4,2,1,3,xw98qnqc,,,,,1
175,r6nga14t,,0,54,53,post_experimental,FinalForProlific,2026-02-15 17:37:26.459052,1,,,0.0,1,,0.0,5,5,1,4,xw98qnqc,,,,,1
175,r6nga14t,,0,54,53,post_experimental,FinalForProlific,2026-02-15 17:37:26.459052,1,,,0.0,1,,0.0,5,7,1,5,xw98qnqc,,,,,1
175,r6nga14t,,0,54,53,post_experimental,FinalForProlific,2026-02-15 17:37:26.459052,1,,,0.0,1,,0.0,4,3,1,6,xw98qnqc,,,,,1
175,r6nga14t,,0,54,53,post_experimental,FinalForProlific,2026-02-15 17:37:26.459052,1,,,0.0,1,,0.0,3,3,1,7,xw98qnqc,,,,,1
175,r6nga14t,,0,54,53,post_experimental,FinalForProlific,2026-02-15 17:37:26.459052,1,,,0.0,1,,0.0,5,4,1,8,xw98qnqc,,,,,1
175,r6nga14t,,0,54,53,post_experimental,FinalForProlific,2026-02-15 17:37:26.459052,1,,,0.0,1,,0.0,5,5,1,9,xw98qnqc,,,,,1
175,r6nga14t,,0,54,53,post_experimental,FinalForProlific,2026-02-15 17:37:26.459052,1,,,0.0,1,,0.0,3,4,1,10,xw98qnqc,,,,,1
175,r6nga14t,,0,54,53,post_experimental,FinalForProlific,2026-02-15 17:37:26.459052,1,,,0.0,1,,0.0,3,4,1,11,xw98qnqc,,,,,1
175,r6nga14t,,0,54,53,post_experimental,FinalForProlific,2026-02-15 17:37:26.459052,1,,,0.0,1,,0.0,3,4,1,12,xw98qnqc,,,,,1
175,r6nga14t,,0,54,53,post_experimental,FinalForProlific,2026-02-15 17:37:26.459052,1,,,0.0,1,,0.0,3,4,1,13,xw98qnqc,,,,,1
175,r6nga14t,,0,54,53,post_experimental,FinalForProlific,2026-02-15 17:37:26.459052,1,,,0.0,1,,0.0,3,4,1,14,xw98qnqc,,,,,1
175,r6nga14t,,0,54,53,post_experimental,FinalForProlific,2026-02-15 17:37:26.459052,1,,,0.0,1,,0.0,4,3,1,15,xw98qnqc,,,,,1
175,r6nga14t,,0,54,53,post_experimental,FinalForProlific,2026-02-15 17:37:26.459052,1,,,0.0,1,,0.0,2,3,1,16,xw98qnqc,,,,,1
176,m2kso8ac,,0,54,53,post_experimental,FinalForProlific,2026-02-15 17:26:52.459052,1,,,0.0,1,,0.0,3,3,1,1,xw98qnqc,,,,,1
176,m2kso8ac,,0,54,53,post_experimental,FinalForProlific,2026-02-15 17:26:52.459052,1,,,0.0,1,,0.0,1,2,1,2,xw98qnqc,,,,,1
176,m2kso8ac,,0,54,53,post_experimental,FinalForProlific,2026-02-15 17:26:52.459052,1,,,0.0,1,,0.0,1,2,1,3,xw98qnqc,,,,,1
176,m2kso8ac,,0,54,53,post_experimental,FinalForProlific,2026-02-15 17:26:52.459052,1,,,0.0,1,,0.0,4,3,1,4,xw98qnqc,,,,,1
176,m2kso8ac,,0,54,53,post_experimental,FinalForProlific,2026-02-15 17:26:52.459052,1,,,0.0,1,,0.0,4,5,1,5,xw98qnqc,,,,,1
176,m2kso8ac,,0,54,53,post_experimental,FinalForProlific,2026-02-15 17:26:52.459052,1,,,0.0,1,,0.0,2,3,1,6,xw98qnqc,,,,,1
176,m2kso8ac,,0,54,53,post_experimental,FinalForProlific,2026-02-15 17:26:52.459052,1,,,0.0,1,,0.0,2,3,1,7,xw98qnqc,,,,,1
176,m2kso8ac,,0,54,53,post_experimental,FinalForProlific,2026-02-15 17:26:52.459052,1,,,0.0,1,,0.0,3,5,1,8,xw98qnqc,,,,,1
176,m2kso8ac,,0,54,53,post_experimental,FinalForProlific,2026-02-15 17:26:52.459052,1,,,0.0,1,,0.0,4,3,1,9,xw98qnqc,,,,,1
176,m2kso8ac,,0,54,53,post_experimental,FinalForProlific,2026-02-15 17:26:52.459052,1,,,0.0,1,,0.0,2,3,1,10,xw98qnqc,,,,,1
176,m2kso8ac,,0,54,53,post_experimental,FinalForProlific,2026-02-15 17:26:52.459052,1,,,0.0,1,,0.0,1,2,1,11,xw98qnqc,,,,,1
176,m2kso8ac,,0,54,53,post_experimental,FinalForProlific,2026-02-15 17:26:52.459052,1,,,0.0,1,,0.0,3,6,1,12,xw98qnqc,,,,,1
176,m2kso8ac,,0,54,53,post_experimental,FinalForProlific,2026-02-15 17:26:52.459052,1,,,0.0,1,,0.0,3,4,1,13,xw98qnqc,,,,,1
176,m2kso8ac,,0,54,53,post_experimental,FinalForProlific,2026-02-15 17:26:52.459052,1,,,0.0,1,,0.0,2,4,1,14,xw98qnqc,,,,,1
176,m2kso8ac,,0,54,53,post_experimental,FinalForProlific,2026-02-15 17:26:52.459052,1,,,0.0,1,,0.0,4,5,1,15,xw98qnqc,,,,,1
176,m2kso8ac,,0,54,53,post_experimental,FinalForProlific,2026-02-15 17:26:52.459052,1,,,0.0,1,,0.0,3,4,1,16,xw98qnqc,,,,,1
177,vix56rlz,,0,54,53,post_experimental,FinalForProlific,2026-02-15 17:48:16.459052,1,,,0.0,1,,0.0,3,3,1,1,xw98qnqc,,,,,1
177,vix56rlz,,0,54,53,post_experimental,FinalForProlific,2026-02-15 17:48:16.459052,1,,,0.0,1,,0.0,3,4,1,2,xw98qnqc,,,,,1
177,vix56rlz,,0,54,53,post_experimental,FinalForProlific,2026-02-15 17:48:16.459052,1,,,0.0,1,,0.0,3,3,1,3,xw98qnqc,,,,,1
177,vix56rlz,,0,54,53,post_experimental,FinalForProlific,2026-02-15 17:48:16.459052,1,,,0.0,1,,0.0,3,4,1,4,xw98qnqc,,,,,1
177,vix56rlz,,0,54,53,post_experimental,FinalForProlific,2026-02-15 17:48:16.459052,1,,,0.0,1,,0.0,4,4,1,5,xw98qnqc,,,,,1
177,vix56rlz,,0,54,53,post_experimental,FinalForProlific,2026-02-15 17:48:16.459052,1,,,0.0,1,,0.0,5,4,1,6,xw98qnqc,,,,,1
177,vix56rlz,,0,54,53,post_experimental,FinalForProlific,2026-02-15 17:48:16.459052,1,,,0.0,1,,0.0,1,2,1,7,xw98qnqc,,,,,1
177,vix56rlz,,0,54,53,post_experimental,FinalForProlific,2026-02-15 17:48:16.459052,1,,,0.0,1,,0.0,3,4,1,8,xw98qnqc,,,,,1
177,vix56rlz,,0,54,53,post_experimental,FinalForProlific,2026-02-15 17:48:16.459052,1,,,0.0,1,,0.0,3,5,1,9,xw98qnqc,,,,,1
177,vix56rlz,,0,54,53,post_experimental,FinalForProlific,2026-02-15 17:48:16.459052,1,,,0.0,1,,0.0,2,2,1,10,xw98qnqc,,,,,1
177,vix56rlz,,0,54,53,post_experimental,FinalForProlific,2026-02-15 17:48:16.459052,1,,,0.0,1,,0.0,3,4,1,11,xw98qnqc,,,,,1
177,vix56rlz,,0,54,53,post_experimental,FinalForProlific,2026-02-15 17:48:16.459052,1,,,0.0,1,,0.0,4,4,1,12,xw98qnqc,,,,,1
177,vix56rlz,,0,54,53,post_experimental,FinalForProlific,2026-02-15 17:48:16.459052,1,,,0.0,1,,0.0,3,4,1,13,xw98qnqc,,,,,1
177,vix56rlz,,0,54,53,post_experimental,FinalForProlific,2026-02-15 17:48:16.459052,1,,,0.0,1,,0.0,3,4,1,14,xw98qnqc,,,,,1
177,vix56rlz,,0,54,53,post_experimental,FinalForProlific,2026-02-15 17:48:16.459052,1,,,0.0,1,,0.0,4,3,1,15,xw98qnqc,,,,,1
177,vix56rlz,,0,54,53,post_experimental,FinalForProlific,2026-02-15 17:48:16.459052,1,,,0.0,1,,0.0,3,2,1,16,xw98qnqc,,,,,1
178,zfjd88xp,,0,54,53,post_experimental,FinalForProlific,2026-02-15 17:11:59.459052,1,,,0.0,1,,0.0,4,3,1,1,xw98qnqc,,,,,1
178,zfjd88xp,,0,54,53,post_experimental,FinalForProlific,2026-02-15 17:11:59.459052,1,,,0.0,1,,0.0,3,2,1,2,xw98qnqc,,,,,1
178,zfjd88xp,,0,54,53,post_experimental,FinalForProlific,2026-02-15 17:11:59.459052,1,,,0.0,1,,0.0,2,4,1,3,xw98qnqc,,,,,1
178,zfjd88xp,,0,54,53,post_experimental,FinalForProlific,2026-02-15 17:11:59.459052,1,,,0.0,1,,0.0,4,5,1,4,xw98qnqc,,,,,1
178,zfjd88xp,,0,54,53,post_experimental,FinalForProlific,2026-02-15 17:11:59.459052,1,,,0.0,1,,0.0,7,7,1,5,xw98qnqc,,,,,1
178,zfjd88xp,,0,54,53,post_experimental,FinalForProlific,2026-02-15 17:11:59.459052,1,,,0.0,1,,0.0,3,3,1,6,xw98qnqc,,,,,1
178,zfjd88xp,,0,54,53,post_experimental,FinalForProlific,2026-02-15 17:11:59.459052,1,,,0.0,1,,0.0,4,3,1,7,xw98qnqc,,,,,1
178,zfjd88xp,,0,54,53,post_experimental,FinalForProlific,2026-02-15 17:11:59.459052,1,,,0.0,1,,0.0,4,4,1,8,xw98qnqc,,,,,1
178,zfjd88xp,,0,54,53,post_experimental,FinalForProlific,2026-02-15 17:11:59.459052,1,,,0.0,1,,0.0,4,4,1,9,xw98qnqc,,,,,1
178,zfjd88xp,,0,54,53,post_experimental,FinalForProlific,2026-02-15 17:11:59.459052,1,,,0.0,1,,0.0,4,3,1,10,xw98qnqc,,,,,1
178,zfjd88xp,,0,54,53,post_experimental,FinalForProlific,2026-02-15 17:11:59.459052,1,,,0.0,1,,0.0,3,3,1,11,xw98qnqc,,,,,1
178,zfjd88xp,,0,54,53,post_experimental,FinalForProlific,2026-02-15 17:11:59.459052,1,,,0.0,1,,0.0,6,6,1,12,xw98qnqc,,,,,1
178,zfjd88xp,,0,54,53,post_experimental,FinalForProlific,2026-02-15 17:11:59.459052,1,,,0.0,1,,0.0,3,3,1,13,xw98qnqc,,,,,1
178,zfjd88xp,,0,54,53,post_experimental,FinalForProlific,2026-02-15 17:11:59.459052,1,,,0.0,1,,0.0,4,5,1,14,xw98qnqc,,,,,1
178,zfjd88xp,,0,54,53,post_experimental,FinalForProlific,2026-02-15 17:11:59.459052,1,,,0.0,1,,0.0,4,4,1,15,xw98qnqc,,,,,1
178,zfjd88xp,,0,54,53,post_experimental,FinalForProlific,2026-02-15 17:11:59.459052,1,,,0.0,1,,0.0,5,5,1,16,xw98qnqc,,,,,1
179,ztludhwf,,0,54,53,post_experimental,FinalForProlific,2026-02-15 17:27:29.459052,1,,,0.0,1,,0.0,5,5,1,1,xw98qnqc,,,,,1
179,ztludhwf,,0,54,53,post_experimental,FinalForProlific,2026-02-15 17:27:29.459052,1,,,0.0,1,,0.0,5,5,1,2,xw98qnqc,,,,,1
179,ztludhwf,,0,54,53,post_experimental,FinalForProlific,2026-02-15 17:27:29.459052,1,,,0.0,1,,0.0,4,3,1,3,xw98qnqc,,,,,1
179,ztludhwf,,0,54,53,post_experimental,FinalForProlific,2026-02-15 17:27:29.459052,1,,,0.0,1,,0.0,6,5,1,4,xw98qnqc,,,,,1
179,ztludhwf,,0,54,53,post_experimental,FinalForProlific,2026-02-15 17:27:29.459052,1,,,0.0,1,,0.0,6,4,1,5,xw98qnqc,,,,,1
179,ztludhwf,,0,54,53,post_experimental,FinalForProlific,2026-02-15 17:27:29.459052,1,,,0.0,1,,0.0,5,2,1,6,xw98qnqc,,,,,1
179,ztludhwf,,0,54,53,post_experimental,FinalForProlific,2026-02-15 17:27:29.459052,1,,,0.0,1,,0.0,4,3,1,7,xw98qnqc,,,,,1
179,ztludhwf,,0,54,53,post_experimental,FinalForProlific,2026-02-15 17:27:29.459052,1,,,0.0,1,,0.0,5,5,1,8,xw98qnqc,,,,,1
179,ztludhwf,,0,54,53,post_experimental,FinalForProlific,2026-02-15 17:27:29.459052,1,,,0.0,1,,0.0,6,5,1,9,xw98qnqc,,,,,1
179,ztludhwf,,0,54,53,post_experimental,FinalForProlific,2026-02-15 17:27:29.459052,1,,,0.0,1,,0.0,5,4,1,10,xw98qnqc,,,,,1
179,ztludhwf,,0,54,53,post_experimental,FinalForProlific,2026-02-15 17:27:29.459052,1,,,0.0,1,,0.0,4,5,1,11,xw98qnqc,,,,,1
179,ztludhwf,,0,54,53,post_experimental,FinalForProlific,2026-02-15 17:27:29.459052,1,,,0.0,1,,0.0,6,5,1,12,xw98qnqc,,,,,1
179,ztludhwf,,0,54,53,post_experimental,FinalForProlific,2026-02-15 17:27:29.459052,1,,,0.0,1,,0.0,5,4,1,13,xw98qnqc,,,,,1
179,ztludhwf,,0,54,53,post_experimental,FinalForProlific,2026-02-15 17:27:29.459052,1,,,0.0,1,,0.0,5,5,1,14,xw98qnqc,,,,,1
179,ztludhwf,,0,54,53,post_experimental,FinalForProlific,2026-02-15 17:27:29.459052,1,,,0.0,1,,0.0,5,5,1,15,xw98qnqc,,,,,1
179,ztludhwf,,0,54,53,post_experimental,FinalForProlific,2026-02-15 17:27:29.459052,1,,,0.0,1,,0.0,6,5,1,16,xw98qnqc,,,,,1
180,ze5ldi7b,,0,54,53,post_experimental,FinalForProlific,2026-02-15 17:23:49.459052,1,,,0.0,1,,0.0,6,3,1,1,xw98qnqc,,,,,1
180,ze5ldi7b,,0,54,53,post_experimental,FinalForProlific,2026-02-15 17:23:49.459052,1,,,0.0,1,,0.0,4,3,1,2,xw98qnqc,,,,,1
180,ze5ldi7b,,0,54,53,post_experimental,FinalForProlific,2026-02-15 17:23:49.459052,1,,,0.0,1,,0.0,4,4,1,3,xw98qnqc,,,,,1
180,ze5ldi7b,,0,54,53,post_experimental,FinalForProlific,2026-02-15 17:23:49.459052,1,,,0.0,1,,0.0,6,5,1,4,xw98qnqc,,,,,1
180,ze5ldi7b,,0,54,53,post_experimental,FinalForProlific,2026-02-15 17:23:49.459052,1,,,0.0,1,,0.0,5,5,1,5,xw98qnqc,,,,,1
180,ze5ldi7b,,0,54,53,post_experimental,FinalForProlific,2026-02-15 17:23:49.459052,1,,,0.0,1,,0.0,5,4,1,6,xw98qnqc,,,,,1
180,ze5ldi7b,,0,54,53,post_experimental,FinalForProlific,2026-02-15 17:23:49.459052,1,,,0.0,1,,0.0,3,3,1,7,xw98qnqc,,,,,1
180,ze5ldi7b,,0,54,53,post_experimental,FinalForProlific,2026-02-15 17:23:49.459052,1,,,0.0,1,,0.0,3,3,1,8,xw98qnqc,,,,,1
180,ze5ldi7b,,0,54,53,post_experimental,FinalForProlific,2026-02-15 17:23:49.459052,1,,,0.0,1,,0.0,6,6,1,9,xw98qnqc,,,,,1
180,ze5ldi7b,,0,54,53,post_experimental,FinalForProlific,2026-02-15 17:23:49.459052,1,,,0.0,1,,0.0,6,5,1,10,xw98qnqc,,,,,1
180,ze5ldi7b,,0,54,53,post_experimental,FinalForProlific,2026-02-15 17:23:49.459052,1,,,0.0,1,,0.0,3,3,1,11,xw98qnqc,,,,,1
180,ze5ldi7b,,0,54,53,post_experimental,FinalForProlific,2026-02-15 17:23:49.459052,1,,,0.0,1,,0.0,4,5,1,12,xw98qnqc,,,,,1
180,ze5ldi7b,,0,54,53,post_experimental,FinalForProlific,2026-02-15 17:23:49.459052,1,,,0.0,1,,0.0,6,5,1,13,xw98qnqc,,,,,1
180,ze5ldi7b,,0,54,53,post_experimental,FinalForProlific,2026-02-15 17:23:49.459052,1,,,0.0,1,,0.0,5,5,1,14,xw98qnqc,,,,,1
180,ze5ldi7b,,0,54,53,post_experimental,FinalForProlific,2026-02-15 17:23:49.459052,1,,,0.0,1,,0.0,3,5,1,15,xw98qnqc,,,,,1
180,ze5ldi7b,,0,54,53,post_experimental,FinalForProlific,2026-02-15 17:23:49.459052,1,,,0.0,1,,0.0,4,3,1,16,xw98qnqc,,,,,1
181,17dznztn,,0,54,53,post_experimental,FinalForProlific,2026-02-15 18:16:20.459052,1,,,0.0,1,,0.0,5,3,1,1,xw98qnqc,,,,,1
181,17dznztn,,0,54,53,post_experimental,FinalForProlific,2026-02-15 18:16:20.459052,1,,,0.0,1,,0.0,3,3,1,2,xw98qnqc,,,,,1
181,17dznztn,,0,54,53,post_experimental,FinalForProlific,2026-02-15 18:16:20.459052,1,,,0.0,1,,0.0,4,2,1,3,xw98qnqc,,,,,1
181,17dznztn,,0,54,53,post_experimental,FinalForProlific,2026-02-15 18:16:20.459052,1,,,0.0,1,,0.0,6,5,1,4,xw98qnqc,,,,,1
181,17dznztn,,0,54,53,post_experimental,FinalForProlific,2026-02-15 18:16:20.459052,1,,,0.0,1,,0.0,4,3,1,5,xw98qnqc,,,,,1
181,17dznztn,,0,54,53,post_experimental,FinalForProlific,2026-02-15 18:16:20.459052,1,,,0.0,1,,0.0,4,1,1,6,xw98qnqc,,,,,1
181,17dznztn,,0,54,53,post_experimental,FinalForProlific,2026-02-15 18:16:20.459052,1,,,0.0,1,,0.0,2,1,1,7,xw98qnqc,,,,,1
181,17dznztn,,0,54,53,post_experimental,FinalForProlific,2026-02-15 18:16:20.459052,1,,,0.0,1,,0.0,5,4,1,8,xw98qnqc,,,,,1
181,17dznztn,,0,54,53,post_experimental,FinalForProlific,2026-02-15 18:16:20.459052,1,,,0.0,1,,0.0,5,4,1,9,xw98qnqc,,,,,1
181,17dznztn,,0,54,53,post_experimental,FinalForProlific,2026-02-15 18:16:20.459052,1,,,0.0,1,,0.0,5,3,1,10,xw98qnqc,,,,,1
181,17dznztn,,0,54,53,post_experimental,FinalForProlific,2026-02-15 18:16:20.459052,1,,,0.0,1,,0.0,2,3,1,11,xw98qnqc,,,,,1
181,17dznztn,,0,54,53,post_experimental,FinalForProlific,2026-02-15 18:16:20.459052,1,,,0.0,1,,0.0,5,3,1,12,xw98qnqc,,,,,1
181,17dznztn,,0,54,53,post_experimental,FinalForProlific,2026-02-15 18:16:20.459052,1,,,0.0,1,,0.0,5,4,1,13,xw98qnqc,,,,,1
181,17dznztn,,0,54,53,post_experimental,FinalForProlific,2026-02-15 18:16:20.459052,1,,,0.0,1,,0.0,4,4,1,14,xw98qnqc,,,,,1
181,17dznztn,,0,54,53,post_experimental,FinalForProlific,2026-02-15 18:16:20.459052,1,,,0.0,1,,0.0,3,3,1,15,xw98qnqc,,,,,1
181,17dznztn,,0,54,53,post_experimental,FinalForProlific,2026-02-15 18:16:20.459052,1,,,0.0,1,,0.0,5,3,1,16,xw98qnqc,,,,,1
182,9hhgquz5,,0,54,53,post_experimental,FinalForProlific,2026-02-15 17:58:31.459052,1,,,0.0,1,,0.0,2,3,1,1,xw98qnqc,,,,,1
182,9hhgquz5,,0,54,53,post_experimental,FinalForProlific,2026-02-15 17:58:31.459052,1,,,0.0,1,,0.0,2,3,1,2,xw98qnqc,,,,,1
182,9hhgquz5,,0,54,53,post_experimental,FinalForProlific,2026-02-15 17:58:31.459052,1,,,0.0,1,,0.0,1,4,1,3,xw98qnqc,,,,,1
182,9hhgquz5,,0,54,53,post_experimental,FinalForProlific,2026-02-15 17:58:31.459052,1,,,0.0,1,,0.0,4,5,1,4,xw98qnqc,,,,,1
182,9hhgquz5,,0,54,53,post_experimental,FinalForProlific,2026-02-15 17:58:31.459052,1,,,0.0,1,,0.0,3,5,1,5,xw98qnqc,,,,,1
182,9hhgquz5,,0,54,53,post_experimental,FinalForProlific,2026-02-15 17:58:31.459052,1,,,0.0,1,,0.0,2,1,1,6,xw98qnqc,,,,,1
182,9hhgquz5,,0,54,53,post_experimental,FinalForProlific,2026-02-15 17:58:31.459052,1,,,0.0,1,,0.0,3,3,1,7,xw98qnqc,,,,,1
182,9hhgquz5,,0,54,53,post_experimental,FinalForProlific,2026-02-15 17:58:31.459052,1,,,0.0,1,,0.0,4,5,1,8,xw98qnqc,,,,,1
182,9hhgquz5,,0,54,53,post_experimental,FinalForProlific,2026-02-15 17:58:31.459052,1,,,0.0,1,,0.0,5,6,1,9,xw98qnqc,,,,,1
182,9hhgquz5,,0,54,53,post_experimental,FinalForProlific,2026-02-15 17:58:31.459052,1,,,0.0,1,,0.0,4,4,1,10,xw98qnqc,,,,,1
182,9hhgquz5,,0,54,53,post_experimental,FinalForProlific,2026-02-15 17:58:31.459052,1,,,0.0,1,,0.0,3,3,1,11,xw98qnqc,,,,,1
182,9hhgquz5,,0,54,53,post_experimental,FinalForProlific,2026-02-15 17:58:31.459052,1,,,0.0,1,,0.0,5,5,1,12,xw98qnqc,,,,,1
182,9hhgquz5,,0,54,53,post_experimental,FinalForProlific,2026-02-15 17:58:31.459052,1,,,0.0,1,,0.0,3,5,1,13,xw98qnqc,,,,,1
182,9hhgquz5,,0,54,53,post_experimental,FinalForProlific,2026-02-15 17:58:31.459052,1,,,0.0,1,,0.0,4,4,1,14,xw98qnqc,,,,,1
182,9hhgquz5,,0,54,53,post_experimental,FinalForProlific,2026-02-15 17:58:31.459052,1,,,0.0,1,,0.0,3,2,1,15,xw98qnqc,,,,,1
182,9hhgquz5,,0,54,53,post_experimental,FinalForProlific,2026-02-15 17:58:31.459052,1,,,0.0,1,,0.0,4,4,1,16,xw98qnqc,,,,,1
183,4046n1ef,,0,54,53,post_experimental,FinalForProlific,2026-02-15 17:06:56.459052,1,,,0.0,1,,0.0,3,4,1,1,xw98qnqc,,,,,1
183,4046n1ef,,0,54,53,post_experimental,FinalForProlific,2026-02-15 17:06:56.459052,1,,,0.0,1,,0.0,3,3,1,2,xw98qnqc,,,,,1
183,4046n1ef,,0,54,53,post_experimental,FinalForProlific,2026-02-15 17:06:56.459052,1,,,0.0,1,,0.0,2,3,1,3,xw98qnqc,,,,,1
183,4046n1ef,,0,54,53,post_experimental,FinalForProlific,2026-02-15 17:06:56.459052,1,,,0.0,1,,0.0,4,6,1,4,xw98qnqc,,,,,1
183,4046n1ef,,0,54,53,post_experimental,FinalForProlific,2026-02-15 17:06:56.459052,1,,,0.0,1,,0.0,1,3,1,5,xw98qnqc,,,,,1
183,4046n1ef,,0,54,53,post_experimental,FinalForProlific,2026-02-15 17:06:56.459052,1,,,0.0,1,,0.0,3,3,1,6,xw98qnqc,,,,,1
183,4046n1ef,,0,54,53,post_experimental,FinalForProlific,2026-02-15 17:06:56.459052,1,,,0.0,1,,0.0,2,3,1,7,xw98qnqc,,,,,1
183,4046n1ef,,0,54,53,post_experimental,FinalForProlific,2026-02-15 17:06:56.459052,1,,,0.0,1,,0.0,4,3,1,8,xw98qnqc,,,,,1
183,4046n1ef,,0,54,53,post_experimental,FinalForProlific,2026-02-15 17:06:56.459052,1,,,0.0,1,,0.0,4,3,1,9,xw98qnqc,,,,,1
183,4046n1ef,,0,54,53,post_experimental,FinalForProlific,2026-02-15 17:06:56.459052,1,,,0.0,1,,0.0,5,5,1,10,xw98qnqc,,,,,1
183,4046n1ef,,0,54,53,post_experimental,FinalForProlific,2026-02-15 17:06:56.459052,1,,,0.0,1,,0.0,1,2,1,11,xw98qnqc,,,,,1
183,4046n1ef,,0,54,53,post_experimental,FinalForProlific,2026-02-15 17:06:56.459052,1,,,0.0,1,,0.0,4,5,1,12,xw98qnqc,,,,,1
183,4046n1ef,,0,54,53,post_experimental,FinalForProlific,2026-02-15 17:06:56.459052,1,,,0.0,1,,0.0,2,3,1,13,xw98qnqc,,,,,1
183,4046n1ef,,0,54,53,post_experimental,FinalForProlific,2026-02-15 17:06:56.459052,1,,,0.0,1,,0.0,2,3,1,14,xw98qnqc,,,,,1
183,4046n1ef,,0,54,53,post_experimental,FinalForProlific,2026-02-15 17:06:56.459052,1,,,0.0,1,,0.0,3,4,1,15,xw98qnqc,,,,,1
183,4046n1ef,,0,54,53,post_experimental,FinalForProlific,2026-02-15 17:06:56.459052,1,,,0.0,1,,0.0,3,4,1,16,xw98qnqc,,,,,1
184,1q9bxkpg,,0,54,53,post_experimental,FinalForProlific,2026-02-15 18:17:43.459052,1,,,0.0,1,,0.0,3,3,1,1,xw98qnqc,,,,,1
184,1q9bxkpg,,0,54,53,post_experimental,FinalForProlific,2026-02-15 18:17:43.459052,1,,,0.0,1,,0.0,1,3,1,2,xw98qnqc,,,,,1
184,1q9bxkpg,,0,54,53,post_experimental,FinalForProlific,2026-02-15 18:17:43.459052,1,,,0.0,1,,0.0,2,3,1,3,xw98qnqc,,,,,1
184,1q9bxkpg,,0,54,53,post_experimental,FinalForProlific,2026-02-15 18:17:43.459052,1,,,0.0,1,,0.0,5,5,1,4,xw98qnqc,,,,,1
184,1q9bxkpg,,0,54,53,post_experimental,FinalForProlific,2026-02-15 18:17:43.459052,1,,,0.0,1,,0.0,4,4,1,5,xw98qnqc,,,,,1
184,1q9bxkpg,,0,54,53,post_experimental,FinalForProlific,2026-02-15 18:17:43.459052,1,,,0.0,1,,0.0,3,4,1,6,xw98qnqc,,,,,1
184,1q9bxkpg,,0,54,53,post_experimental,FinalForProlific,2026-02-15 18:17:43.459052,1,,,0.0,1,,0.0,3,2,1,7,xw98qnqc,,,,,1
184,1q9bxkpg,,0,54,53,post_experimental,FinalForProlific,2026-02-15 18:17:43.459052,1,,,0.0,1,,0.0,3,5,1,8,xw98qnqc,,,,,1
184,1q9bxkpg,,0,54,53,post_experimental,FinalForProlific,2026-02-15 18:17:43.459052,1,,,0.0,1,,0.0,4,3,1,9,xw98qnqc,,,,,1
184,1q9bxkpg,,0,54,53,post_experimental,FinalForProlific,2026-02-15 18:17:43.459052,1,,,0.0,1,,0.0,3,5,1,10,xw98qnqc,,,,,1
184,1q9bxkpg,,0,54,53,post_experimental,FinalForProlific,2026-02-15 18:17:43.459052,1,,,0.0,1,,0.0,4,3,1,11,xw98qnqc,,,,,1
184,1q9bxkpg,,0,54,53,post_experimental,FinalForProlific,2026-02-15 18:17:43.459052,1,,,0.0,1,,0.0,4,4,1,12,xw98qnqc,,,,,1
184,1q9bxkpg,,0,54,53,post_experimental,FinalForProlific,2026-02-15 18:17:43.459052,1,,,0.0,1,,0.0,2,2,1,13,xw98qnqc,,,,,1
184,1q9bxkpg,,0,54,53,post_experimental,FinalForProlific,2026-02-15 18:17:43.459052,1,,,0.0,1,,0.0,3,4,1,14,xw98qnqc,,,,,1
184,1q9bxkpg,,0,54,53,post_experimental,FinalForProlific,2026-02-15 18:17:43.459052,1,,,0.0,1,,0.0,5,4,1,15,xw98qnqc,,,,,1
184,1q9bxkpg,,0,54,53,post_experimental,FinalForProlific,2026-02-15 18:17:43.459052,1,,,0.0,1,,0.0,3,3,1,16,xw98qnqc,,,,,1
185,31z3y51o,,0,54,53,post_experimental,FinalForProlific,2026-02-15 17:32:12.459052,1,,,0.0,1,,0.0,7,5,1,1,xw98qnqc,,,,,1
185,31z3y51o,,0,54,53,post_experimental,FinalForProlific,2026-02-15 17:32:12.459052,1,,,0.0,1,,0.0,5,3,1,2,xw98qnqc,,,,,1
185,31z3y51o,,0,54,53,post_experimental,FinalForProlific,2026-02-15 17:32:12.459052,1,,,0.0,1,,0.0,3,3,1,3,xw98qnqc,,,,,1
185,31z3y51o,,0,54,53,post_experimental,FinalForProlific,2026-02-15 17:32:12.459052,1,,,0.0,1,,0.0,6,5,1,4,xw98qnqc,,,,,1
185,31z3y51o,,0,54,53,post_experimental,FinalForProlific,2026-02-15 17:32:12.459052,1,,,0.0,1,,0.0,6,5,1,5,xw98qnqc,,,,,1
185,31z3y51o,,0,54,53,post_experimental,FinalForProlific,2026-02-15 17:32:12.459052,1,,,0.0,1,,0.0,5,4,1,6,xw98qnqc,,,,,1
185,31z3y51o,,0,54,53,post_experimental,FinalForProlific,2026-02-15 17:32:12.459052,1,,,0.0,1,,0.0,5,5,1,7,xw98qnqc,,,,,1
185,31z3y51o,,0,54,53,post_experimental,FinalForProlific,2026-02-15 17:32:12.459052,1,,,0.0,1,,0.0,6,5,1,8,xw98qnqc,,,,,1
185,31z3y51o,,0,54,53,post_experimental,FinalForProlific,2026-02-15 17:32:12.459052,1,,,0.0,1,,0.0,6,5,1,9,xw98qnqc,,,,,1
185,31z3y51o,,0,54,53,post_experimental,FinalForProlific,2026-02-15 17:32:12.459052,1,,,0.0,1,,0.0,5,5,1,10,xw98qnqc,,,,,1
185,31z3y51o,,0,54,53,post_experimental,FinalForProlific,2026-02-15 17:32:12.459052,1,,,0.0,1,,0.0,5,4,1,11,xw98qnqc,,,,,1
185,31z3y51o,,0,54,53,post_experimental,FinalForProlific,2026-02-15 17:32:12.459052,1,,,0.0,1,,0.0,5,4,1,12,xw98qnqc,,,,,1
185,31z3y51o,,0,54,53,post_experimental,FinalForProlific,2026-02-15 17:32:12.459052,1,,,0.0,1,,0.0,4,4,1,13,xw98qnqc,,,,,1
185,31z3y51o,,0,54,53,post_experimental,FinalForProlific,2026-02-15 17:32:12.459052,1,,,0.0,1,,0.0,4,3,1,14,xw98qnqc,,,,,1
185,31z3y51o,,0,54,53,post_experimental,FinalForProlific,2026-02-15 17:32:12.459052,1,,,0.0,1,,0.0,4,4,1,15,xw98qnqc,,,,,1
185,31z3y51o,,0,54,53,post_experimental,FinalForProlific,2026-02-15 17:32:12.459052,1,,,0.0,1,,0.0,5,4,1,16,xw98qnqc,,,,,1
186,mmabnhn9,,0,54,53,post_experimental,FinalForProlific,2026-02-15 17:06:39.459052,1,,,0.0,1,,0.0,4,4,1,1,xw98qnqc,,,,,1
186,mmabnhn9,,0,54,53,post_experimental,FinalForProlific,2026-02-15 17:06:39.459052,1,,,0.0,1,,0.0,1,2,1,2,xw98qnqc,,,,,1
186,mmabnhn9,,0,54,53,post_experimental,FinalForProlific,2026-02-15 17:06:39.459052,1,,,0.0,1,,0.0,2,3,1,3,xw98qnqc,,,,,1
186,mmabnhn9,,0,54,53,post_experimental,FinalForProlific,2026-02-15 17:06:39.459052,1,,,0.0,1,,0.0,4,6,1,4,xw98qnqc,,,,,1
186,mmabnhn9,,0,54,53,post_experimental,FinalForProlific,2026-02-15 17:06:39.459052,1,,,0.0,1,,0.0,4,5,1,5,xw98qnqc,,,,,1
186,mmabnhn9,,0,54,53,post_experimental,FinalForProlific,2026-02-15 17:06:39.459052,1,,,0.0,1,,0.0,1,3,1,6,xw98qnqc,,,,,1
186,mmabnhn9,,0,54,53,post_experimental,FinalForProlific,2026-02-15 17:06:39.459052,1,,,0.0,1,,0.0,1,2,1,7,xw98qnqc,,,,,1
186,mmabnhn9,,0,54,53,post_experimental,FinalForProlific,2026-02-15 17:06:39.459052,1,,,0.0,1,,0.0,3,5,1,8,xw98qnqc,,,,,1
186,mmabnhn9,,0,54,53,post_experimental,FinalForProlific,2026-02-15 17:06:39.459052,1,,,0.0,1,,0.0,1,4,1,9,xw98qnqc,,,,,1
186,mmabnhn9,,0,54,53,post_experimental,FinalForProlific,2026-02-15 17:06:39.459052,1,,,0.0,1,,0.0,3,3,1,10,xw98qnqc,,,,,1
186,mmabnhn9,,0,54,53,post_experimental,FinalForProlific,2026-02-15 17:06:39.459052,1,,,0.0,1,,0.0,2,4,1,11,xw98qnqc,,,,,1
186,mmabnhn9,,0,54,53,post_experimental,FinalForProlific,2026-02-15 17:06:39.459052,1,,,0.0,1,,0.0,4,5,1,12,xw98qnqc,,,,,1
186,mmabnhn9,,0,54,53,post_experimental,FinalForProlific,2026-02-15 17:06:39.459052,1,,,0.0,1,,0.0,2,3,1,13,xw98qnqc,,,,,1
186,mmabnhn9,,0,54,53,post_experimental,FinalForProlific,2026-02-15 17:06:39.459052,1,,,0.0,1,,0.0,2,3,1,14,xw98qnqc,,,,,1
186,mmabnhn9,,0,54,53,post_experimental,FinalForProlific,2026-02-15 17:06:39.459052,1,,,0.0,1,,0.0,4,4,1,15,xw98qnqc,,,,,1
186,mmabnhn9,,0,54,53,post_experimental,FinalForProlific,2026-02-15 17:06:39.459052,1,,,0.0,1,,0.0,2,4,1,16,xw98qnqc,,,,,1
187,6fg01lx7,,0,54,53,post_experimental,FinalForProlific,2026-02-15 17:04:28.459052,1,,,0.0,1,,0.0,7,6,1,1,xw98qnqc,,,,,1
187,6fg01lx7,,0,54,53,post_experimental,FinalForProlific,2026-02-15 17:04:28.459052,1,,,0.0,1,,0.0,5,3,1,2,xw98qnqc,,,,,1
187,6fg01lx7,,0,54,53,post_experimental,FinalForProlific,2026-02-15 17:04:28.459052,1,,,0.0,1,,0.0,5,4,1,3,xw98qnqc,,,,,1
187,6fg01lx7,,0,54,53,post_experimental,FinalForProlific,2026-02-15 17:04:28.459052,1,,,0.0,1,,0.0,7,6,1,4,xw98qnqc,,,,,1
187,6fg01lx7,,0,54,53,post_experimental,FinalForProlific,2026-02-15 17:04:28.459052,1,,,0.0,1,,0.0,4,5,1,5,xw98qnqc,,,,,1
187,6fg01lx7,,0,54,53,post_experimental,FinalForProlific,2026-02-15 17:04:28.459052,1,,,0.0,1,,0.0,4,3,1,6,xw98qnqc,,,,,1
187,6fg01lx7,,0,54,53,post_experimental,FinalForProlific,2026-02-15 17:04:28.459052,1,,,0.0,1,,0.0,4,3,1,7,xw98qnqc,,,,,1
187,6fg01lx7,,0,54,53,post_experimental,FinalForProlific,2026-02-15 17:04:28.459052,1,,,0.0,1,,0.0,5,4,1,8,xw98qnqc,,,,,1
187,6fg01lx7,,0,54,53,post_experimental,FinalForProlific,2026-02-15 17:04:28.459052,1,,,0.0,1,,0.0,4,4,1,9,xw98qnqc,,,,,1
187,6fg01lx7,,0,54,53,post_experimental,FinalForProlific,2026-02-15 17:04:28.459052,1,,,0.0,1,,0.0,4,5,1,10,xw98qnqc,,,,,1
187,6fg01lx7,,0,54,53,post_experimental,FinalForProlific,2026-02-15 17:04:28.459052,1,,,0.0,1,,0.0,5,5,1,11,xw98qnqc,,,,,1
187,6fg01lx7,,0,54,53,post_experimental,FinalForProlific,2026-02-15 17:04:28.459052,1,,,0.0,1,,0.0,4,5,1,12,xw98qnqc,,,,,1
187,6fg01lx7,,0,54,53,post_experimental,FinalForProlific,2026-02-15 17:04:28.459052,1,,,0.0,1,,0.0,4,4,1,13,xw98qnqc,,,,,1
187,6fg01lx7,,0,54,53,post_experimental,FinalForProlific,2026-02-15 17:04:28.459052,1,,,0.0,1,,0.0,4,4,1,14,xw98qnqc,,,,,1
187,6fg01lx7,,0,54,53,post_experimental,FinalForProlific,2026-02-15 17:04:28.459052,1,,,0.0,1,,0.0,5,5,1,15,xw98qnqc,,,,,1
187,6fg01lx7,,0,54,53,post_experimental,FinalForProlific,2026-02-15 17:04:28.459052,1,,,0.0,1,,0.0,4,4,1,16,xw98qnqc,,,,,1
188,xm5bf8vf,,0,54,53,post_experimental,FinalForProlific,2026-02-15 17:07:34.459052,1,,,0.0,1,,0.0,3,2,1,1,xw98qnqc,,,,,1
188,xm5bf8vf,,0,54,53,post_experimental,FinalForProlific,2026-02-15 17:07:34.459052,1,,,0.0,1,,0.0,3,3,1,2,xw98qnqc,,,,,1
188,xm5bf8vf,,0,54,53,post_experimental,FinalForProlific,2026-02-15 17:07:34.459052,1,,,0.0,1,,0.0,2,2,1,3,xw98qnqc,,,,,1
188,xm5bf8vf,,0,54,53,post_experimental,FinalForProlific,2026-02-15 17:07:34.459052,1,,,0.0,1,,0.0,3,3,1,4,xw98qnqc,,,,,1
188,xm5bf8vf,,0,54,53,post_experimental,FinalForProlific,2026-02-15 17:07:34.459052,1,,,0.0,1,,0.0,7,6,1,5,xw98qnqc,,,,,1
188,xm5bf8vf,,0,54,53,post_experimental,FinalForProlific,2026-02-15 17:07:34.459052,1,,,0.0,1,,0.0,2,2,1,6,xw98qnqc,,,,,1
188,xm5bf8vf,,0,54,53,post_experimental,FinalForProlific,2026-02-15 17:07:34.459052,1,,,0.0,1,,0.0,2,2,1,7,xw98qnqc,,,,,1
188,xm5bf8vf,,0,54,53,post_experimental,FinalForProlific,2026-02-15 17:07:34.459052,1,,,0.0,1,,0.0,3,4,1,8,xw98qnqc,,,,,1
188,xm5bf8vf,,0,54,53,post_experimental,FinalForProlific,2026-02-15 17:07:34.459052,1,,,0.0,1,,0.0,3,4,1,9,xw98qnqc,,,,,1
188,xm5bf8vf,,0,54,53,post_experimental,FinalForProlific,2026-02-15 17:07:34.459052,1,,,0.0,1,,0.0,4,3,1,10,xw98qnqc,,,,,1
188,xm5bf8vf,,0,54,53,post_experimental,FinalForProlific,2026-02-15 17:07:34.459052,1,,,0.0,1,,0.0,3,2,1,11,xw98qnqc,,,,,1
188,xm5bf8vf,,0,54,53,post_experimental,FinalForProlific,2026-02-15 17:07:34.459052,1,,,0.0,1,,0.0,4,4,1,12,xw98qnqc,,,,,1
188,xm5bf8vf,,0,54,53,post_experimental,FinalForProlific,2026-02-15 17:07:34.459052,1,,,0.0,1,,0.0,3,3,1,13,xw98qnqc,,,,,1
188,xm5bf8vf,,0,54,53,post_experimental,FinalForProlific,2026-02-15 17:07:34.459052,1,,,0.0,1,,0.0,2,3,1,14,xw98qnqc,,,,,1
188,xm5bf8vf,,0,54,53,post_experimental,FinalForProlific,2026-02-15 17:07:34.459052,1,,,0.0,1,,0.0,4,4,1,15,xw98qnqc,,,,,1
188,xm5bf8vf,,0,54,53,post_experimental,FinalForProlific,2026-02-15 17:07:34.459052,1,,,0.0,1,,0.0,4,3,1,16,xw98qnqc,,,,,1
189,dglw2q1c,,0,54,53,post_experimental,FinalForProlific,2026-02-15 17:15:45.459052,1,,,0.0,1,,0.0,3,3,1,1,xw98qnqc,,,,,1
189,dglw2q1c,,0,54,53,post_experimental,FinalForProlific,2026-02-15 17:15:45.459052,1,,,0.0,1,,0.0,3,3,1,2,xw98qnqc,,,,,1
189,dglw2q1c,,0,54,53,post_experimental,FinalForProlific,2026-02-15 17:15:45.459052,1,,,0.0,1,,0.0,3,4,1,3,xw98qnqc,,,,,1
189,dglw2q1c,,0,54,53,post_experimental,FinalForProlific,2026-02-15 17:15:45.459052,1,,,0.0,1,,0.0,7,6,1,4,xw98qnqc,,,,,1
189,dglw2q1c,,0,54,53,post_experimental,FinalForProlific,2026-02-15 17:15:45.459052,1,,,0.0,1,,0.0,5,5,1,5,xw98qnqc,,,,,1
189,dglw2q1c,,0,54,53,post_experimental,FinalForProlific,2026-02-15 17:15:45.459052,1,,,0.0,1,,0.0,1,4,1,6,xw98qnqc,,,,,1
189,dglw2q1c,,0,54,53,post_experimental,FinalForProlific,2026-02-15 17:15:45.459052,1,,,0.0,1,,0.0,4,3,1,7,xw98qnqc,,,,,1
189,dglw2q1c,,0,54,53,post_experimental,FinalForProlific,2026-02-15 17:15:45.459052,1,,,0.0,1,,0.0,4,4,1,8,xw98qnqc,,,,,1
189,dglw2q1c,,0,54,53,post_experimental,FinalForProlific,2026-02-15 17:15:45.459052,1,,,0.0,1,,0.0,5,5,1,9,xw98qnqc,,,,,1
189,dglw2q1c,,0,54,53,post_experimental,FinalForProlific,2026-02-15 17:15:45.459052,1,,,0.0,1,,0.0,6,5,1,10,xw98qnqc,,,,,1
189,dglw2q1c,,0,54,53,post_experimental,FinalForProlific,2026-02-15 17:15:45.459052,1,,,0.0,1,,0.0,3,5,1,11,xw98qnqc,,,,,1
189,dglw2q1c,,0,54,53,post_experimental,FinalForProlific,2026-02-15 17:15:45.459052,1,,,0.0,1,,0.0,4,4,1,12,xw98qnqc,,,,,1
189,dglw2q1c,,0,54,53,post_experimental,FinalForProlific,2026-02-15 17:15:45.459052,1,,,0.0,1,,0.0,5,5,1,13,xw98qnqc,,,,,1
189,dglw2q1c,,0,54,53,post_experimental,FinalForProlific,2026-02-15 17:15:45.459052,1,,,0.0,1,,0.0,2,4,1,14,xw98qnqc,,,,,1
189,dglw2q1c,,0,54,53,post_experimental,FinalForProlific,2026-02-15 17:15:45.459052,1,,,0.0,1,,0.0,3,4,1,15,xw98qnqc,,,,,1
189,dglw2q1c,,0,54,53,post_experimental,FinalForProlific,2026-02-15 17:15:45.459052,1,,,0.0,1,,0.0,4,3,1,16,xw98qnqc,,,,,1
190,q13fn0hx,,0,54,53,post_experimental,FinalForProlific,2026-02-15 18:20:57.459052,1,,,0.0,1,,0.0,6,4,1,1,xw98qnqc,,,,,1
190,q13fn0hx,,0,54,53,post_experimental,FinalForProlific,2026-02-15 18:20:57.459052,1,,,0.0,1,,0.0,4,4,1,2,xw98qnqc,,,,,1
190,q13fn0hx,,0,54,53,post_experimental,FinalForProlific,2026-02-15 18:20:57.459052,1,,,0.0,1,,0.0,5,4,1,3,xw98qnqc,,,,,1
190,q13fn0hx,,0,54,53,post_experimental,FinalForProlific,2026-02-15 18:20:57.459052,1,,,0.0,1,,0.0,5,4,1,4,xw98qnqc,,,,,1
190,q13fn0hx,,0,54,53,post_experimental,FinalForProlific,2026-02-15 18:20:57.459052,1,,,0.0,1,,0.0,7,5,1,5,xw98qnqc,,,,,1
190,q13fn0hx,,0,54,53,post_experimental,FinalForProlific,2026-02-15 18:20:57.459052,1,,,0.0,1,,0.0,4,3,1,6,xw98qnqc,,,,,1
190,q13fn0hx,,0,54,53,post_experimental,FinalForProlific,2026-02-15 18:20:57.459052,1,,,0.0,1,,0.0,3,3,1,7,xw98qnqc,,,,,1
190,q13fn0hx,,0,54,53,post_experimental,FinalForProlific,2026-02-15 18:20:57.459052,1,,,0.0,1,,0.0,4,4,1,8,xw98qnqc,,,,,1
190,q13fn0hx,,0,54,53,post_experimental,FinalForProlific,2026-02-15 18:20:57.459052,1,,,0.0,1,,0.0,7,6,1,9,xw98qnqc,,,,,1
190,q13fn0hx,,0,54,53,post_experimental,FinalForProlific,2026-02-15 18:20:57.459052,1,,,0.0,1,,0.0,6,5,1,10,xw98qnqc,,,,,1
190,q13fn0hx,,0,54,53,post_experimental,FinalForProlific,2026-02-15 18:20:57.459052,1,,,0.0,1,,0.0,4,3,1,11,xw98qnqc,,,,,1
190,q13fn0hx,,0,54,53,post_experimental,FinalForProlific,2026-02-15 18:20:57.459052,1,,,0.0,1,,0.0,5,4,1,12,xw98qnqc,,,,,1
190,q13fn0hx,,0,54,53,post_experimental,FinalForProlific,2026-02-15 18:20:57.459052,1,,,0.0,1,,0.0,4,4,1,13,xw98qnqc,,,,,1
190,q13fn0hx,,0,54,53,post_experimental,FinalForProlific,2026-02-15 18:20:57.459052,1,,,0.0,1,,0.0,6,4,1,14,xw98qnqc,,,,,1
190,q13fn0hx,,0,54,53,post_experimental,FinalForProlific,2026-02-15 18:20:57.459052,1,,,0.0,1,,0.0,4,4,1,15,xw98qnqc,,,,,1
190,q13fn0hx,,0,54,53,post_experimental,FinalForProlific,2026-02-15 18:20:57.459052,1,,,0.0,1,,0.0,6,4,1,16,xw98qnqc,,,,,1
191,ifb3vqrs,,0,54,53,post_experimental,FinalForProlific,2026-02-15 18:17:42.459052,1,,,0.0,1,,0.0,2,3,1,1,xw98qnqc,,,,,1
191,ifb3vqrs,,0,54,53,post_experimental,FinalForProlific,2026-02-15 18:17:42.459052,1,,,0.0,1,,0.0,2,4,1,2,xw98qnqc,,,,,1
191,ifb3vqrs,,0,54,53,post_experimental,FinalForProlific,2026-02-15 18:17:42.459052,1,,,0.0,1,,0.0,3,4,1,3,xw98qnqc,,,,,1
191,ifb3vqrs,,0,54,53,post_experimental,FinalForProlific,2026-02-15 18:17:42.459052,1,,,0.0,1,,0.0,5,5,1,4,xw98qnqc,,,,,1
191,ifb3vqrs,,0,54,53,post_experimental,FinalForProlific,2026-02-15 18:17:42.459052,1,,,0.0,1,,0.0,4,4,1,5,xw98qnqc,,,,,1
191,ifb3vqrs,,0,54,53,post_experimental,FinalForProlific,2026-02-15 18:17:42.459052,1,,,0.0,1,,0.0,5,5,1,6,xw98qnqc,,,,,1
191,ifb3vqrs,,0,54,53,post_experimental,FinalForProlific,2026-02-15 18:17:42.459052,1,,,0.0,1,,0.0,3,5,1,7,xw98qnqc,,,,,1
191,ifb3vqrs,,0,54,53,post_experimental,FinalForProlific,2026-02-15 18:17:42.459052,1,,,0.0,1,,0.0,5,3,1,8,xw98qnqc,,,,,1
191,ifb3vqrs,,0,54,53,post_experimental,FinalForProlific,2026-02-15 18:17:42.459052,1,,,0.0,1,,0.0,4,4,1,9,xw98qnqc,,,,,1
191,ifb3vqrs,,0,54,53,post_experimental,FinalForProlific,2026-02-15 18:17:42.459052,1,,,0.0,1,,0.0,4,4,1,10,xw98qnqc,,,,,1
191,ifb3vqrs,,0,54,53,post_experimental,FinalForProlific,2026-02-15 18:17:42.459052,1,,,0.0,1,,0.0,3,3,1,11,xw98qnqc,,,,,1
191,ifb3vqrs,,0,54,53,post_experimental,FinalForProlific,2026-02-15 18:17:42.459052,1,,,0.0,1,,0.0,3,5,1,12,xw98qnqc,,,,,1
191,ifb3vqrs,,0,54,53,post_experimental,FinalForProlific,2026-02-15 18:17:42.459052,1,,,0.0,1,,0.0,3,3,1,13,xw98qnqc,,,,,1
191,ifb3vqrs,,0,54,53,post_experimental,FinalForProlific,2026-02-15 18:17:42.459052,1,,,0.0,1,,0.0,4,5,1,14,xw98qnqc,,,,,1
191,ifb3vqrs,,0,54,53,post_experimental,FinalForProlific,2026-02-15 18:17:42.459052,1,,,0.0,1,,0.0,4,4,1,15,xw98qnqc,,,,,1
191,ifb3vqrs,,0,54,53,post_experimental,FinalForProlific,2026-02-15 18:17:42.459052,1,,,0.0,1,,0.0,4,5,1,16,xw98qnqc,,,,,1
192,36rm5pmr,,0,54,53,post_experimental,FinalForProlific,2026-02-15 17:06:52.459052,1,,,0.0,1,,0.0,4,2,1,1,xw98qnqc,,,,,1
192,36rm5pmr,,0,54,53,post_experimental,FinalForProlific,2026-02-15 17:06:52.459052,1,,,0.0,1,,0.0,4,4,1,2,xw98qnqc,,,,,1
192,36rm5pmr,,0,54,53,post_experimental,FinalForProlific,2026-02-15 17:06:52.459052,1,,,0.0,1,,0.0,4,3,1,3,xw98qnqc,,,,,1
192,36rm5pmr,,0,54,53,post_experimental,FinalForProlific,2026-02-15 17:06:52.459052,1,,,0.0,1,,0.0,5,5,1,4,xw98qnqc,,,,,1
192,36rm5pmr,,0,54,53,post_experimental,FinalForProlific,2026-02-15 17:06:52.459052,1,,,0.0,1,,0.0,6,4,1,5,xw98qnqc,,,,,1
192,36rm5pmr,,0,54,53,post_experimental,FinalForProlific,2026-02-15 17:06:52.459052,1,,,0.0,1,,0.0,4,3,1,6,xw98qnqc,,,,,1
192,36rm5pmr,,0,54,53,post_experimental,FinalForProlific,2026-02-15 17:06:52.459052,1,,,0.0,1,,0.0,4,3,1,7,xw98qnqc,,,,,1
192,36rm5pmr,,0,54,53,post_experimental,FinalForProlific,2026-02-15 17:06:52.459052,1,,,0.0,1,,0.0,7,7,1,8,xw98qnqc,,,,,1
192,36rm5pmr,,0,54,53,post_experimental,FinalForProlific,2026-02-15 17:06:52.459052,1,,,0.0,1,,0.0,6,5,1,9,xw98qnqc,,,,,1
192,36rm5pmr,,0,54,53,post_experimental,FinalForProlific,2026-02-15 17:06:52.459052,1,,,0.0,1,,0.0,7,6,1,10,xw98qnqc,,,,,1
192,36rm5pmr,,0,54,53,post_experimental,FinalForProlific,2026-02-15 17:06:52.459052,1,,,0.0,1,,0.0,4,2,1,11,xw98qnqc,,,,,1
192,36rm5pmr,,0,54,53,post_experimental,FinalForProlific,2026-02-15 17:06:52.459052,1,,,0.0,1,,0.0,5,6,1,12,xw98qnqc,,,,,1
192,36rm5pmr,,0,54,53,post_experimental,FinalForProlific,2026-02-15 17:06:52.459052,1,,,0.0,1,,0.0,3,2,1,13,xw98qnqc,,,,,1
192,36rm5pmr,,0,54,53,post_experimental,FinalForProlific,2026-02-15 17:06:52.459052,1,,,0.0,1,,0.0,5,4,1,14,xw98qnqc,,,,,1
192,36rm5pmr,,0,54,53,post_experimental,FinalForProlific,2026-02-15 17:06:52.459052,1,,,0.0,1,,0.0,6,4,1,15,xw98qnqc,,,,,1
192,36rm5pmr,,0,54,53,post_experimental,FinalForProlific,2026-02-15 17:06:52.459052,1,,,0.0,1,,0.0,5,4,1,16,xw98qnqc,,,,,1
193,1kzqxidh,,0,54,53,post_experimental,FinalForProlific,2026-02-15 17:01:12.459052,1,,,0.0,1,,0.0,6,5,1,1,xw98qnqc,,,,,1
193,1kzqxidh,,0,54,53,post_experimental,FinalForProlific,2026-02-15 17:01:12.459052,1,,,0.0,1,,0.0,4,5,1,2,xw98qnqc,,,,,1
193,1kzqxidh,,0,54,53,post_experimental,FinalForProlific,2026-02-15 17:01:12.459052,1,,,0.0,1,,0.0,2,2,1,3,xw98qnqc,,,,,1
193,1kzqxidh,,0,54,53,post_experimental,FinalForProlific,2026-02-15 17:01:12.459052,1,,,0.0,1,,0.0,5,5,1,4,xw98qnqc,,,,,1
193,1kzqxidh,,0,54,53,post_experimental,FinalForProlific,2026-02-15 17:01:12.459052,1,,,0.0,1,,0.0,6,5,1,5,xw98qnqc,,,,,1
193,1kzqxidh,,0,54,53,post_experimental,FinalForProlific,2026-02-15 17:01:12.459052,1,,,0.0,1,,0.0,3,4,1,6,xw98qnqc,,,,,1
193,1kzqxidh,,0,54,53,post_experimental,FinalForProlific,2026-02-15 17:01:12.459052,1,,,0.0,1,,0.0,2,3,1,7,xw98qnqc,,,,,1
193,1kzqxidh,,0,54,53,post_experimental,FinalForProlific,2026-02-15 17:01:12.459052,1,,,0.0,1,,0.0,5,5,1,8,xw98qnqc,,,,,1
193,1kzqxidh,,0,54,53,post_experimental,FinalForProlific,2026-02-15 17:01:12.459052,1,,,0.0,1,,0.0,7,5,1,9,xw98qnqc,,,,,1
193,1kzqxidh,,0,54,53,post_experimental,FinalForProlific,2026-02-15 17:01:12.459052,1,,,0.0,1,,0.0,4,4,1,10,xw98qnqc,,,,,1
193,1kzqxidh,,0,54,53,post_experimental,FinalForProlific,2026-02-15 17:01:12.459052,1,,,0.0,1,,0.0,5,5,1,11,xw98qnqc,,,,,1
193,1kzqxidh,,0,54,53,post_experimental,FinalForProlific,2026-02-15 17:01:12.459052,1,,,0.0,1,,0.0,6,6,1,12,xw98qnqc,,,,,1
193,1kzqxidh,,0,54,53,post_experimental,FinalForProlific,2026-02-15 17:01:12.459052,1,,,0.0,1,,0.0,4,4,1,13,xw98qnqc,,,,,1
193,1kzqxidh,,0,54,53,post_experimental,FinalForProlific,2026-02-15 17:01:12.459052,1,,,0.0,1,,0.0,4,2,1,14,xw98qnqc,,,,,1
193,1kzqxidh,,0,54,53,post_experimental,FinalForProlific,2026-02-15 17:01:12.459052,1,,,0.0,1,,0.0,4,4,1,15,xw98qnqc,,,,,1
193,1kzqxidh,,0,54,53,post_experimental,FinalForProlific,2026-02-15 17:01:12.459052,1,,,0.0,1,,0.0,4,4,1,16,xw98qnqc,,,,,1
194,dq07xyec,,0,54,53,post_experimental,FinalForProlific,2026-02-15 17:50:40.459052,1,,,0.0,1,,0.0,5,5,1,1,xw98qnqc,,,,,1
194,dq07xyec,,0,54,53,post_experimental,FinalForProlific,2026-02-15 17:50:40.459052,1,,,0.0,1,,0.0,3,4,1,2,xw98qnqc,,,,,1
194,dq07xyec,,0,54,53,post_experimental,FinalForProlific,2026-02-15 17:50:40.459052,1,,,0.0,1,,0.0,2,2,1,3,xw98qnqc,,,,,1
194,dq07xyec,,0,54,53,post_experimental,FinalForProlific,2026-02-15 17:50:40.459052,1,,,0.0,1,,0.0,3,2,1,4,xw98qnqc,,,,,1
194,dq07xyec,,0,54,53,post_experimental,FinalForProlific,2026-02-15 17:50:40.459052,1,,,0.0,1,,0.0,3,3,1,5,xw98qnqc,,,,,1
194,dq07xyec,,0,54,53,post_experimental,FinalForProlific,2026-02-15 17:50:40.459052,1,,,0.0,1,,0.0,2,2,1,6,xw98qnqc,,,,,1
194,dq07xyec,,0,54,53,post_experimental,FinalForProlific,2026-02-15 17:50:40.459052,1,,,0.0,1,,0.0,2,1,1,7,xw98qnqc,,,,,1
194,dq07xyec,,0,54,53,post_experimental,FinalForProlific,2026-02-15 17:50:40.459052,1,,,0.0,1,,0.0,4,4,1,8,xw98qnqc,,,,,1
194,dq07xyec,,0,54,53,post_experimental,FinalForProlific,2026-02-15 17:50:40.459052,1,,,0.0,1,,0.0,4,4,1,9,xw98qnqc,,,,,1
194,dq07xyec,,0,54,53,post_experimental,FinalForProlific,2026-02-15 17:50:40.459052,1,,,0.0,1,,0.0,4,4,1,10,xw98qnqc,,,,,1
194,dq07xyec,,0,54,53,post_experimental,FinalForProlific,2026-02-15 17:50:40.459052,1,,,0.0,1,,0.0,3,4,1,11,xw98qnqc,,,,,1
194,dq07xyec,,0,54,53,post_experimental,FinalForProlific,2026-02-15 17:50:40.459052,1,,,0.0,1,,0.0,2,4,1,12,xw98qnqc,,,,,1
194,dq07xyec,,0,54,53,post_experimental,FinalForProlific,2026-02-15 17:50:40.459052,1,,,0.0,1,,0.0,3,3,1,13,xw98qnqc,,,,,1
194,dq07xyec,,0,54,53,post_experimental,FinalForProlific,2026-02-15 17:50:40.459052,1,,,0.0,1,,0.0,4,3,1,14,xw98qnqc,,,,,1
194,dq07xyec,,0,54,53,post_experimental,FinalForProlific,2026-02-15 17:50:40.459052,1,,,0.0,1,,0.0,3,3,1,15,xw98qnqc,,,,,1
194,dq07xyec,,0,54,53,post_experimental,FinalForProlific,2026-02-15 17:50:40.459052,1,,,0.0,1,,0.0,4,5,1,16,xw98qnqc,,,,,1
195,8g48z9ee,,0,54,53,post_experimental,FinalForProlific,2026-02-15 17:39:16.459052,1,,,0.0,1,,0.0,5,5,1,1,xw98qnqc,,,,,1
195,8g48z9ee,,0,54,53,post_experimental,FinalForProlific,2026-02-15 17:39:16.459052,1,,,0.0,1,,0.0,4,3,1,2,xw98qnqc,,,,,1
195,8g48z9ee,,0,54,53,post_experimental,FinalForProlific,2026-02-15 17:39:16.459052,1,,,0.0,1,,0.0,4,4,1,3,xw98qnqc,,,,,1
195,8g48z9ee,,0,54,53,post_experimental,FinalForProlific,2026-02-15 17:39:16.459052,1,,,0.0,1,,0.0,5,4,1,4,xw98qnqc,,,,,1
195,8g48z9ee,,0,54,53,post_experimental,FinalForProlific,2026-02-15 17:39:16.459052,1,,,0.0,1,,0.0,6,5,1,5,xw98qnqc,,,,,1
195,8g48z9ee,,0,54,53,post_experimental,FinalForProlific,2026-02-15 17:39:16.459052,1,,,0.0,1,,0.0,3,2,1,6,xw98qnqc,,,,,1
195,8g48z9ee,,0,54,53,post_experimental,FinalForProlific,2026-02-15 17:39:16.459052,1,,,0.0,1,,0.0,2,1,1,7,xw98qnqc,,,,,1
195,8g48z9ee,,0,54,53,post_experimental,FinalForProlific,2026-02-15 17:39:16.459052,1,,,0.0,1,,0.0,5,4,1,8,xw98qnqc,,,,,1
195,8g48z9ee,,0,54,53,post_experimental,FinalForProlific,2026-02-15 17:39:16.459052,1,,,0.0,1,,0.0,6,5,1,9,xw98qnqc,,,,,1
195,8g48z9ee,,0,54,53,post_experimental,FinalForProlific,2026-02-15 17:39:16.459052,1,,,0.0,1,,0.0,6,5,1,10,xw98qnqc,,,,,1
195,8g48z9ee,,0,54,53,post_experimental,FinalForProlific,2026-02-15 17:39:16.459052,1,,,0.0,1,,0.0,4,5,1,11,xw98qnqc,,,,,1
195,8g48z9ee,,0,54,53,post_experimental,FinalForProlific,2026-02-15 17:39:16.459052,1,,,0.0,1,,0.0,7,5,1,12,xw98qnqc,,,,,1
195,8g48z9ee,,0,54,53,post_experimental,FinalForProlific,2026-02-15 17:39:16.459052,1,,,0.0,1,,0.0,3,5,1,13,xw98qnqc,,,,,1
195,8g48z9ee,,0,54,53,post_experimental,FinalForProlific,2026-02-15 17:39:16.459052,1,,,0.0,1,,0.0,6,4,1,14,xw98qnqc,,,,,1
195,8g48z9ee,,0,54,53,post_experimental,FinalForProlific,2026-02-15 17:39:16.459052,1,,,0.0,1,,0.0,5,5,1,15,xw98qnqc,,,,,1
195,8g48z9ee,,0,54,53,post_experimental,FinalForProlific,2026-02-15 17:39:16.459052,1,,,0.0,1,,0.0,5,3,1,16,xw98qnqc,,,,,1
196,9gj0mxc1,,0,54,53,post_experimental,FinalForProlific,2026-02-15 18:17:21.459052,1,,,0.0,1,,0.0,4,3,1,1,xw98qnqc,,,,,1
196,9gj0mxc1,,0,54,53,post_experimental,FinalForProlific,2026-02-15 18:17:21.459052,1,,,0.0,1,,0.0,4,3,1,2,xw98qnqc,,,,,1
196,9gj0mxc1,,0,54,53,post_experimental,FinalForProlific,2026-02-15 18:17:21.459052,1,,,0.0,1,,0.0,3,3,1,3,xw98qnqc,,,,,1
196,9gj0mxc1,,0,54,53,post_experimental,FinalForProlific,2026-02-15 18:17:21.459052,1,,,0.0,1,,0.0,4,4,1,4,xw98qnqc,,,,,1
196,9gj0mxc1,,0,54,53,post_experimental,FinalForProlific,2026-02-15 18:17:21.459052,1,,,0.0,1,,0.0,5,6,1,5,xw98qnqc,,,,,1
196,9gj0mxc1,,0,54,53,post_experimental,FinalForProlific,2026-02-15 18:17:21.459052,1,,,0.0,1,,0.0,3,5,1,6,xw98qnqc,,,,,1
196,9gj0mxc1,,0,54,53,post_experimental,FinalForProlific,2026-02-15 18:17:21.459052,1,,,0.0,1,,0.0,3,3,1,7,xw98qnqc,,,,,1
196,9gj0mxc1,,0,54,53,post_experimental,FinalForProlific,2026-02-15 18:17:21.459052,1,,,0.0,1,,0.0,4,4,1,8,xw98qnqc,,,,,1
196,9gj0mxc1,,0,54,53,post_experimental,FinalForProlific,2026-02-15 18:17:21.459052,1,,,0.0,1,,0.0,4,4,1,9,xw98qnqc,,,,,1
196,9gj0mxc1,,0,54,53,post_experimental,FinalForProlific,2026-02-15 18:17:21.459052,1,,,0.0,1,,0.0,3,4,1,10,xw98qnqc,,,,,1
196,9gj0mxc1,,0,54,53,post_experimental,FinalForProlific,2026-02-15 18:17:21.459052,1,,,0.0,1,,0.0,2,2,1,11,xw98qnqc,,,,,1
196,9gj0mxc1,,0,54,53,post_experimental,FinalForProlific,2026-02-15 18:17:21.459052,1,,,0.0,1,,0.0,4,3,1,12,xw98qnqc,,,,,1
196,9gj0mxc1,,0,54,53,post_experimental,FinalForProlific,2026-02-15 18:17:21.459052,1,,,0.0,1,,0.0,4,4,1,13,xw98qnqc,,,,,1
196,9gj0mxc1,,0,54,53,post_experimental,FinalForProlific,2026-02-15 18:17:21.459052,1,,,0.0,1,,0.0,5,5,1,14,xw98qnqc,,,,,1
196,9gj0mxc1,,0,54,53,post_experimental,FinalForProlific,2026-02-15 18:17:21.459052,1,,,0.0,1,,0.0,3,4,1,15,xw98qnqc,,,,,1
196,9gj0mxc1,,0,54,53,post_experimental,FinalForProlific,2026-02-15 18:17:21.459052,1,,,0.0,1,,0.0,6,5,1,16,xw98qnqc,,,,,1
197,zocb1sd3,,0,54,53,post_experimental,FinalForProlific,2026-02-15 17:19:57.459052,1,,,0.0,1,,0.0,4,3,1,1,xw98qnqc,,,,,1
197,zocb1sd3,,0,54,53,post_experimental,FinalForProlific,2026-02-15 17:19:57.459052,1,,,0.0,1,,0.0,2,2,1,2,xw98qnqc,,,,,1
197,zocb1sd3,,0,54,53,post_experimental,FinalForProlific,2026-02-15 17:19:57.459052,1,,,0.0,1,,0.0,3,3,1,3,xw98qnqc,,,,,1
197,zocb1sd3,,0,54,53,post_experimental,FinalForProlific,2026-02-15 17:19:57.459052,1,,,0.0,1,,0.0,4,5,1,4,xw98qnqc,,,,,1
197,zocb1sd3,,0,54,53,post_experimental,FinalForProlific,2026-02-15 17:19:57.459052,1,,,0.0,1,,0.0,5,4,1,5,xw98qnqc,,,,,1
197,zocb1sd3,,0,54,53,post_experimental,FinalForProlific,2026-02-15 17:19:57.459052,1,,,0.0,1,,0.0,2,3,1,6,xw98qnqc,,,,,1
197,zocb1sd3,,0,54,53,post_experimental,FinalForProlific,2026-02-15 17:19:57.459052,1,,,0.0,1,,0.0,3,3,1,7,xw98qnqc,,,,,1
197,zocb1sd3,,0,54,53,post_experimental,FinalForProlific,2026-02-15 17:19:57.459052,1,,,0.0,1,,0.0,4,5,1,8,xw98qnqc,,,,,1
197,zocb1sd3,,0,54,53,post_experimental,FinalForProlific,2026-02-15 17:19:57.459052,1,,,0.0,1,,0.0,6,5,1,9,xw98qnqc,,,,,1
197,zocb1sd3,,0,54,53,post_experimental,FinalForProlific,2026-02-15 17:19:57.459052,1,,,0.0,1,,0.0,5,4,1,10,xw98qnqc,,,,,1
197,zocb1sd3,,0,54,53,post_experimental,FinalForProlific,2026-02-15 17:19:57.459052,1,,,0.0,1,,0.0,4,4,1,11,xw98qnqc,,,,,1
197,zocb1sd3,,0,54,53,post_experimental,FinalForProlific,2026-02-15 17:19:57.459052,1,,,0.0,1,,0.0,5,4,1,12,xw98qnqc,,,,,1
197,zocb1sd3,,0,54,53,post_experimental,FinalForProlific,2026-02-15 17:19:57.459052,1,,,0.0,1,,0.0,4,4,1,13,xw98qnqc,,,,,1
197,zocb1sd3,,0,54,53,post_experimental,FinalForProlific,2026-02-15 17:19:57.459052,1,,,0.0,1,,0.0,4,4,1,14,xw98qnqc,,,,,1
197,zocb1sd3,,0,54,53,post_experimental,FinalForProlific,2026-02-15 17:19:57.459052,1,,,0.0,1,,0.0,4,4,1,15,xw98qnqc,,,,,1
197,zocb1sd3,,0,54,53,post_experimental,FinalForProlific,2026-02-15 17:19:57.459052,1,,,0.0,1,,0.0,4,4,1,16,xw98qnqc,,,,,1
198,ghthihts,,0,54,53,post_experimental,FinalForProlific,2026-02-15 18:07:11.459052,1,,,0.0,1,,0.0,4,4,1,1,xw98qnqc,,,,,1
198,ghthihts,,0,54,53,post_experimental,FinalForProlific,2026-02-15 18:07:11.459052,1,,,0.0,1,,0.0,3,1,1,2,xw98qnqc,,,,,1
198,ghthihts,,0,54,53,post_experimental,FinalForProlific,2026-02-15 18:07:11.459052,1,,,0.0,1,,0.0,3,3,1,3,xw98qnqc,,,,,1
198,ghthihts,,0,54,53,post_experimental,FinalForProlific,2026-02-15 18:07:11.459052,1,,,0.0,1,,0.0,4,4,1,4,xw98qnqc,,,,,1
198,ghthihts,,0,54,53,post_experimental,FinalForProlific,2026-02-15 18:07:11.459052,1,,,0.0,1,,0.0,5,5,1,5,xw98qnqc,,,,,1
198,ghthihts,,0,54,53,post_experimental,FinalForProlific,2026-02-15 18:07:11.459052,1,,,0.0,1,,0.0,3,3,1,6,xw98qnqc,,,,,1
198,ghthihts,,0,54,53,post_experimental,FinalForProlific,2026-02-15 18:07:11.459052,1,,,0.0,1,,0.0,5,4,1,7,xw98qnqc,,,,,1
198,ghthihts,,0,54,53,post_experimental,FinalForProlific,2026-02-15 18:07:11.459052,1,,,0.0,1,,0.0,5,4,1,8,xw98qnqc,,,,,1
198,ghthihts,,0,54,53,post_experimental,FinalForProlific,2026-02-15 18:07:11.459052,1,,,0.0,1,,0.0,6,6,1,9,xw98qnqc,,,,,1
198,ghthihts,,0,54,53,post_experimental,FinalForProlific,2026-02-15 18:07:11.459052,1,,,0.0,1,,0.0,5,3,1,10,xw98qnqc,,,,,1
198,ghthihts,,0,54,53,post_experimental,FinalForProlific,2026-02-15 18:07:11.459052,1,,,0.0,1,,0.0,5,4,1,11,xw98qnqc,,,,,1
198,ghthihts,,0,54,53,post_experimental,FinalForProlific,2026-02-15 18:07:11.459052,1,,,0.0,1,,0.0,6,5,1,12,xw98qnqc,,,,,1
198,ghthihts,,0,54,53,post_experimental,FinalForProlific,2026-02-15 18:07:11.459052,1,,,0.0,1,,0.0,5,3,1,13,xw98qnqc,,,,,1
198,ghthihts,,0,54,53,post_experimental,FinalForProlific,2026-02-15 18:07:11.459052,1,,,0.0,1,,0.0,2,3,1,14,xw98qnqc,,,,,1
198,ghthihts,,0,54,53,post_experimental,FinalForProlific,2026-02-15 18:07:11.459052,1,,,0.0,1,,0.0,3,4,1,15,xw98qnqc,,,,,1
198,ghthihts,,0,54,53,post_experimental,FinalForProlific,2026-02-15 18:07:11.459052,1,,,0.0,1,,0.0,5,5,1,16,xw98qnqc,,,,,1
199,3pr5c37k,,0,54,53,post_experimental,FinalForProlific,2026-02-15 17:53:45.459052,1,,,0.0,1,,0.0,4,4,1,1,xw98qnqc,,,,,1
199,3pr5c37k,,0,54,53,post_experimental,FinalForProlific,2026-02-15 17:53:45.459052,1,,,0.0,1,,0.0,3,2,1,2,xw98qnqc,,,,,1
199,3pr5c37k,,0,54,53,post_experimental,FinalForProlific,2026-02-15 17:53:45.459052,1,,,0.0,1,,0.0,2,2,1,3,xw98qnqc,,,,,1
199,3pr5c37k,,0,54,53,post_experimental,FinalForProlific,2026-02-15 17:53:45.459052,1,,,0.0,1,,0.0,5,5,1,4,xw98qnqc,,,,,1
199,3pr5c37k,,0,54,53,post_experimental,FinalForProlific,2026-02-15 17:53:45.459052,1,,,0.0,1,,0.0,5,5,1,5,xw98qnqc,,,,,1
199,3pr5c37k,,0,54,53,post_experimental,FinalForProlific,2026-02-15 17:53:45.459052,1,,,0.0,1,,0.0,3,2,1,6,xw98qnqc,,,,,1
199,3pr5c37k,,0,54,53,post_experimental,FinalForProlific,2026-02-15 17:53:45.459052,1,,,0.0,1,,0.0,4,4,1,7,xw98qnqc,,,,,1
199,3pr5c37k,,0,54,53,post_experimental,FinalForProlific,2026-02-15 17:53:45.459052,1,,,0.0,1,,0.0,5,5,1,8,xw98qnqc,,,,,1
199,3pr5c37k,,0,54,53,post_experimental,FinalForProlific,2026-02-15 17:53:45.459052,1,,,0.0,1,,0.0,5,6,1,9,xw98qnqc,,,,,1
199,3pr5c37k,,0,54,53,post_experimental,FinalForProlific,2026-02-15 17:53:45.459052,1,,,0.0,1,,0.0,4,4,1,10,xw98qnqc,,,,,1
199,3pr5c37k,,0,54,53,post_experimental,FinalForProlific,2026-02-15 17:53:45.459052,1,,,0.0,1,,0.0,4,5,1,11,xw98qnqc,,,,,1
199,3pr5c37k,,0,54,53,post_experimental,FinalForProlific,2026-02-15 17:53:45.459052,1,,,0.0,1,,0.0,5,6,1,12,xw98qnqc,,,,,1
199,3pr5c37k,,0,54,53,post_experimental,FinalForProlific,2026-02-15 17:53:45.459052,1,,,0.0,1,,0.0,5,5,1,13,xw98qnqc,,,,,1
199,3pr5c37k,,0,54,53,post_experimental,FinalForProlific,2026-02-15 17:53:45.459052,1,,,0.0,1,,0.0,4,3,1,14,xw98qnqc,,,,,1
199,3pr5c37k,,0,54,53,post_experimental,FinalForProlific,2026-02-15 17:53:45.459052,1,,,0.0,1,,0.0,4,4,1,15,xw98qnqc,,,,,1
199,3pr5c37k,,0,54,53,post_experimental,FinalForProlific,2026-02-15 17:53:45.459052,1,,,0.0,1,,0.0,5,3,1,16,xw98qnqc,,,,,1
200,7tuqjvpn,,0,54,53,post_experimental,FinalForProlific,2026-02-15 17:38:27.459052,1,,,0.0,1,,0.0,4,4,1,1,xw98qnqc,,,,,1
200,7tuqjvpn,,0,54,53,post_experimental,FinalForProlific,2026-02-15 17:38:27.459052,1,,,0.0,1,,0.0,3,4,1,2,xw98qnqc,,,,,1
200,7tuqjvpn,,0,54,53,post_experimental,FinalForProlific,2026-02-15 17:38:27.459052,1,,,0.0,1,,0.0,4,4,1,3,xw98qnqc,,,,,1
200,7tuqjvpn,,0,54,53,post_experimental,FinalForProlific,2026-02-15 17:38:27.459052,1,,,0.0,1,,0.0,5,4,1,4,xw98qnqc,,,,,1
200,7tuqjvpn,,0,54,53,post_experimental,FinalForProlific,2026-02-15 17:38:27.459052,1,,,0.0,1,,0.0,4,6,1,5,xw98qnqc,,,,,1
200,7tuqjvpn,,0,54,53,post_experimental,FinalForProlific,2026-02-15 17:38:27.459052,1,,,0.0,1,,0.0,3,4,1,6,xw98qnqc,,,,,1
200,7tuqjvpn,,0,54,53,post_experimental,FinalForProlific,2026-02-15 17:38:27.459052,1,,,0.0,1,,0.0,2,3,1,7,xw98qnqc,,,,,1
200,7tuqjvpn,,0,54,53,post_experimental,FinalForProlific,2026-02-15 17:38:27.459052,1,,,0.0,1,,0.0,5,5,1,8,xw98qnqc,,,,,1
200,7tuqjvpn,,0,54,53,post_experimental,FinalForProlific,2026-02-15 17:38:27.459052,1,,,0.0,1,,0.0,5,6,1,9,xw98qnqc,,,,,1
200,7tuqjvpn,,0,54,53,post_experimental,FinalForProlific,2026-02-15 17:38:27.459052,1,,,0.0,1,,0.0,7,6,1,10,xw98qnqc,,,,,1
200,7tuqjvpn,,0,54,53,post_experimental,FinalForProlific,2026-02-15 17:38:27.459052,1,,,0.0,1,,0.0,3,4,1,11,xw98qnqc,,,,,1
200,7tuqjvpn,,0,54,53,post_experimental,FinalForProlific,2026-02-15 17:38:27.459052,1,,,0.0,1,,0.0,5,6,1,12,xw98qnqc,,,,,1
200,7tuqjvpn,,0,54,53,post_experimental,FinalForProlific,2026-02-15 17:38:27.459052,1,,,0.0,1,,0.0,4,5,1,13,xw98qnqc,,,,,1
200,7tuqjvpn,,0,54,53,post_experimental,FinalForProlific,2026-02-15 17:38:27.459052,1,,,0.0,1,,0.0,5,5,1,14,xw98qnqc,,,,,1
200,7tuqjvpn,,0,54,53,post_experimental,FinalForProlific,2026-02-15 17:38:27.459052,1,,,0.0,1,,0.0,5,4,1,15,xw98qnqc,,,,,1
200,7tuqjvpn,,0,54,53,post_experimental,FinalForProlific,2026-02-15 17:38:27.459052,1,,,0.0,1,,0.0,4,4,1,16,xw98qnqc,,,,,1
